ISO-10303-21;
HEADER;
FILE_DESCRIPTION(('Open CASCADE Model'),'2;1');
FILE_NAME('Open CASCADE Shape Model','2026-10-01T13:28:03',('Author'),(
    'Open CASCADE'),'Open CASCADE STEP processor 8.0','build123d',
  'Unknown');
FILE_SCHEMA(('AUTOMOTIVE_DESIGN { 1 0 10303 214 1 1 1 1 }'));
ENDSEC;
DATA;
#1 = APPLICATION_PROTOCOL_DEFINITION('international standard',
  'automotive_design',2000,#2);
#2 = APPLICATION_CONTEXT(
  'core data for automotive mechanical design processes');
#3 = SHAPE_DEFINITION_REPRESENTATION(#4,#10);
#4 = PRODUCT_DEFINITION_SHAPE('','',#5);
#5 = PRODUCT_DEFINITION('design','',#6,#9);
#6 = PRODUCT_DEFINITION_FORMATION('','',#7);
#7 = PRODUCT('COMPOUND','COMPOUND','',(#8));
#8 = PRODUCT_CONTEXT('',#2,'mechanical');
#9 = PRODUCT_DEFINITION_CONTEXT('part definition',#2,'design');
#10 = SHAPE_REPRESENTATION('',(#11,#15,#19,#23,#27,#31,#35),#39);
#11 = AXIS2_PLACEMENT_3D('',#12,#13,#14);
#12 = CARTESIAN_POINT('',(0.,0.,0.));
#13 = DIRECTION('',(0.,0.,1.));
#14 = DIRECTION('',(1.,0.,-0.));
#15 = AXIS2_PLACEMENT_3D('',#16,#17,#18);
#16 = CARTESIAN_POINT('',(0.,0.,0.));
#17 = DIRECTION('',(0.,0.,1.));
#18 = DIRECTION('',(1.,0.,-0.));
#19 = AXIS2_PLACEMENT_3D('',#20,#21,#22);
#20 = CARTESIAN_POINT('',(0.,0.,0.));
#21 = DIRECTION('',(0.,0.,1.));
#22 = DIRECTION('',(1.,0.,-0.));
#23 = AXIS2_PLACEMENT_3D('',#24,#25,#26);
#24 = CARTESIAN_POINT('',(0.,0.,0.));
#25 = DIRECTION('',(0.,0.,1.));
#26 = DIRECTION('',(1.,0.,-0.));
#27 = AXIS2_PLACEMENT_3D('',#28,#29,#30);
#28 = CARTESIAN_POINT('',(0.,0.,0.));
#29 = DIRECTION('',(0.,0.,1.));
#30 = DIRECTION('',(1.,0.,-0.));
#31 = AXIS2_PLACEMENT_3D('',#32,#33,#34);
#32 = CARTESIAN_POINT('',(452.,0.,200.));
#33 = DIRECTION('',(0.,0.,1.));
#34 = DIRECTION('',(1.,0.,-0.));
#35 = AXIS2_PLACEMENT_3D('',#36,#37,#38);
#36 = CARTESIAN_POINT('',(0.,0.,0.));
#37 = DIRECTION('',(0.,0.,1.));
#38 = DIRECTION('',(1.,0.,-0.));
#39 = ( GEOMETRIC_REPRESENTATION_CONTEXT(3) 
GLOBAL_UNCERTAINTY_ASSIGNED_CONTEXT((#43)) GLOBAL_UNIT_ASSIGNED_CONTEXT(
(#40,#41,#42)) REPRESENTATION_CONTEXT('Context #1',
  '3D Context with UNIT and UNCERTAINTY') );
#40 = ( LENGTH_UNIT() NAMED_UNIT(*) SI_UNIT(.MILLI.,.METRE.) );
#41 = ( NAMED_UNIT(*) PLANE_ANGLE_UNIT() SI_UNIT($,.RADIAN.) );
#42 = ( NAMED_UNIT(*) SI_UNIT($,.STERADIAN.) SOLID_ANGLE_UNIT() );
#43 = UNCERTAINTY_MEASURE_WITH_UNIT(LENGTH_MEASURE(1.E-07),#40,
  'distance_accuracy_value','confusion accuracy');
#44 = PRODUCT_RELATED_PRODUCT_CATEGORY('part',$,(#7));
#45 = SHAPE_DEFINITION_REPRESENTATION(#46,#52);
#46 = PRODUCT_DEFINITION_SHAPE('','',#47);
#47 = PRODUCT_DEFINITION('design','',#48,#51);
#48 = PRODUCT_DEFINITION_FORMATION('','',#49);
#49 = PRODUCT('COMPOUND','COMPOUND','',(#50));
#50 = PRODUCT_CONTEXT('',#2,'mechanical');
#51 = PRODUCT_DEFINITION_CONTEXT('part definition',#2,'design');
#52 = ADVANCED_BREP_SHAPE_REPRESENTATION('',(#11,#53),#2009);
#53 = BREP_WITH_VOIDS('',#54,(#1679));
#54 = CLOSED_SHELL('',(#55,#175,#313,#368,#507,#583,#654,#681,#708,#735,
    #817,#893,#969,#1045,#1222,#1367,#1421,#1475,#1543,#1570,#1597,#1604
    ,#1635,#1668));
#55 = ADVANCED_FACE('',(#56),#70,.F.);
#56 = FACE_BOUND('',#57,.F.);
#57 = EDGE_LOOP('',(#58,#93,#121,#149));
#58 = ORIENTED_EDGE('',*,*,#59,.F.);
#59 = EDGE_CURVE('',#60,#62,#64,.T.);
#60 = VERTEX_POINT('',#61);
#61 = CARTESIAN_POINT('',(420.,-200.,130.));
#62 = VERTEX_POINT('',#63);
#63 = CARTESIAN_POINT('',(420.,200.,130.));
#64 = SURFACE_CURVE('',#65,(#69,#81),.PCURVE_S1.);
#65 = LINE('',#66,#67);
#66 = CARTESIAN_POINT('',(420.,-220.,130.));
#67 = VECTOR('',#68,1.);
#68 = DIRECTION('',(-0.,1.,0.));
#69 = PCURVE('',#70,#75);
#70 = PLANE('',#71);
#71 = AXIS2_PLACEMENT_3D('',#72,#73,#74);
#72 = CARTESIAN_POINT('',(420.,-220.,90.));
#73 = DIRECTION('',(1.,0.,-0.));
#74 = DIRECTION('',(0.,0.,1.));
#75 = DEFINITIONAL_REPRESENTATION('',(#76),#80);
#76 = LINE('',#77,#78);
#77 = CARTESIAN_POINT('',(40.,0.));
#78 = VECTOR('',#79,1.);
#79 = DIRECTION('',(0.,-1.));
#80 = ( GEOMETRIC_REPRESENTATION_CONTEXT(2) 
PARAMETRIC_REPRESENTATION_CONTEXT() REPRESENTATION_CONTEXT('2D SPACE',''
  ) );
#81 = PCURVE('',#82,#87);
#82 = PLANE('',#83);
#83 = AXIS2_PLACEMENT_3D('',#84,#85,#86);
#84 = CARTESIAN_POINT('',(420.,-220.,130.));
#85 = DIRECTION('',(0.,0.,1.));
#86 = DIRECTION('',(1.,0.,-0.));
#87 = DEFINITIONAL_REPRESENTATION('',(#88),#92);
#88 = LINE('',#89,#90);
#89 = CARTESIAN_POINT('',(0.,0.));
#90 = VECTOR('',#91,1.);
#91 = DIRECTION('',(0.,1.));
#92 = ( GEOMETRIC_REPRESENTATION_CONTEXT(2) 
PARAMETRIC_REPRESENTATION_CONTEXT() REPRESENTATION_CONTEXT('2D SPACE',''
  ) );
#93 = ORIENTED_EDGE('',*,*,#94,.F.);
#94 = EDGE_CURVE('',#95,#60,#97,.T.);
#95 = VERTEX_POINT('',#96);
#96 = CARTESIAN_POINT('',(420.,-200.,90.));
#97 = SURFACE_CURVE('',#98,(#102,#109),.PCURVE_S1.);
#98 = LINE('',#99,#100);
#99 = CARTESIAN_POINT('',(420.,-200.,90.));
#100 = VECTOR('',#101,1.);
#101 = DIRECTION('',(-0.,-0.,1.));
#102 = PCURVE('',#70,#103);
#103 = DEFINITIONAL_REPRESENTATION('',(#104),#108);
#104 = LINE('',#105,#106);
#105 = CARTESIAN_POINT('',(0.,-20.));
#106 = VECTOR('',#107,1.);
#107 = DIRECTION('',(1.,0.));
#108 = ( GEOMETRIC_REPRESENTATION_CONTEXT(2) 
PARAMETRIC_REPRESENTATION_CONTEXT() REPRESENTATION_CONTEXT('2D SPACE',''
  ) );
#109 = PCURVE('',#110,#115);
#110 = PLANE('',#111);
#111 = AXIS2_PLACEMENT_3D('',#112,#113,#114);
#112 = CARTESIAN_POINT('',(230.,-200.,90.));
#113 = DIRECTION('',(-0.,-1.,0.));
#114 = DIRECTION('',(0.,0.,-1.));
#115 = DEFINITIONAL_REPRESENTATION('',(#116),#120);
#116 = LINE('',#117,#118);
#117 = CARTESIAN_POINT('',(-0.,190.));
#118 = VECTOR('',#119,1.);
#119 = DIRECTION('',(-1.,0.));
#120 = ( GEOMETRIC_REPRESENTATION_CONTEXT(2) 
PARAMETRIC_REPRESENTATION_CONTEXT() REPRESENTATION_CONTEXT('2D SPACE',''
  ) );
#121 = ORIENTED_EDGE('',*,*,#122,.T.);
#122 = EDGE_CURVE('',#95,#123,#125,.T.);
#123 = VERTEX_POINT('',#124);
#124 = CARTESIAN_POINT('',(420.,200.,90.));
#125 = SURFACE_CURVE('',#126,(#130,#137),.PCURVE_S1.);
#126 = LINE('',#127,#128);
#127 = CARTESIAN_POINT('',(420.,-220.,90.));
#128 = VECTOR('',#129,1.);
#129 = DIRECTION('',(-0.,1.,0.));
#130 = PCURVE('',#70,#131);
#131 = DEFINITIONAL_REPRESENTATION('',(#132),#136);
#132 = LINE('',#133,#134);
#133 = CARTESIAN_POINT('',(0.,0.));
#134 = VECTOR('',#135,1.);
#135 = DIRECTION('',(0.,-1.));
#136 = ( GEOMETRIC_REPRESENTATION_CONTEXT(2) 
PARAMETRIC_REPRESENTATION_CONTEXT() REPRESENTATION_CONTEXT('2D SPACE',''
  ) );
#137 = PCURVE('',#138,#143);
#138 = PLANE('',#139);
#139 = AXIS2_PLACEMENT_3D('',#140,#141,#142);
#140 = CARTESIAN_POINT('',(420.,-220.,90.));
#141 = DIRECTION('',(0.,0.,1.));
#142 = DIRECTION('',(1.,0.,-0.));
#143 = DEFINITIONAL_REPRESENTATION('',(#144),#148);
#144 = LINE('',#145,#146);
#145 = CARTESIAN_POINT('',(0.,0.));
#146 = VECTOR('',#147,1.);
#147 = DIRECTION('',(0.,1.));
#148 = ( GEOMETRIC_REPRESENTATION_CONTEXT(2) 
PARAMETRIC_REPRESENTATION_CONTEXT() REPRESENTATION_CONTEXT('2D SPACE',''
  ) );
#149 = ORIENTED_EDGE('',*,*,#150,.T.);
#150 = EDGE_CURVE('',#123,#62,#151,.T.);
#151 = SURFACE_CURVE('',#152,(#156,#163),.PCURVE_S1.);
#152 = LINE('',#153,#154);
#153 = CARTESIAN_POINT('',(420.,200.,90.));
#154 = VECTOR('',#155,1.);
#155 = DIRECTION('',(0.,0.,1.));
#156 = PCURVE('',#70,#157);
#157 = DEFINITIONAL_REPRESENTATION('',(#158),#162);
#158 = LINE('',#159,#160);
#159 = CARTESIAN_POINT('',(0.,-420.));
#160 = VECTOR('',#161,1.);
#161 = DIRECTION('',(1.,0.));
#162 = ( GEOMETRIC_REPRESENTATION_CONTEXT(2) 
PARAMETRIC_REPRESENTATION_CONTEXT() REPRESENTATION_CONTEXT('2D SPACE',''
  ) );
#163 = PCURVE('',#164,#169);
#164 = PLANE('',#165);
#165 = AXIS2_PLACEMENT_3D('',#166,#167,#168);
#166 = CARTESIAN_POINT('',(230.,200.,90.));
#167 = DIRECTION('',(-0.,1.,0.));
#168 = DIRECTION('',(0.,0.,1.));
#169 = DEFINITIONAL_REPRESENTATION('',(#170),#174);
#170 = LINE('',#171,#172);
#171 = CARTESIAN_POINT('',(0.,190.));
#172 = VECTOR('',#173,1.);
#173 = DIRECTION('',(1.,0.));
#174 = ( GEOMETRIC_REPRESENTATION_CONTEXT(2) 
PARAMETRIC_REPRESENTATION_CONTEXT() REPRESENTATION_CONTEXT('2D SPACE',''
  ) );
#175 = ADVANCED_FACE('',(#176,#251,#282),#110,.F.);
#176 = FACE_BOUND('',#177,.T.);
#177 = EDGE_LOOP('',(#178,#201,#229,#250));
#178 = ORIENTED_EDGE('',*,*,#179,.F.);
#179 = EDGE_CURVE('',#180,#95,#182,.T.);
#180 = VERTEX_POINT('',#181);
#181 = CARTESIAN_POINT('',(230.,-200.,90.));
#182 = SURFACE_CURVE('',#183,(#187,#194),.PCURVE_S1.);
#183 = LINE('',#184,#185);
#184 = CARTESIAN_POINT('',(230.,-200.,90.));
#185 = VECTOR('',#186,1.);
#186 = DIRECTION('',(1.,-0.,-0.));
#187 = PCURVE('',#110,#188);
#188 = DEFINITIONAL_REPRESENTATION('',(#189),#193);
#189 = LINE('',#190,#191);
#190 = CARTESIAN_POINT('',(-0.,0.));
#191 = VECTOR('',#192,1.);
#192 = DIRECTION('',(0.,1.));
#193 = ( GEOMETRIC_REPRESENTATION_CONTEXT(2) 
PARAMETRIC_REPRESENTATION_CONTEXT() REPRESENTATION_CONTEXT('2D SPACE',''
  ) );
#194 = PCURVE('',#138,#195);
#195 = DEFINITIONAL_REPRESENTATION('',(#196),#200);
#196 = LINE('',#197,#198);
#197 = CARTESIAN_POINT('',(-190.,20.));
#198 = VECTOR('',#199,1.);
#199 = DIRECTION('',(1.,-0.));
#200 = ( GEOMETRIC_REPRESENTATION_CONTEXT(2) 
PARAMETRIC_REPRESENTATION_CONTEXT() REPRESENTATION_CONTEXT('2D SPACE',''
  ) );
#201 = ORIENTED_EDGE('',*,*,#202,.T.);
#202 = EDGE_CURVE('',#180,#203,#205,.T.);
#203 = VERTEX_POINT('',#204);
#204 = CARTESIAN_POINT('',(230.,-200.,130.));
#205 = SURFACE_CURVE('',#206,(#210,#217),.PCURVE_S1.);
#206 = LINE('',#207,#208);
#207 = CARTESIAN_POINT('',(230.,-200.,90.));
#208 = VECTOR('',#209,1.);
#209 = DIRECTION('',(-0.,-0.,1.));
#210 = PCURVE('',#110,#211);
#211 = DEFINITIONAL_REPRESENTATION('',(#212),#216);
#212 = LINE('',#213,#214);
#213 = CARTESIAN_POINT('',(-0.,0.));
#214 = VECTOR('',#215,1.);
#215 = DIRECTION('',(-1.,0.));
#216 = ( GEOMETRIC_REPRESENTATION_CONTEXT(2) 
PARAMETRIC_REPRESENTATION_CONTEXT() REPRESENTATION_CONTEXT('2D SPACE',''
  ) );
#217 = PCURVE('',#218,#223);
#218 = PLANE('',#219);
#219 = AXIS2_PLACEMENT_3D('',#220,#221,#222);
#220 = CARTESIAN_POINT('',(230.,-200.,90.));
#221 = DIRECTION('',(1.,-0.,-0.));
#222 = DIRECTION('',(0.,0.,-1.));
#223 = DEFINITIONAL_REPRESENTATION('',(#224),#228);
#224 = LINE('',#225,#226);
#225 = CARTESIAN_POINT('',(-0.,0.));
#226 = VECTOR('',#227,1.);
#227 = DIRECTION('',(-1.,0.));
#228 = ( GEOMETRIC_REPRESENTATION_CONTEXT(2) 
PARAMETRIC_REPRESENTATION_CONTEXT() REPRESENTATION_CONTEXT('2D SPACE',''
  ) );
#229 = ORIENTED_EDGE('',*,*,#230,.T.);
#230 = EDGE_CURVE('',#203,#60,#231,.T.);
#231 = SURFACE_CURVE('',#232,(#236,#243),.PCURVE_S1.);
#232 = LINE('',#233,#234);
#233 = CARTESIAN_POINT('',(230.,-200.,130.));
#234 = VECTOR('',#235,1.);
#235 = DIRECTION('',(1.,-0.,-0.));
#236 = PCURVE('',#110,#237);
#237 = DEFINITIONAL_REPRESENTATION('',(#238),#242);
#238 = LINE('',#239,#240);
#239 = CARTESIAN_POINT('',(-40.,0.));
#240 = VECTOR('',#241,1.);
#241 = DIRECTION('',(0.,1.));
#242 = ( GEOMETRIC_REPRESENTATION_CONTEXT(2) 
PARAMETRIC_REPRESENTATION_CONTEXT() REPRESENTATION_CONTEXT('2D SPACE',''
  ) );
#243 = PCURVE('',#82,#244);
#244 = DEFINITIONAL_REPRESENTATION('',(#245),#249);
#245 = LINE('',#246,#247);
#246 = CARTESIAN_POINT('',(-190.,20.));
#247 = VECTOR('',#248,1.);
#248 = DIRECTION('',(1.,-0.));
#249 = ( GEOMETRIC_REPRESENTATION_CONTEXT(2) 
PARAMETRIC_REPRESENTATION_CONTEXT() REPRESENTATION_CONTEXT('2D SPACE',''
  ) );
#250 = ORIENTED_EDGE('',*,*,#94,.F.);
#251 = FACE_BOUND('',#252,.T.);
#252 = EDGE_LOOP('',(#253));
#253 = ORIENTED_EDGE('',*,*,#254,.T.);
#254 = EDGE_CURVE('',#255,#255,#257,.T.);
#255 = VERTEX_POINT('',#256);
#256 = CARTESIAN_POINT('',(355.5,-200.,110.));
#257 = SURFACE_CURVE('',#258,(#263,#270),.PCURVE_S1.);
#258 = CIRCLE('',#259,5.5);
#259 = AXIS2_PLACEMENT_3D('',#260,#261,#262);
#260 = CARTESIAN_POINT('',(350.,-200.,110.));
#261 = DIRECTION('',(-0.,-1.,-2.22044604925E-16));
#262 = DIRECTION('',(1.,-0.,-0.));
#263 = PCURVE('',#110,#264);
#264 = DEFINITIONAL_REPRESENTATION('',(#265),#269);
#265 = CIRCLE('',#266,5.5);
#266 = AXIS2_PLACEMENT_2D('',#267,#268);
#267 = CARTESIAN_POINT('',(-20.,120.));
#268 = DIRECTION('',(-0.,1.));
#269 = ( GEOMETRIC_REPRESENTATION_CONTEXT(2) 
PARAMETRIC_REPRESENTATION_CONTEXT() REPRESENTATION_CONTEXT('2D SPACE',''
  ) );
#270 = PCURVE('',#271,#276);
#271 = CYLINDRICAL_SURFACE('',#272,5.5);
#272 = AXIS2_PLACEMENT_3D('',#273,#274,#275);
#273 = CARTESIAN_POINT('',(350.,-203.,110.));
#274 = DIRECTION('',(-0.,1.,2.22044604925E-16));
#275 = DIRECTION('',(1.,0.,0.));
#276 = DEFINITIONAL_REPRESENTATION('',(#277),#281);
#277 = LINE('',#278,#279);
#278 = CARTESIAN_POINT('',(-0.,3.));
#279 = VECTOR('',#280,1.);
#280 = DIRECTION('',(-1.,0.));
#281 = ( GEOMETRIC_REPRESENTATION_CONTEXT(2) 
PARAMETRIC_REPRESENTATION_CONTEXT() REPRESENTATION_CONTEXT('2D SPACE',''
  ) );
#282 = FACE_BOUND('',#283,.T.);
#283 = EDGE_LOOP('',(#284));
#284 = ORIENTED_EDGE('',*,*,#285,.T.);
#285 = EDGE_CURVE('',#286,#286,#288,.T.);
#286 = VERTEX_POINT('',#287);
#287 = CARTESIAN_POINT('',(375.5,-200.,110.));
#288 = SURFACE_CURVE('',#289,(#294,#301),.PCURVE_S1.);
#289 = CIRCLE('',#290,5.5);
#290 = AXIS2_PLACEMENT_3D('',#291,#292,#293);
#291 = CARTESIAN_POINT('',(370.,-200.,110.));
#292 = DIRECTION('',(-0.,-1.,-2.22044604925E-16));
#293 = DIRECTION('',(1.,-0.,-0.));
#294 = PCURVE('',#110,#295);
#295 = DEFINITIONAL_REPRESENTATION('',(#296),#300);
#296 = CIRCLE('',#297,5.5);
#297 = AXIS2_PLACEMENT_2D('',#298,#299);
#298 = CARTESIAN_POINT('',(-20.,140.));
#299 = DIRECTION('',(-0.,1.));
#300 = ( GEOMETRIC_REPRESENTATION_CONTEXT(2) 
PARAMETRIC_REPRESENTATION_CONTEXT() REPRESENTATION_CONTEXT('2D SPACE',''
  ) );
#301 = PCURVE('',#302,#307);
#302 = CYLINDRICAL_SURFACE('',#303,5.5);
#303 = AXIS2_PLACEMENT_3D('',#304,#305,#306);
#304 = CARTESIAN_POINT('',(370.,-203.,110.));
#305 = DIRECTION('',(-0.,1.,2.22044604925E-16));
#306 = DIRECTION('',(1.,0.,0.));
#307 = DEFINITIONAL_REPRESENTATION('',(#308),#312);
#308 = LINE('',#309,#310);
#309 = CARTESIAN_POINT('',(-0.,3.));
#310 = VECTOR('',#311,1.);
#311 = DIRECTION('',(-1.,0.));
#312 = ( GEOMETRIC_REPRESENTATION_CONTEXT(2) 
PARAMETRIC_REPRESENTATION_CONTEXT() REPRESENTATION_CONTEXT('2D SPACE',''
  ) );
#313 = ADVANCED_FACE('',(#314),#302,.F.);
#314 = FACE_BOUND('',#315,.T.);
#315 = EDGE_LOOP('',(#316,#317,#340,#367));
#316 = ORIENTED_EDGE('',*,*,#285,.F.);
#317 = ORIENTED_EDGE('',*,*,#318,.F.);
#318 = EDGE_CURVE('',#319,#286,#321,.T.);
#319 = VERTEX_POINT('',#320);
#320 = CARTESIAN_POINT('',(375.5,-202.,110.));
#321 = SEAM_CURVE('',#322,(#326,#333),.PCURVE_S1.);
#322 = LINE('',#323,#324);
#323 = CARTESIAN_POINT('',(375.5,-203.,110.));
#324 = VECTOR('',#325,1.);
#325 = DIRECTION('',(-0.,1.,2.22044604925E-16));
#326 = PCURVE('',#302,#327);
#327 = DEFINITIONAL_REPRESENTATION('',(#328),#332);
#328 = LINE('',#329,#330);
#329 = CARTESIAN_POINT('',(-6.28318530718,-0.));
#330 = VECTOR('',#331,1.);
#331 = DIRECTION('',(-0.,1.));
#332 = ( GEOMETRIC_REPRESENTATION_CONTEXT(2) 
PARAMETRIC_REPRESENTATION_CONTEXT() REPRESENTATION_CONTEXT('2D SPACE',''
  ) );
#333 = PCURVE('',#302,#334);
#334 = DEFINITIONAL_REPRESENTATION('',(#335),#339);
#335 = LINE('',#336,#337);
#336 = CARTESIAN_POINT('',(-0.,-0.));
#337 = VECTOR('',#338,1.);
#338 = DIRECTION('',(-0.,1.));
#339 = ( GEOMETRIC_REPRESENTATION_CONTEXT(2) 
PARAMETRIC_REPRESENTATION_CONTEXT() REPRESENTATION_CONTEXT('2D SPACE',''
  ) );
#340 = ORIENTED_EDGE('',*,*,#341,.T.);
#341 = EDGE_CURVE('',#319,#319,#342,.T.);
#342 = SURFACE_CURVE('',#343,(#348,#355),.PCURVE_S1.);
#343 = CIRCLE('',#344,5.5);
#344 = AXIS2_PLACEMENT_3D('',#345,#346,#347);
#345 = CARTESIAN_POINT('',(370.,-202.,110.));
#346 = DIRECTION('',(-0.,-1.,-2.22044604925E-16));
#347 = DIRECTION('',(1.,-0.,-0.));
#348 = PCURVE('',#302,#349);
#349 = DEFINITIONAL_REPRESENTATION('',(#350),#354);
#350 = LINE('',#351,#352);
#351 = CARTESIAN_POINT('',(-0.,1.));
#352 = VECTOR('',#353,1.);
#353 = DIRECTION('',(-1.,0.));
#354 = ( GEOMETRIC_REPRESENTATION_CONTEXT(2) 
PARAMETRIC_REPRESENTATION_CONTEXT() REPRESENTATION_CONTEXT('2D SPACE',''
  ) );
#355 = PCURVE('',#356,#361);
#356 = PLANE('',#357);
#357 = AXIS2_PLACEMENT_3D('',#358,#359,#360);
#358 = CARTESIAN_POINT('',(229.,-202.,92.));
#359 = DIRECTION('',(-0.,-1.,0.));
#360 = DIRECTION('',(0.,0.,-1.));
#361 = DEFINITIONAL_REPRESENTATION('',(#362),#366);
#362 = CIRCLE('',#363,5.5);
#363 = AXIS2_PLACEMENT_2D('',#364,#365);
#364 = CARTESIAN_POINT('',(-18.,141.));
#365 = DIRECTION('',(-0.,1.));
#366 = ( GEOMETRIC_REPRESENTATION_CONTEXT(2) 
PARAMETRIC_REPRESENTATION_CONTEXT() REPRESENTATION_CONTEXT('2D SPACE',''
  ) );
#367 = ORIENTED_EDGE('',*,*,#318,.T.);
#368 = ADVANCED_FACE('',(#369,#478,#504),#356,.T.);
#369 = FACE_BOUND('',#370,.F.);
#370 = EDGE_LOOP('',(#371,#401,#424,#452));
#371 = ORIENTED_EDGE('',*,*,#372,.F.);
#372 = EDGE_CURVE('',#373,#375,#377,.T.);
#373 = VERTEX_POINT('',#374);
#374 = CARTESIAN_POINT('',(230.,-202.,92.));
#375 = VERTEX_POINT('',#376);
#376 = CARTESIAN_POINT('',(420.,-202.,92.));
#377 = SURFACE_CURVE('',#378,(#382,#389),.PCURVE_S1.);
#378 = LINE('',#379,#380);
#379 = CARTESIAN_POINT('',(229.,-202.,92.));
#380 = VECTOR('',#381,1.);
#381 = DIRECTION('',(1.,-0.,-0.));
#382 = PCURVE('',#356,#383);
#383 = DEFINITIONAL_REPRESENTATION('',(#384),#388);
#384 = LINE('',#385,#386);
#385 = CARTESIAN_POINT('',(-0.,0.));
#386 = VECTOR('',#387,1.);
#387 = DIRECTION('',(0.,1.));
#388 = ( GEOMETRIC_REPRESENTATION_CONTEXT(2) 
PARAMETRIC_REPRESENTATION_CONTEXT() REPRESENTATION_CONTEXT('2D SPACE',''
  ) );
#389 = PCURVE('',#390,#395);
#390 = PLANE('',#391);
#391 = AXIS2_PLACEMENT_3D('',#392,#393,#394);
#392 = CARTESIAN_POINT('',(229.,-202.,92.));
#393 = DIRECTION('',(-0.,-0.,1.));
#394 = DIRECTION('',(-1.,0.,0.));
#395 = DEFINITIONAL_REPRESENTATION('',(#396),#400);
#396 = LINE('',#397,#398);
#397 = CARTESIAN_POINT('',(-0.,0.));
#398 = VECTOR('',#399,1.);
#399 = DIRECTION('',(-1.,-0.));
#400 = ( GEOMETRIC_REPRESENTATION_CONTEXT(2) 
PARAMETRIC_REPRESENTATION_CONTEXT() REPRESENTATION_CONTEXT('2D SPACE',''
  ) );
#401 = ORIENTED_EDGE('',*,*,#402,.T.);
#402 = EDGE_CURVE('',#373,#403,#405,.T.);
#403 = VERTEX_POINT('',#404);
#404 = CARTESIAN_POINT('',(230.,-202.,128.));
#405 = SURFACE_CURVE('',#406,(#410,#417),.PCURVE_S1.);
#406 = LINE('',#407,#408);
#407 = CARTESIAN_POINT('',(230.,-202.,91.));
#408 = VECTOR('',#409,1.);
#409 = DIRECTION('',(-0.,-0.,1.));
#410 = PCURVE('',#356,#411);
#411 = DEFINITIONAL_REPRESENTATION('',(#412),#416);
#412 = LINE('',#413,#414);
#413 = CARTESIAN_POINT('',(1.,1.));
#414 = VECTOR('',#415,1.);
#415 = DIRECTION('',(-1.,0.));
#416 = ( GEOMETRIC_REPRESENTATION_CONTEXT(2) 
PARAMETRIC_REPRESENTATION_CONTEXT() REPRESENTATION_CONTEXT('2D SPACE',''
  ) );
#417 = PCURVE('',#218,#418);
#418 = DEFINITIONAL_REPRESENTATION('',(#419),#423);
#419 = LINE('',#420,#421);
#420 = CARTESIAN_POINT('',(-1.,-2.));
#421 = VECTOR('',#422,1.);
#422 = DIRECTION('',(-1.,0.));
#423 = ( GEOMETRIC_REPRESENTATION_CONTEXT(2) 
PARAMETRIC_REPRESENTATION_CONTEXT() REPRESENTATION_CONTEXT('2D SPACE',''
  ) );
#424 = ORIENTED_EDGE('',*,*,#425,.T.);
#425 = EDGE_CURVE('',#403,#426,#428,.T.);
#426 = VERTEX_POINT('',#427);
#427 = CARTESIAN_POINT('',(420.,-202.,128.));
#428 = SURFACE_CURVE('',#429,(#433,#440),.PCURVE_S1.);
#429 = LINE('',#430,#431);
#430 = CARTESIAN_POINT('',(229.,-202.,128.));
#431 = VECTOR('',#432,1.);
#432 = DIRECTION('',(1.,-0.,-0.));
#433 = PCURVE('',#356,#434);
#434 = DEFINITIONAL_REPRESENTATION('',(#435),#439);
#435 = LINE('',#436,#437);
#436 = CARTESIAN_POINT('',(-36.,0.));
#437 = VECTOR('',#438,1.);
#438 = DIRECTION('',(0.,1.));
#439 = ( GEOMETRIC_REPRESENTATION_CONTEXT(2) 
PARAMETRIC_REPRESENTATION_CONTEXT() REPRESENTATION_CONTEXT('2D SPACE',''
  ) );
#440 = PCURVE('',#441,#446);
#441 = PLANE('',#442);
#442 = AXIS2_PLACEMENT_3D('',#443,#444,#445);
#443 = CARTESIAN_POINT('',(229.,-202.,128.));
#444 = DIRECTION('',(-0.,-0.,1.));
#445 = DIRECTION('',(-1.,0.,0.));
#446 = DEFINITIONAL_REPRESENTATION('',(#447),#451);
#447 = LINE('',#448,#449);
#448 = CARTESIAN_POINT('',(-0.,0.));
#449 = VECTOR('',#450,1.);
#450 = DIRECTION('',(-1.,-0.));
#451 = ( GEOMETRIC_REPRESENTATION_CONTEXT(2) 
PARAMETRIC_REPRESENTATION_CONTEXT() REPRESENTATION_CONTEXT('2D SPACE',''
  ) );
#452 = ORIENTED_EDGE('',*,*,#453,.F.);
#453 = EDGE_CURVE('',#375,#426,#454,.T.);
#454 = SURFACE_CURVE('',#455,(#459,#466),.PCURVE_S1.);
#455 = LINE('',#456,#457);
#456 = CARTESIAN_POINT('',(420.,-202.,91.));
#457 = VECTOR('',#458,1.);
#458 = DIRECTION('',(-0.,-0.,1.));
#459 = PCURVE('',#356,#460);
#460 = DEFINITIONAL_REPRESENTATION('',(#461),#465);
#461 = LINE('',#462,#463);
#462 = CARTESIAN_POINT('',(1.,191.));
#463 = VECTOR('',#464,1.);
#464 = DIRECTION('',(-1.,0.));
#465 = ( GEOMETRIC_REPRESENTATION_CONTEXT(2) 
PARAMETRIC_REPRESENTATION_CONTEXT() REPRESENTATION_CONTEXT('2D SPACE',''
  ) );
#466 = PCURVE('',#467,#472);
#467 = PLANE('',#468);
#468 = AXIS2_PLACEMENT_3D('',#469,#470,#471);
#469 = CARTESIAN_POINT('',(420.,-220.,90.));
#470 = DIRECTION('',(1.,0.,-0.));
#471 = DIRECTION('',(0.,0.,1.));
#472 = DEFINITIONAL_REPRESENTATION('',(#473),#477);
#473 = LINE('',#474,#475);
#474 = CARTESIAN_POINT('',(1.,-18.));
#475 = VECTOR('',#476,1.);
#476 = DIRECTION('',(1.,0.));
#477 = ( GEOMETRIC_REPRESENTATION_CONTEXT(2) 
PARAMETRIC_REPRESENTATION_CONTEXT() REPRESENTATION_CONTEXT('2D SPACE',''
  ) );
#478 = FACE_BOUND('',#479,.F.);
#479 = EDGE_LOOP('',(#480));
#480 = ORIENTED_EDGE('',*,*,#481,.T.);
#481 = EDGE_CURVE('',#482,#482,#484,.T.);
#482 = VERTEX_POINT('',#483);
#483 = CARTESIAN_POINT('',(355.5,-202.,110.));
#484 = SURFACE_CURVE('',#485,(#490,#497),.PCURVE_S1.);
#485 = CIRCLE('',#486,5.5);
#486 = AXIS2_PLACEMENT_3D('',#487,#488,#489);
#487 = CARTESIAN_POINT('',(350.,-202.,110.));
#488 = DIRECTION('',(-0.,-1.,-2.22044604925E-16));
#489 = DIRECTION('',(1.,-0.,-0.));
#490 = PCURVE('',#356,#491);
#491 = DEFINITIONAL_REPRESENTATION('',(#492),#496);
#492 = CIRCLE('',#493,5.5);
#493 = AXIS2_PLACEMENT_2D('',#494,#495);
#494 = CARTESIAN_POINT('',(-18.,121.));
#495 = DIRECTION('',(-0.,1.));
#496 = ( GEOMETRIC_REPRESENTATION_CONTEXT(2) 
PARAMETRIC_REPRESENTATION_CONTEXT() REPRESENTATION_CONTEXT('2D SPACE',''
  ) );
#497 = PCURVE('',#271,#498);
#498 = DEFINITIONAL_REPRESENTATION('',(#499),#503);
#499 = LINE('',#500,#501);
#500 = CARTESIAN_POINT('',(-0.,1.));
#501 = VECTOR('',#502,1.);
#502 = DIRECTION('',(-1.,0.));
#503 = ( GEOMETRIC_REPRESENTATION_CONTEXT(2) 
PARAMETRIC_REPRESENTATION_CONTEXT() REPRESENTATION_CONTEXT('2D SPACE',''
  ) );
#504 = FACE_BOUND('',#505,.F.);
#505 = EDGE_LOOP('',(#506));
#506 = ORIENTED_EDGE('',*,*,#341,.T.);
#507 = ADVANCED_FACE('',(#508),#441,.F.);
#508 = FACE_BOUND('',#509,.T.);
#509 = EDGE_LOOP('',(#510,#540,#561,#562));
#510 = ORIENTED_EDGE('',*,*,#511,.F.);
#511 = EDGE_CURVE('',#512,#514,#516,.T.);
#512 = VERTEX_POINT('',#513);
#513 = CARTESIAN_POINT('',(230.,-218.,128.));
#514 = VERTEX_POINT('',#515);
#515 = CARTESIAN_POINT('',(420.,-218.,128.));
#516 = SURFACE_CURVE('',#517,(#521,#528),.PCURVE_S1.);
#517 = LINE('',#518,#519);
#518 = CARTESIAN_POINT('',(229.,-218.,128.));
#519 = VECTOR('',#520,1.);
#520 = DIRECTION('',(1.,-0.,-0.));
#521 = PCURVE('',#441,#522);
#522 = DEFINITIONAL_REPRESENTATION('',(#523),#527);
#523 = LINE('',#524,#525);
#524 = CARTESIAN_POINT('',(-0.,16.));
#525 = VECTOR('',#526,1.);
#526 = DIRECTION('',(-1.,-0.));
#527 = ( GEOMETRIC_REPRESENTATION_CONTEXT(2) 
PARAMETRIC_REPRESENTATION_CONTEXT() REPRESENTATION_CONTEXT('2D SPACE',''
  ) );
#528 = PCURVE('',#529,#534);
#529 = PLANE('',#530);
#530 = AXIS2_PLACEMENT_3D('',#531,#532,#533);
#531 = CARTESIAN_POINT('',(229.,-218.,92.));
#532 = DIRECTION('',(-0.,-1.,0.));
#533 = DIRECTION('',(0.,0.,-1.));
#534 = DEFINITIONAL_REPRESENTATION('',(#535),#539);
#535 = LINE('',#536,#537);
#536 = CARTESIAN_POINT('',(-36.,0.));
#537 = VECTOR('',#538,1.);
#538 = DIRECTION('',(0.,1.));
#539 = ( GEOMETRIC_REPRESENTATION_CONTEXT(2) 
PARAMETRIC_REPRESENTATION_CONTEXT() REPRESENTATION_CONTEXT('2D SPACE',''
  ) );
#540 = ORIENTED_EDGE('',*,*,#541,.T.);
#541 = EDGE_CURVE('',#512,#403,#542,.T.);
#542 = SURFACE_CURVE('',#543,(#547,#554),.PCURVE_S1.);
#543 = LINE('',#544,#545);
#544 = CARTESIAN_POINT('',(230.,-201.,128.));
#545 = VECTOR('',#546,1.);
#546 = DIRECTION('',(-0.,1.,-0.));
#547 = PCURVE('',#441,#548);
#548 = DEFINITIONAL_REPRESENTATION('',(#549),#553);
#549 = LINE('',#550,#551);
#550 = CARTESIAN_POINT('',(-1.,-1.));
#551 = VECTOR('',#552,1.);
#552 = DIRECTION('',(-0.,-1.));
#553 = ( GEOMETRIC_REPRESENTATION_CONTEXT(2) 
PARAMETRIC_REPRESENTATION_CONTEXT() REPRESENTATION_CONTEXT('2D SPACE',''
  ) );
#554 = PCURVE('',#218,#555);
#555 = DEFINITIONAL_REPRESENTATION('',(#556),#560);
#556 = LINE('',#557,#558);
#557 = CARTESIAN_POINT('',(-38.,-1.));
#558 = VECTOR('',#559,1.);
#559 = DIRECTION('',(-0.,1.));
#560 = ( GEOMETRIC_REPRESENTATION_CONTEXT(2) 
PARAMETRIC_REPRESENTATION_CONTEXT() REPRESENTATION_CONTEXT('2D SPACE',''
  ) );
#561 = ORIENTED_EDGE('',*,*,#425,.T.);
#562 = ORIENTED_EDGE('',*,*,#563,.F.);
#563 = EDGE_CURVE('',#514,#426,#564,.T.);
#564 = SURFACE_CURVE('',#565,(#569,#576),.PCURVE_S1.);
#565 = LINE('',#566,#567);
#566 = CARTESIAN_POINT('',(420.,-201.,128.));
#567 = VECTOR('',#568,1.);
#568 = DIRECTION('',(-0.,1.,-0.));
#569 = PCURVE('',#441,#570);
#570 = DEFINITIONAL_REPRESENTATION('',(#571),#575);
#571 = LINE('',#572,#573);
#572 = CARTESIAN_POINT('',(-191.,-1.));
#573 = VECTOR('',#574,1.);
#574 = DIRECTION('',(-0.,-1.));
#575 = ( GEOMETRIC_REPRESENTATION_CONTEXT(2) 
PARAMETRIC_REPRESENTATION_CONTEXT() REPRESENTATION_CONTEXT('2D SPACE',''
  ) );
#576 = PCURVE('',#467,#577);
#577 = DEFINITIONAL_REPRESENTATION('',(#578),#582);
#578 = LINE('',#579,#580);
#579 = CARTESIAN_POINT('',(38.,-19.));
#580 = VECTOR('',#581,1.);
#581 = DIRECTION('',(0.,-1.));
#582 = ( GEOMETRIC_REPRESENTATION_CONTEXT(2) 
PARAMETRIC_REPRESENTATION_CONTEXT() REPRESENTATION_CONTEXT('2D SPACE',''
  ) );
#583 = ADVANCED_FACE('',(#584),#529,.F.);
#584 = FACE_BOUND('',#585,.T.);
#585 = EDGE_LOOP('',(#586,#611,#632,#633));
#586 = ORIENTED_EDGE('',*,*,#587,.F.);
#587 = EDGE_CURVE('',#588,#590,#592,.T.);
#588 = VERTEX_POINT('',#589);
#589 = CARTESIAN_POINT('',(230.,-218.,92.));
#590 = VERTEX_POINT('',#591);
#591 = CARTESIAN_POINT('',(420.,-218.,92.));
#592 = SURFACE_CURVE('',#593,(#597,#604),.PCURVE_S1.);
#593 = LINE('',#594,#595);
#594 = CARTESIAN_POINT('',(229.,-218.,92.));
#595 = VECTOR('',#596,1.);
#596 = DIRECTION('',(1.,-0.,-0.));
#597 = PCURVE('',#529,#598);
#598 = DEFINITIONAL_REPRESENTATION('',(#599),#603);
#599 = LINE('',#600,#601);
#600 = CARTESIAN_POINT('',(-0.,0.));
#601 = VECTOR('',#602,1.);
#602 = DIRECTION('',(0.,1.));
#603 = ( GEOMETRIC_REPRESENTATION_CONTEXT(2) 
PARAMETRIC_REPRESENTATION_CONTEXT() REPRESENTATION_CONTEXT('2D SPACE',''
  ) );
#604 = PCURVE('',#390,#605);
#605 = DEFINITIONAL_REPRESENTATION('',(#606),#610);
#606 = LINE('',#607,#608);
#607 = CARTESIAN_POINT('',(-0.,16.));
#608 = VECTOR('',#609,1.);
#609 = DIRECTION('',(-1.,-0.));
#610 = ( GEOMETRIC_REPRESENTATION_CONTEXT(2) 
PARAMETRIC_REPRESENTATION_CONTEXT() REPRESENTATION_CONTEXT('2D SPACE',''
  ) );
#611 = ORIENTED_EDGE('',*,*,#612,.T.);
#612 = EDGE_CURVE('',#588,#512,#613,.T.);
#613 = SURFACE_CURVE('',#614,(#618,#625),.PCURVE_S1.);
#614 = LINE('',#615,#616);
#615 = CARTESIAN_POINT('',(230.,-218.,91.));
#616 = VECTOR('',#617,1.);
#617 = DIRECTION('',(-0.,-0.,1.));
#618 = PCURVE('',#529,#619);
#619 = DEFINITIONAL_REPRESENTATION('',(#620),#624);
#620 = LINE('',#621,#622);
#621 = CARTESIAN_POINT('',(1.,1.));
#622 = VECTOR('',#623,1.);
#623 = DIRECTION('',(-1.,0.));
#624 = ( GEOMETRIC_REPRESENTATION_CONTEXT(2) 
PARAMETRIC_REPRESENTATION_CONTEXT() REPRESENTATION_CONTEXT('2D SPACE',''
  ) );
#625 = PCURVE('',#218,#626);
#626 = DEFINITIONAL_REPRESENTATION('',(#627),#631);
#627 = LINE('',#628,#629);
#628 = CARTESIAN_POINT('',(-1.,-18.));
#629 = VECTOR('',#630,1.);
#630 = DIRECTION('',(-1.,0.));
#631 = ( GEOMETRIC_REPRESENTATION_CONTEXT(2) 
PARAMETRIC_REPRESENTATION_CONTEXT() REPRESENTATION_CONTEXT('2D SPACE',''
  ) );
#632 = ORIENTED_EDGE('',*,*,#511,.T.);
#633 = ORIENTED_EDGE('',*,*,#634,.F.);
#634 = EDGE_CURVE('',#590,#514,#635,.T.);
#635 = SURFACE_CURVE('',#636,(#640,#647),.PCURVE_S1.);
#636 = LINE('',#637,#638);
#637 = CARTESIAN_POINT('',(420.,-218.,91.));
#638 = VECTOR('',#639,1.);
#639 = DIRECTION('',(-0.,-0.,1.));
#640 = PCURVE('',#529,#641);
#641 = DEFINITIONAL_REPRESENTATION('',(#642),#646);
#642 = LINE('',#643,#644);
#643 = CARTESIAN_POINT('',(1.,191.));
#644 = VECTOR('',#645,1.);
#645 = DIRECTION('',(-1.,0.));
#646 = ( GEOMETRIC_REPRESENTATION_CONTEXT(2) 
PARAMETRIC_REPRESENTATION_CONTEXT() REPRESENTATION_CONTEXT('2D SPACE',''
  ) );
#647 = PCURVE('',#467,#648);
#648 = DEFINITIONAL_REPRESENTATION('',(#649),#653);
#649 = LINE('',#650,#651);
#650 = CARTESIAN_POINT('',(1.,-2.));
#651 = VECTOR('',#652,1.);
#652 = DIRECTION('',(1.,0.));
#653 = ( GEOMETRIC_REPRESENTATION_CONTEXT(2) 
PARAMETRIC_REPRESENTATION_CONTEXT() REPRESENTATION_CONTEXT('2D SPACE',''
  ) );
#654 = ADVANCED_FACE('',(#655),#467,.F.);
#655 = FACE_BOUND('',#656,.F.);
#656 = EDGE_LOOP('',(#657,#658,#679,#680));
#657 = ORIENTED_EDGE('',*,*,#634,.F.);
#658 = ORIENTED_EDGE('',*,*,#659,.T.);
#659 = EDGE_CURVE('',#590,#375,#660,.T.);
#660 = SURFACE_CURVE('',#661,(#665,#672),.PCURVE_S1.);
#661 = LINE('',#662,#663);
#662 = CARTESIAN_POINT('',(420.,-201.,92.));
#663 = VECTOR('',#664,1.);
#664 = DIRECTION('',(-0.,1.,-0.));
#665 = PCURVE('',#467,#666);
#666 = DEFINITIONAL_REPRESENTATION('',(#667),#671);
#667 = LINE('',#668,#669);
#668 = CARTESIAN_POINT('',(2.,-19.));
#669 = VECTOR('',#670,1.);
#670 = DIRECTION('',(0.,-1.));
#671 = ( GEOMETRIC_REPRESENTATION_CONTEXT(2) 
PARAMETRIC_REPRESENTATION_CONTEXT() REPRESENTATION_CONTEXT('2D SPACE',''
  ) );
#672 = PCURVE('',#390,#673);
#673 = DEFINITIONAL_REPRESENTATION('',(#674),#678);
#674 = LINE('',#675,#676);
#675 = CARTESIAN_POINT('',(-191.,-1.));
#676 = VECTOR('',#677,1.);
#677 = DIRECTION('',(-0.,-1.));
#678 = ( GEOMETRIC_REPRESENTATION_CONTEXT(2) 
PARAMETRIC_REPRESENTATION_CONTEXT() REPRESENTATION_CONTEXT('2D SPACE',''
  ) );
#679 = ORIENTED_EDGE('',*,*,#453,.T.);
#680 = ORIENTED_EDGE('',*,*,#563,.F.);
#681 = ADVANCED_FACE('',(#682),#390,.T.);
#682 = FACE_BOUND('',#683,.F.);
#683 = EDGE_LOOP('',(#684,#685,#706,#707));
#684 = ORIENTED_EDGE('',*,*,#587,.F.);
#685 = ORIENTED_EDGE('',*,*,#686,.T.);
#686 = EDGE_CURVE('',#588,#373,#687,.T.);
#687 = SURFACE_CURVE('',#688,(#692,#699),.PCURVE_S1.);
#688 = LINE('',#689,#690);
#689 = CARTESIAN_POINT('',(230.,-201.,92.));
#690 = VECTOR('',#691,1.);
#691 = DIRECTION('',(-0.,1.,-0.));
#692 = PCURVE('',#390,#693);
#693 = DEFINITIONAL_REPRESENTATION('',(#694),#698);
#694 = LINE('',#695,#696);
#695 = CARTESIAN_POINT('',(-1.,-1.));
#696 = VECTOR('',#697,1.);
#697 = DIRECTION('',(-0.,-1.));
#698 = ( GEOMETRIC_REPRESENTATION_CONTEXT(2) 
PARAMETRIC_REPRESENTATION_CONTEXT() REPRESENTATION_CONTEXT('2D SPACE',''
  ) );
#699 = PCURVE('',#218,#700);
#700 = DEFINITIONAL_REPRESENTATION('',(#701),#705);
#701 = LINE('',#702,#703);
#702 = CARTESIAN_POINT('',(-2.,-1.));
#703 = VECTOR('',#704,1.);
#704 = DIRECTION('',(-0.,1.));
#705 = ( GEOMETRIC_REPRESENTATION_CONTEXT(2) 
PARAMETRIC_REPRESENTATION_CONTEXT() REPRESENTATION_CONTEXT('2D SPACE',''
  ) );
#706 = ORIENTED_EDGE('',*,*,#372,.T.);
#707 = ORIENTED_EDGE('',*,*,#659,.F.);
#708 = ADVANCED_FACE('',(#709),#271,.F.);
#709 = FACE_BOUND('',#710,.T.);
#710 = EDGE_LOOP('',(#711,#712,#733,#734));
#711 = ORIENTED_EDGE('',*,*,#254,.F.);
#712 = ORIENTED_EDGE('',*,*,#713,.F.);
#713 = EDGE_CURVE('',#482,#255,#714,.T.);
#714 = SEAM_CURVE('',#715,(#719,#726),.PCURVE_S1.);
#715 = LINE('',#716,#717);
#716 = CARTESIAN_POINT('',(355.5,-203.,110.));
#717 = VECTOR('',#718,1.);
#718 = DIRECTION('',(-0.,1.,2.22044604925E-16));
#719 = PCURVE('',#271,#720);
#720 = DEFINITIONAL_REPRESENTATION('',(#721),#725);
#721 = LINE('',#722,#723);
#722 = CARTESIAN_POINT('',(-6.28318530718,-0.));
#723 = VECTOR('',#724,1.);
#724 = DIRECTION('',(-0.,1.));
#725 = ( GEOMETRIC_REPRESENTATION_CONTEXT(2) 
PARAMETRIC_REPRESENTATION_CONTEXT() REPRESENTATION_CONTEXT('2D SPACE',''
  ) );
#726 = PCURVE('',#271,#727);
#727 = DEFINITIONAL_REPRESENTATION('',(#728),#732);
#728 = LINE('',#729,#730);
#729 = CARTESIAN_POINT('',(-0.,-0.));
#730 = VECTOR('',#731,1.);
#731 = DIRECTION('',(-0.,1.));
#732 = ( GEOMETRIC_REPRESENTATION_CONTEXT(2) 
PARAMETRIC_REPRESENTATION_CONTEXT() REPRESENTATION_CONTEXT('2D SPACE',''
  ) );
#733 = ORIENTED_EDGE('',*,*,#481,.T.);
#734 = ORIENTED_EDGE('',*,*,#713,.T.);
#735 = ADVANCED_FACE('',(#736,#811),#218,.F.);
#736 = FACE_BOUND('',#737,.T.);
#737 = EDGE_LOOP('',(#738,#739,#762,#790));
#738 = ORIENTED_EDGE('',*,*,#202,.F.);
#739 = ORIENTED_EDGE('',*,*,#740,.T.);
#740 = EDGE_CURVE('',#180,#741,#743,.T.);
#741 = VERTEX_POINT('',#742);
#742 = CARTESIAN_POINT('',(230.,-220.,90.));
#743 = SURFACE_CURVE('',#744,(#748,#755),.PCURVE_S1.);
#744 = LINE('',#745,#746);
#745 = CARTESIAN_POINT('',(230.,-200.,90.));
#746 = VECTOR('',#747,1.);
#747 = DIRECTION('',(-0.,-1.,0.));
#748 = PCURVE('',#218,#749);
#749 = DEFINITIONAL_REPRESENTATION('',(#750),#754);
#750 = LINE('',#751,#752);
#751 = CARTESIAN_POINT('',(-0.,0.));
#752 = VECTOR('',#753,1.);
#753 = DIRECTION('',(-0.,-1.));
#754 = ( GEOMETRIC_REPRESENTATION_CONTEXT(2) 
PARAMETRIC_REPRESENTATION_CONTEXT() REPRESENTATION_CONTEXT('2D SPACE',''
  ) );
#755 = PCURVE('',#138,#756);
#756 = DEFINITIONAL_REPRESENTATION('',(#757),#761);
#757 = LINE('',#758,#759);
#758 = CARTESIAN_POINT('',(-190.,20.));
#759 = VECTOR('',#760,1.);
#760 = DIRECTION('',(-0.,-1.));
#761 = ( GEOMETRIC_REPRESENTATION_CONTEXT(2) 
PARAMETRIC_REPRESENTATION_CONTEXT() REPRESENTATION_CONTEXT('2D SPACE',''
  ) );
#762 = ORIENTED_EDGE('',*,*,#763,.T.);
#763 = EDGE_CURVE('',#741,#764,#766,.T.);
#764 = VERTEX_POINT('',#765);
#765 = CARTESIAN_POINT('',(230.,-220.,130.));
#766 = SURFACE_CURVE('',#767,(#771,#778),.PCURVE_S1.);
#767 = LINE('',#768,#769);
#768 = CARTESIAN_POINT('',(230.,-220.,90.));
#769 = VECTOR('',#770,1.);
#770 = DIRECTION('',(-0.,-0.,1.));
#771 = PCURVE('',#218,#772);
#772 = DEFINITIONAL_REPRESENTATION('',(#773),#777);
#773 = LINE('',#774,#775);
#774 = CARTESIAN_POINT('',(-0.,-20.));
#775 = VECTOR('',#776,1.);
#776 = DIRECTION('',(-1.,0.));
#777 = ( GEOMETRIC_REPRESENTATION_CONTEXT(2) 
PARAMETRIC_REPRESENTATION_CONTEXT() REPRESENTATION_CONTEXT('2D SPACE',''
  ) );
#778 = PCURVE('',#779,#784);
#779 = PLANE('',#780);
#780 = AXIS2_PLACEMENT_3D('',#781,#782,#783);
#781 = CARTESIAN_POINT('',(420.,-220.,90.));
#782 = DIRECTION('',(-0.,1.,0.));
#783 = DIRECTION('',(0.,0.,1.));
#784 = DEFINITIONAL_REPRESENTATION('',(#785),#789);
#785 = LINE('',#786,#787);
#786 = CARTESIAN_POINT('',(0.,-190.));
#787 = VECTOR('',#788,1.);
#788 = DIRECTION('',(1.,0.));
#789 = ( GEOMETRIC_REPRESENTATION_CONTEXT(2) 
PARAMETRIC_REPRESENTATION_CONTEXT() REPRESENTATION_CONTEXT('2D SPACE',''
  ) );
#790 = ORIENTED_EDGE('',*,*,#791,.F.);
#791 = EDGE_CURVE('',#203,#764,#792,.T.);
#792 = SURFACE_CURVE('',#793,(#797,#804),.PCURVE_S1.);
#793 = LINE('',#794,#795);
#794 = CARTESIAN_POINT('',(230.,-200.,130.));
#795 = VECTOR('',#796,1.);
#796 = DIRECTION('',(-0.,-1.,0.));
#797 = PCURVE('',#218,#798);
#798 = DEFINITIONAL_REPRESENTATION('',(#799),#803);
#799 = LINE('',#800,#801);
#800 = CARTESIAN_POINT('',(-40.,0.));
#801 = VECTOR('',#802,1.);
#802 = DIRECTION('',(-0.,-1.));
#803 = ( GEOMETRIC_REPRESENTATION_CONTEXT(2) 
PARAMETRIC_REPRESENTATION_CONTEXT() REPRESENTATION_CONTEXT('2D SPACE',''
  ) );
#804 = PCURVE('',#82,#805);
#805 = DEFINITIONAL_REPRESENTATION('',(#806),#810);
#806 = LINE('',#807,#808);
#807 = CARTESIAN_POINT('',(-190.,20.));
#808 = VECTOR('',#809,1.);
#809 = DIRECTION('',(-0.,-1.));
#810 = ( GEOMETRIC_REPRESENTATION_CONTEXT(2) 
PARAMETRIC_REPRESENTATION_CONTEXT() REPRESENTATION_CONTEXT('2D SPACE',''
  ) );
#811 = FACE_BOUND('',#812,.T.);
#812 = EDGE_LOOP('',(#813,#814,#815,#816));
#813 = ORIENTED_EDGE('',*,*,#686,.T.);
#814 = ORIENTED_EDGE('',*,*,#402,.T.);
#815 = ORIENTED_EDGE('',*,*,#541,.F.);
#816 = ORIENTED_EDGE('',*,*,#612,.F.);
#817 = ADVANCED_FACE('',(#818),#779,.F.);
#818 = FACE_BOUND('',#819,.F.);
#819 = EDGE_LOOP('',(#820,#843,#844,#867));
#820 = ORIENTED_EDGE('',*,*,#821,.T.);
#821 = EDGE_CURVE('',#822,#741,#824,.T.);
#822 = VERTEX_POINT('',#823);
#823 = CARTESIAN_POINT('',(440.,-220.,90.));
#824 = SURFACE_CURVE('',#825,(#829,#836),.PCURVE_S1.);
#825 = LINE('',#826,#827);
#826 = CARTESIAN_POINT('',(440.,-220.,90.));
#827 = VECTOR('',#828,1.);
#828 = DIRECTION('',(-1.,0.,0.));
#829 = PCURVE('',#779,#830);
#830 = DEFINITIONAL_REPRESENTATION('',(#831),#835);
#831 = LINE('',#832,#833);
#832 = CARTESIAN_POINT('',(0.,20.));
#833 = VECTOR('',#834,1.);
#834 = DIRECTION('',(0.,-1.));
#835 = ( GEOMETRIC_REPRESENTATION_CONTEXT(2) 
PARAMETRIC_REPRESENTATION_CONTEXT() REPRESENTATION_CONTEXT('2D SPACE',''
  ) );
#836 = PCURVE('',#138,#837);
#837 = DEFINITIONAL_REPRESENTATION('',(#838),#842);
#838 = LINE('',#839,#840);
#839 = CARTESIAN_POINT('',(20.,0.));
#840 = VECTOR('',#841,1.);
#841 = DIRECTION('',(-1.,0.));
#842 = ( GEOMETRIC_REPRESENTATION_CONTEXT(2) 
PARAMETRIC_REPRESENTATION_CONTEXT() REPRESENTATION_CONTEXT('2D SPACE',''
  ) );
#843 = ORIENTED_EDGE('',*,*,#763,.T.);
#844 = ORIENTED_EDGE('',*,*,#845,.T.);
#845 = EDGE_CURVE('',#764,#846,#848,.T.);
#846 = VERTEX_POINT('',#847);
#847 = CARTESIAN_POINT('',(440.,-220.,130.));
#848 = SURFACE_CURVE('',#849,(#853,#860),.PCURVE_S1.);
#849 = LINE('',#850,#851);
#850 = CARTESIAN_POINT('',(230.,-220.,130.));
#851 = VECTOR('',#852,1.);
#852 = DIRECTION('',(1.,0.,0.));
#853 = PCURVE('',#779,#854);
#854 = DEFINITIONAL_REPRESENTATION('',(#855),#859);
#855 = LINE('',#856,#857);
#856 = CARTESIAN_POINT('',(40.,-190.));
#857 = VECTOR('',#858,1.);
#858 = DIRECTION('',(0.,1.));
#859 = ( GEOMETRIC_REPRESENTATION_CONTEXT(2) 
PARAMETRIC_REPRESENTATION_CONTEXT() REPRESENTATION_CONTEXT('2D SPACE',''
  ) );
#860 = PCURVE('',#82,#861);
#861 = DEFINITIONAL_REPRESENTATION('',(#862),#866);
#862 = LINE('',#863,#864);
#863 = CARTESIAN_POINT('',(-190.,0.));
#864 = VECTOR('',#865,1.);
#865 = DIRECTION('',(1.,0.));
#866 = ( GEOMETRIC_REPRESENTATION_CONTEXT(2) 
PARAMETRIC_REPRESENTATION_CONTEXT() REPRESENTATION_CONTEXT('2D SPACE',''
  ) );
#867 = ORIENTED_EDGE('',*,*,#868,.F.);
#868 = EDGE_CURVE('',#822,#846,#869,.T.);
#869 = SURFACE_CURVE('',#870,(#874,#881),.PCURVE_S1.);
#870 = LINE('',#871,#872);
#871 = CARTESIAN_POINT('',(440.,-220.,90.));
#872 = VECTOR('',#873,1.);
#873 = DIRECTION('',(0.,0.,1.));
#874 = PCURVE('',#779,#875);
#875 = DEFINITIONAL_REPRESENTATION('',(#876),#880);
#876 = LINE('',#877,#878);
#877 = CARTESIAN_POINT('',(0.,20.));
#878 = VECTOR('',#879,1.);
#879 = DIRECTION('',(1.,0.));
#880 = ( GEOMETRIC_REPRESENTATION_CONTEXT(2) 
PARAMETRIC_REPRESENTATION_CONTEXT() REPRESENTATION_CONTEXT('2D SPACE',''
  ) );
#881 = PCURVE('',#882,#887);
#882 = PLANE('',#883);
#883 = AXIS2_PLACEMENT_3D('',#884,#885,#886);
#884 = CARTESIAN_POINT('',(440.,-220.,90.));
#885 = DIRECTION('',(1.,0.,-0.));
#886 = DIRECTION('',(0.,0.,1.));
#887 = DEFINITIONAL_REPRESENTATION('',(#888),#892);
#888 = LINE('',#889,#890);
#889 = CARTESIAN_POINT('',(0.,0.));
#890 = VECTOR('',#891,1.);
#891 = DIRECTION('',(1.,0.));
#892 = ( GEOMETRIC_REPRESENTATION_CONTEXT(2) 
PARAMETRIC_REPRESENTATION_CONTEXT() REPRESENTATION_CONTEXT('2D SPACE',''
  ) );
#893 = ADVANCED_FACE('',(#894),#882,.T.);
#894 = FACE_BOUND('',#895,.T.);
#895 = EDGE_LOOP('',(#896,#897,#920,#948));
#896 = ORIENTED_EDGE('',*,*,#868,.F.);
#897 = ORIENTED_EDGE('',*,*,#898,.T.);
#898 = EDGE_CURVE('',#822,#899,#901,.T.);
#899 = VERTEX_POINT('',#900);
#900 = CARTESIAN_POINT('',(440.,220.,90.));
#901 = SURFACE_CURVE('',#902,(#906,#913),.PCURVE_S1.);
#902 = LINE('',#903,#904);
#903 = CARTESIAN_POINT('',(440.,-220.,90.));
#904 = VECTOR('',#905,1.);
#905 = DIRECTION('',(-0.,1.,0.));
#906 = PCURVE('',#882,#907);
#907 = DEFINITIONAL_REPRESENTATION('',(#908),#912);
#908 = LINE('',#909,#910);
#909 = CARTESIAN_POINT('',(0.,0.));
#910 = VECTOR('',#911,1.);
#911 = DIRECTION('',(0.,-1.));
#912 = ( GEOMETRIC_REPRESENTATION_CONTEXT(2) 
PARAMETRIC_REPRESENTATION_CONTEXT() REPRESENTATION_CONTEXT('2D SPACE',''
  ) );
#913 = PCURVE('',#138,#914);
#914 = DEFINITIONAL_REPRESENTATION('',(#915),#919);
#915 = LINE('',#916,#917);
#916 = CARTESIAN_POINT('',(20.,0.));
#917 = VECTOR('',#918,1.);
#918 = DIRECTION('',(0.,1.));
#919 = ( GEOMETRIC_REPRESENTATION_CONTEXT(2) 
PARAMETRIC_REPRESENTATION_CONTEXT() REPRESENTATION_CONTEXT('2D SPACE',''
  ) );
#920 = ORIENTED_EDGE('',*,*,#921,.T.);
#921 = EDGE_CURVE('',#899,#922,#924,.T.);
#922 = VERTEX_POINT('',#923);
#923 = CARTESIAN_POINT('',(440.,220.,130.));
#924 = SURFACE_CURVE('',#925,(#929,#936),.PCURVE_S1.);
#925 = LINE('',#926,#927);
#926 = CARTESIAN_POINT('',(440.,220.,90.));
#927 = VECTOR('',#928,1.);
#928 = DIRECTION('',(0.,0.,1.));
#929 = PCURVE('',#882,#930);
#930 = DEFINITIONAL_REPRESENTATION('',(#931),#935);
#931 = LINE('',#932,#933);
#932 = CARTESIAN_POINT('',(0.,-440.));
#933 = VECTOR('',#934,1.);
#934 = DIRECTION('',(1.,0.));
#935 = ( GEOMETRIC_REPRESENTATION_CONTEXT(2) 
PARAMETRIC_REPRESENTATION_CONTEXT() REPRESENTATION_CONTEXT('2D SPACE',''
  ) );
#936 = PCURVE('',#937,#942);
#937 = PLANE('',#938);
#938 = AXIS2_PLACEMENT_3D('',#939,#940,#941);
#939 = CARTESIAN_POINT('',(420.,220.,90.));
#940 = DIRECTION('',(-0.,1.,0.));
#941 = DIRECTION('',(0.,0.,1.));
#942 = DEFINITIONAL_REPRESENTATION('',(#943),#947);
#943 = LINE('',#944,#945);
#944 = CARTESIAN_POINT('',(0.,20.));
#945 = VECTOR('',#946,1.);
#946 = DIRECTION('',(1.,0.));
#947 = ( GEOMETRIC_REPRESENTATION_CONTEXT(2) 
PARAMETRIC_REPRESENTATION_CONTEXT() REPRESENTATION_CONTEXT('2D SPACE',''
  ) );
#948 = ORIENTED_EDGE('',*,*,#949,.F.);
#949 = EDGE_CURVE('',#846,#922,#950,.T.);
#950 = SURFACE_CURVE('',#951,(#955,#962),.PCURVE_S1.);
#951 = LINE('',#952,#953);
#952 = CARTESIAN_POINT('',(440.,-220.,130.));
#953 = VECTOR('',#954,1.);
#954 = DIRECTION('',(-0.,1.,0.));
#955 = PCURVE('',#882,#956);
#956 = DEFINITIONAL_REPRESENTATION('',(#957),#961);
#957 = LINE('',#958,#959);
#958 = CARTESIAN_POINT('',(40.,0.));
#959 = VECTOR('',#960,1.);
#960 = DIRECTION('',(0.,-1.));
#961 = ( GEOMETRIC_REPRESENTATION_CONTEXT(2) 
PARAMETRIC_REPRESENTATION_CONTEXT() REPRESENTATION_CONTEXT('2D SPACE',''
  ) );
#962 = PCURVE('',#82,#963);
#963 = DEFINITIONAL_REPRESENTATION('',(#964),#968);
#964 = LINE('',#965,#966);
#965 = CARTESIAN_POINT('',(20.,0.));
#966 = VECTOR('',#967,1.);
#967 = DIRECTION('',(0.,1.));
#968 = ( GEOMETRIC_REPRESENTATION_CONTEXT(2) 
PARAMETRIC_REPRESENTATION_CONTEXT() REPRESENTATION_CONTEXT('2D SPACE',''
  ) );
#969 = ADVANCED_FACE('',(#970),#937,.T.);
#970 = FACE_BOUND('',#971,.T.);
#971 = EDGE_LOOP('',(#972,#995,#1023,#1044));
#972 = ORIENTED_EDGE('',*,*,#973,.F.);
#973 = EDGE_CURVE('',#974,#899,#976,.T.);
#974 = VERTEX_POINT('',#975);
#975 = CARTESIAN_POINT('',(230.,220.,90.));
#976 = SURFACE_CURVE('',#977,(#981,#988),.PCURVE_S1.);
#977 = LINE('',#978,#979);
#978 = CARTESIAN_POINT('',(230.,220.,90.));
#979 = VECTOR('',#980,1.);
#980 = DIRECTION('',(1.,0.,0.));
#981 = PCURVE('',#937,#982);
#982 = DEFINITIONAL_REPRESENTATION('',(#983),#987);
#983 = LINE('',#984,#985);
#984 = CARTESIAN_POINT('',(0.,-190.));
#985 = VECTOR('',#986,1.);
#986 = DIRECTION('',(0.,1.));
#987 = ( GEOMETRIC_REPRESENTATION_CONTEXT(2) 
PARAMETRIC_REPRESENTATION_CONTEXT() REPRESENTATION_CONTEXT('2D SPACE',''
  ) );
#988 = PCURVE('',#138,#989);
#989 = DEFINITIONAL_REPRESENTATION('',(#990),#994);
#990 = LINE('',#991,#992);
#991 = CARTESIAN_POINT('',(-190.,440.));
#992 = VECTOR('',#993,1.);
#993 = DIRECTION('',(1.,0.));
#994 = ( GEOMETRIC_REPRESENTATION_CONTEXT(2) 
PARAMETRIC_REPRESENTATION_CONTEXT() REPRESENTATION_CONTEXT('2D SPACE',''
  ) );
#995 = ORIENTED_EDGE('',*,*,#996,.T.);
#996 = EDGE_CURVE('',#974,#997,#999,.T.);
#997 = VERTEX_POINT('',#998);
#998 = CARTESIAN_POINT('',(230.,220.,130.));
#999 = SURFACE_CURVE('',#1000,(#1004,#1011),.PCURVE_S1.);
#1000 = LINE('',#1001,#1002);
#1001 = CARTESIAN_POINT('',(230.,220.,90.));
#1002 = VECTOR('',#1003,1.);
#1003 = DIRECTION('',(0.,0.,1.));
#1004 = PCURVE('',#937,#1005);
#1005 = DEFINITIONAL_REPRESENTATION('',(#1006),#1010);
#1006 = LINE('',#1007,#1008);
#1007 = CARTESIAN_POINT('',(0.,-190.));
#1008 = VECTOR('',#1009,1.);
#1009 = DIRECTION('',(1.,0.));
#1010 = ( GEOMETRIC_REPRESENTATION_CONTEXT(2) 
PARAMETRIC_REPRESENTATION_CONTEXT() REPRESENTATION_CONTEXT('2D SPACE',''
  ) );
#1011 = PCURVE('',#1012,#1017);
#1012 = PLANE('',#1013);
#1013 = AXIS2_PLACEMENT_3D('',#1014,#1015,#1016);
#1014 = CARTESIAN_POINT('',(230.,200.,90.));
#1015 = DIRECTION('',(1.,0.,-0.));
#1016 = DIRECTION('',(0.,0.,1.));
#1017 = DEFINITIONAL_REPRESENTATION('',(#1018),#1022);
#1018 = LINE('',#1019,#1020);
#1019 = CARTESIAN_POINT('',(0.,-20.));
#1020 = VECTOR('',#1021,1.);
#1021 = DIRECTION('',(1.,0.));
#1022 = ( GEOMETRIC_REPRESENTATION_CONTEXT(2) 
PARAMETRIC_REPRESENTATION_CONTEXT() REPRESENTATION_CONTEXT('2D SPACE',''
  ) );
#1023 = ORIENTED_EDGE('',*,*,#1024,.F.);
#1024 = EDGE_CURVE('',#922,#997,#1025,.T.);
#1025 = SURFACE_CURVE('',#1026,(#1030,#1037),.PCURVE_S1.);
#1026 = LINE('',#1027,#1028);
#1027 = CARTESIAN_POINT('',(440.,220.,130.));
#1028 = VECTOR('',#1029,1.);
#1029 = DIRECTION('',(-1.,0.,0.));
#1030 = PCURVE('',#937,#1031);
#1031 = DEFINITIONAL_REPRESENTATION('',(#1032),#1036);
#1032 = LINE('',#1033,#1034);
#1033 = CARTESIAN_POINT('',(40.,20.));
#1034 = VECTOR('',#1035,1.);
#1035 = DIRECTION('',(0.,-1.));
#1036 = ( GEOMETRIC_REPRESENTATION_CONTEXT(2) 
PARAMETRIC_REPRESENTATION_CONTEXT() REPRESENTATION_CONTEXT('2D SPACE',''
  ) );
#1037 = PCURVE('',#82,#1038);
#1038 = DEFINITIONAL_REPRESENTATION('',(#1039),#1043);
#1039 = LINE('',#1040,#1041);
#1040 = CARTESIAN_POINT('',(20.,440.));
#1041 = VECTOR('',#1042,1.);
#1042 = DIRECTION('',(-1.,0.));
#1043 = ( GEOMETRIC_REPRESENTATION_CONTEXT(2) 
PARAMETRIC_REPRESENTATION_CONTEXT() REPRESENTATION_CONTEXT('2D SPACE',''
  ) );
#1044 = ORIENTED_EDGE('',*,*,#921,.F.);
#1045 = ADVANCED_FACE('',(#1046,#1116),#1012,.F.);
#1046 = FACE_BOUND('',#1047,.F.);
#1047 = EDGE_LOOP('',(#1048,#1073,#1094,#1095));
#1048 = ORIENTED_EDGE('',*,*,#1049,.F.);
#1049 = EDGE_CURVE('',#1050,#1052,#1054,.T.);
#1050 = VERTEX_POINT('',#1051);
#1051 = CARTESIAN_POINT('',(230.,200.,90.));
#1052 = VERTEX_POINT('',#1053);
#1053 = CARTESIAN_POINT('',(230.,200.,130.));
#1054 = SURFACE_CURVE('',#1055,(#1059,#1066),.PCURVE_S1.);
#1055 = LINE('',#1056,#1057);
#1056 = CARTESIAN_POINT('',(230.,200.,90.));
#1057 = VECTOR('',#1058,1.);
#1058 = DIRECTION('',(0.,0.,1.));
#1059 = PCURVE('',#1012,#1060);
#1060 = DEFINITIONAL_REPRESENTATION('',(#1061),#1065);
#1061 = LINE('',#1062,#1063);
#1062 = CARTESIAN_POINT('',(0.,0.));
#1063 = VECTOR('',#1064,1.);
#1064 = DIRECTION('',(1.,0.));
#1065 = ( GEOMETRIC_REPRESENTATION_CONTEXT(2) 
PARAMETRIC_REPRESENTATION_CONTEXT() REPRESENTATION_CONTEXT('2D SPACE',''
  ) );
#1066 = PCURVE('',#164,#1067);
#1067 = DEFINITIONAL_REPRESENTATION('',(#1068),#1072);
#1068 = LINE('',#1069,#1070);
#1069 = CARTESIAN_POINT('',(0.,0.));
#1070 = VECTOR('',#1071,1.);
#1071 = DIRECTION('',(1.,0.));
#1072 = ( GEOMETRIC_REPRESENTATION_CONTEXT(2) 
PARAMETRIC_REPRESENTATION_CONTEXT() REPRESENTATION_CONTEXT('2D SPACE',''
  ) );
#1073 = ORIENTED_EDGE('',*,*,#1074,.T.);
#1074 = EDGE_CURVE('',#1050,#974,#1075,.T.);
#1075 = SURFACE_CURVE('',#1076,(#1080,#1087),.PCURVE_S1.);
#1076 = LINE('',#1077,#1078);
#1077 = CARTESIAN_POINT('',(230.,200.,90.));
#1078 = VECTOR('',#1079,1.);
#1079 = DIRECTION('',(-0.,1.,0.));
#1080 = PCURVE('',#1012,#1081);
#1081 = DEFINITIONAL_REPRESENTATION('',(#1082),#1086);
#1082 = LINE('',#1083,#1084);
#1083 = CARTESIAN_POINT('',(0.,0.));
#1084 = VECTOR('',#1085,1.);
#1085 = DIRECTION('',(0.,-1.));
#1086 = ( GEOMETRIC_REPRESENTATION_CONTEXT(2) 
PARAMETRIC_REPRESENTATION_CONTEXT() REPRESENTATION_CONTEXT('2D SPACE',''
  ) );
#1087 = PCURVE('',#138,#1088);
#1088 = DEFINITIONAL_REPRESENTATION('',(#1089),#1093);
#1089 = LINE('',#1090,#1091);
#1090 = CARTESIAN_POINT('',(-190.,420.));
#1091 = VECTOR('',#1092,1.);
#1092 = DIRECTION('',(0.,1.));
#1093 = ( GEOMETRIC_REPRESENTATION_CONTEXT(2) 
PARAMETRIC_REPRESENTATION_CONTEXT() REPRESENTATION_CONTEXT('2D SPACE',''
  ) );
#1094 = ORIENTED_EDGE('',*,*,#996,.T.);
#1095 = ORIENTED_EDGE('',*,*,#1096,.F.);
#1096 = EDGE_CURVE('',#1052,#997,#1097,.T.);
#1097 = SURFACE_CURVE('',#1098,(#1102,#1109),.PCURVE_S1.);
#1098 = LINE('',#1099,#1100);
#1099 = CARTESIAN_POINT('',(230.,200.,130.));
#1100 = VECTOR('',#1101,1.);
#1101 = DIRECTION('',(-0.,1.,0.));
#1102 = PCURVE('',#1012,#1103);
#1103 = DEFINITIONAL_REPRESENTATION('',(#1104),#1108);
#1104 = LINE('',#1105,#1106);
#1105 = CARTESIAN_POINT('',(40.,0.));
#1106 = VECTOR('',#1107,1.);
#1107 = DIRECTION('',(0.,-1.));
#1108 = ( GEOMETRIC_REPRESENTATION_CONTEXT(2) 
PARAMETRIC_REPRESENTATION_CONTEXT() REPRESENTATION_CONTEXT('2D SPACE',''
  ) );
#1109 = PCURVE('',#82,#1110);
#1110 = DEFINITIONAL_REPRESENTATION('',(#1111),#1115);
#1111 = LINE('',#1112,#1113);
#1112 = CARTESIAN_POINT('',(-190.,420.));
#1113 = VECTOR('',#1114,1.);
#1114 = DIRECTION('',(0.,1.));
#1115 = ( GEOMETRIC_REPRESENTATION_CONTEXT(2) 
PARAMETRIC_REPRESENTATION_CONTEXT() REPRESENTATION_CONTEXT('2D SPACE',''
  ) );
#1116 = FACE_BOUND('',#1117,.F.);
#1117 = EDGE_LOOP('',(#1118,#1146,#1172,#1198));
#1118 = ORIENTED_EDGE('',*,*,#1119,.T.);
#1119 = EDGE_CURVE('',#1120,#1122,#1124,.T.);
#1120 = VERTEX_POINT('',#1121);
#1121 = CARTESIAN_POINT('',(230.,218.,92.));
#1122 = VERTEX_POINT('',#1123);
#1123 = CARTESIAN_POINT('',(230.,202.,92.));
#1124 = SURFACE_CURVE('',#1125,(#1129,#1135),.PCURVE_S1.);
#1125 = LINE('',#1126,#1127);
#1126 = CARTESIAN_POINT('',(230.,201.,92.));
#1127 = VECTOR('',#1128,1.);
#1128 = DIRECTION('',(0.,-1.,0.));
#1129 = PCURVE('',#1012,#1130);
#1130 = DEFINITIONAL_REPRESENTATION('',(#1131),#1134);
#1131 = B_SPLINE_CURVE_WITH_KNOTS('',1,(#1132,#1133),.UNSPECIFIED.,.F.,
  .F.,(2,2),(-17.,-1.),.PIECEWISE_BEZIER_KNOTS.);
#1132 = CARTESIAN_POINT('',(2.,-18.));
#1133 = CARTESIAN_POINT('',(2.,-2.));
#1134 = ( GEOMETRIC_REPRESENTATION_CONTEXT(2) 
PARAMETRIC_REPRESENTATION_CONTEXT() REPRESENTATION_CONTEXT('2D SPACE',''
  ) );
#1135 = PCURVE('',#1136,#1141);
#1136 = PLANE('',#1137);
#1137 = AXIS2_PLACEMENT_3D('',#1138,#1139,#1140);
#1138 = CARTESIAN_POINT('',(229.,202.,92.));
#1139 = DIRECTION('',(0.,0.,1.));
#1140 = DIRECTION('',(1.,0.,-0.));
#1141 = DEFINITIONAL_REPRESENTATION('',(#1142),#1145);
#1142 = B_SPLINE_CURVE_WITH_KNOTS('',1,(#1143,#1144),.UNSPECIFIED.,.F.,
  .F.,(2,2),(-17.,-1.),.PIECEWISE_BEZIER_KNOTS.);
#1143 = CARTESIAN_POINT('',(1.,16.));
#1144 = CARTESIAN_POINT('',(1.,0.));
#1145 = ( GEOMETRIC_REPRESENTATION_CONTEXT(2) 
PARAMETRIC_REPRESENTATION_CONTEXT() REPRESENTATION_CONTEXT('2D SPACE',''
  ) );
#1146 = ORIENTED_EDGE('',*,*,#1147,.T.);
#1147 = EDGE_CURVE('',#1122,#1148,#1150,.T.);
#1148 = VERTEX_POINT('',#1149);
#1149 = CARTESIAN_POINT('',(230.,202.,128.));
#1150 = SURFACE_CURVE('',#1151,(#1155,#1161),.PCURVE_S1.);
#1151 = LINE('',#1152,#1153);
#1152 = CARTESIAN_POINT('',(230.,202.,91.));
#1153 = VECTOR('',#1154,1.);
#1154 = DIRECTION('',(0.,0.,1.));
#1155 = PCURVE('',#1012,#1156);
#1156 = DEFINITIONAL_REPRESENTATION('',(#1157),#1160);
#1157 = B_SPLINE_CURVE_WITH_KNOTS('',1,(#1158,#1159),.UNSPECIFIED.,.F.,
  .F.,(2,2),(1.,37.),.PIECEWISE_BEZIER_KNOTS.);
#1158 = CARTESIAN_POINT('',(2.,-2.));
#1159 = CARTESIAN_POINT('',(38.,-2.));
#1160 = ( GEOMETRIC_REPRESENTATION_CONTEXT(2) 
PARAMETRIC_REPRESENTATION_CONTEXT() REPRESENTATION_CONTEXT('2D SPACE',''
  ) );
#1161 = PCURVE('',#1162,#1167);
#1162 = PLANE('',#1163);
#1163 = AXIS2_PLACEMENT_3D('',#1164,#1165,#1166);
#1164 = CARTESIAN_POINT('',(229.,202.,92.));
#1165 = DIRECTION('',(-0.,1.,0.));
#1166 = DIRECTION('',(0.,0.,1.));
#1167 = DEFINITIONAL_REPRESENTATION('',(#1168),#1171);
#1168 = B_SPLINE_CURVE_WITH_KNOTS('',1,(#1169,#1170),.UNSPECIFIED.,.F.,
  .F.,(2,2),(1.,37.),.PIECEWISE_BEZIER_KNOTS.);
#1169 = CARTESIAN_POINT('',(0.,1.));
#1170 = CARTESIAN_POINT('',(36.,1.));
#1171 = ( GEOMETRIC_REPRESENTATION_CONTEXT(2) 
PARAMETRIC_REPRESENTATION_CONTEXT() REPRESENTATION_CONTEXT('2D SPACE',''
  ) );
#1172 = ORIENTED_EDGE('',*,*,#1173,.F.);
#1173 = EDGE_CURVE('',#1174,#1148,#1176,.T.);
#1174 = VERTEX_POINT('',#1175);
#1175 = CARTESIAN_POINT('',(230.,218.,128.));
#1176 = SURFACE_CURVE('',#1177,(#1181,#1187),.PCURVE_S1.);
#1177 = LINE('',#1178,#1179);
#1178 = CARTESIAN_POINT('',(230.,201.,128.));
#1179 = VECTOR('',#1180,1.);
#1180 = DIRECTION('',(0.,-1.,0.));
#1181 = PCURVE('',#1012,#1182);
#1182 = DEFINITIONAL_REPRESENTATION('',(#1183),#1186);
#1183 = B_SPLINE_CURVE_WITH_KNOTS('',1,(#1184,#1185),.UNSPECIFIED.,.F.,
  .F.,(2,2),(-17.,-1.),.PIECEWISE_BEZIER_KNOTS.);
#1184 = CARTESIAN_POINT('',(38.,-18.));
#1185 = CARTESIAN_POINT('',(38.,-2.));
#1186 = ( GEOMETRIC_REPRESENTATION_CONTEXT(2) 
PARAMETRIC_REPRESENTATION_CONTEXT() REPRESENTATION_CONTEXT('2D SPACE',''
  ) );
#1187 = PCURVE('',#1188,#1193);
#1188 = PLANE('',#1189);
#1189 = AXIS2_PLACEMENT_3D('',#1190,#1191,#1192);
#1190 = CARTESIAN_POINT('',(229.,202.,128.));
#1191 = DIRECTION('',(0.,0.,1.));
#1192 = DIRECTION('',(1.,0.,-0.));
#1193 = DEFINITIONAL_REPRESENTATION('',(#1194),#1197);
#1194 = B_SPLINE_CURVE_WITH_KNOTS('',1,(#1195,#1196),.UNSPECIFIED.,.F.,
  .F.,(2,2),(-17.,-1.),.PIECEWISE_BEZIER_KNOTS.);
#1195 = CARTESIAN_POINT('',(1.,16.));
#1196 = CARTESIAN_POINT('',(1.,0.));
#1197 = ( GEOMETRIC_REPRESENTATION_CONTEXT(2) 
PARAMETRIC_REPRESENTATION_CONTEXT() REPRESENTATION_CONTEXT('2D SPACE',''
  ) );
#1198 = ORIENTED_EDGE('',*,*,#1199,.F.);
#1199 = EDGE_CURVE('',#1120,#1174,#1200,.T.);
#1200 = SURFACE_CURVE('',#1201,(#1205,#1211),.PCURVE_S1.);
#1201 = LINE('',#1202,#1203);
#1202 = CARTESIAN_POINT('',(230.,218.,91.));
#1203 = VECTOR('',#1204,1.);
#1204 = DIRECTION('',(0.,0.,1.));
#1205 = PCURVE('',#1012,#1206);
#1206 = DEFINITIONAL_REPRESENTATION('',(#1207),#1210);
#1207 = B_SPLINE_CURVE_WITH_KNOTS('',1,(#1208,#1209),.UNSPECIFIED.,.F.,
  .F.,(2,2),(1.,37.),.PIECEWISE_BEZIER_KNOTS.);
#1208 = CARTESIAN_POINT('',(2.,-18.));
#1209 = CARTESIAN_POINT('',(38.,-18.));
#1210 = ( GEOMETRIC_REPRESENTATION_CONTEXT(2) 
PARAMETRIC_REPRESENTATION_CONTEXT() REPRESENTATION_CONTEXT('2D SPACE',''
  ) );
#1211 = PCURVE('',#1212,#1217);
#1212 = PLANE('',#1213);
#1213 = AXIS2_PLACEMENT_3D('',#1214,#1215,#1216);
#1214 = CARTESIAN_POINT('',(229.,218.,92.));
#1215 = DIRECTION('',(-0.,1.,0.));
#1216 = DIRECTION('',(0.,0.,1.));
#1217 = DEFINITIONAL_REPRESENTATION('',(#1218),#1221);
#1218 = B_SPLINE_CURVE_WITH_KNOTS('',1,(#1219,#1220),.UNSPECIFIED.,.F.,
  .F.,(2,2),(1.,37.),.PIECEWISE_BEZIER_KNOTS.);
#1219 = CARTESIAN_POINT('',(0.,1.));
#1220 = CARTESIAN_POINT('',(36.,1.));
#1221 = ( GEOMETRIC_REPRESENTATION_CONTEXT(2) 
PARAMETRIC_REPRESENTATION_CONTEXT() REPRESENTATION_CONTEXT('2D SPACE',''
  ) );
#1222 = ADVANCED_FACE('',(#1223,#1297,#1332),#1162,.T.);
#1223 = FACE_BOUND('',#1224,.T.);
#1224 = EDGE_LOOP('',(#1225,#1248,#1249,#1272));
#1225 = ORIENTED_EDGE('',*,*,#1226,.F.);
#1226 = EDGE_CURVE('',#1122,#1227,#1229,.T.);
#1227 = VERTEX_POINT('',#1228);
#1228 = CARTESIAN_POINT('',(420.,202.,92.));
#1229 = SURFACE_CURVE('',#1230,(#1234,#1241),.PCURVE_S1.);
#1230 = LINE('',#1231,#1232);
#1231 = CARTESIAN_POINT('',(229.,202.,92.));
#1232 = VECTOR('',#1233,1.);
#1233 = DIRECTION('',(1.,0.,-0.));
#1234 = PCURVE('',#1162,#1235);
#1235 = DEFINITIONAL_REPRESENTATION('',(#1236),#1240);
#1236 = LINE('',#1237,#1238);
#1237 = CARTESIAN_POINT('',(0.,0.));
#1238 = VECTOR('',#1239,1.);
#1239 = DIRECTION('',(0.,1.));
#1240 = ( GEOMETRIC_REPRESENTATION_CONTEXT(2) 
PARAMETRIC_REPRESENTATION_CONTEXT() REPRESENTATION_CONTEXT('2D SPACE',''
  ) );
#1241 = PCURVE('',#1136,#1242);
#1242 = DEFINITIONAL_REPRESENTATION('',(#1243),#1247);
#1243 = LINE('',#1244,#1245);
#1244 = CARTESIAN_POINT('',(0.,0.));
#1245 = VECTOR('',#1246,1.);
#1246 = DIRECTION('',(1.,0.));
#1247 = ( GEOMETRIC_REPRESENTATION_CONTEXT(2) 
PARAMETRIC_REPRESENTATION_CONTEXT() REPRESENTATION_CONTEXT('2D SPACE',''
  ) );
#1248 = ORIENTED_EDGE('',*,*,#1147,.T.);
#1249 = ORIENTED_EDGE('',*,*,#1250,.T.);
#1250 = EDGE_CURVE('',#1148,#1251,#1253,.T.);
#1251 = VERTEX_POINT('',#1252);
#1252 = CARTESIAN_POINT('',(420.,202.,128.));
#1253 = SURFACE_CURVE('',#1254,(#1258,#1265),.PCURVE_S1.);
#1254 = LINE('',#1255,#1256);
#1255 = CARTESIAN_POINT('',(229.,202.,128.));
#1256 = VECTOR('',#1257,1.);
#1257 = DIRECTION('',(1.,0.,-0.));
#1258 = PCURVE('',#1162,#1259);
#1259 = DEFINITIONAL_REPRESENTATION('',(#1260),#1264);
#1260 = LINE('',#1261,#1262);
#1261 = CARTESIAN_POINT('',(36.,0.));
#1262 = VECTOR('',#1263,1.);
#1263 = DIRECTION('',(0.,1.));
#1264 = ( GEOMETRIC_REPRESENTATION_CONTEXT(2) 
PARAMETRIC_REPRESENTATION_CONTEXT() REPRESENTATION_CONTEXT('2D SPACE',''
  ) );
#1265 = PCURVE('',#1188,#1266);
#1266 = DEFINITIONAL_REPRESENTATION('',(#1267),#1271);
#1267 = LINE('',#1268,#1269);
#1268 = CARTESIAN_POINT('',(0.,0.));
#1269 = VECTOR('',#1270,1.);
#1270 = DIRECTION('',(1.,0.));
#1271 = ( GEOMETRIC_REPRESENTATION_CONTEXT(2) 
PARAMETRIC_REPRESENTATION_CONTEXT() REPRESENTATION_CONTEXT('2D SPACE',''
  ) );
#1272 = ORIENTED_EDGE('',*,*,#1273,.F.);
#1273 = EDGE_CURVE('',#1227,#1251,#1274,.T.);
#1274 = SURFACE_CURVE('',#1275,(#1279,#1285),.PCURVE_S1.);
#1275 = LINE('',#1276,#1277);
#1276 = CARTESIAN_POINT('',(420.,202.,91.));
#1277 = VECTOR('',#1278,1.);
#1278 = DIRECTION('',(0.,0.,1.));
#1279 = PCURVE('',#1162,#1280);
#1280 = DEFINITIONAL_REPRESENTATION('',(#1281),#1284);
#1281 = B_SPLINE_CURVE_WITH_KNOTS('',1,(#1282,#1283),.UNSPECIFIED.,.F.,
  .F.,(2,2),(1.,37.),.PIECEWISE_BEZIER_KNOTS.);
#1282 = CARTESIAN_POINT('',(0.,191.));
#1283 = CARTESIAN_POINT('',(36.,191.));
#1284 = ( GEOMETRIC_REPRESENTATION_CONTEXT(2) 
PARAMETRIC_REPRESENTATION_CONTEXT() REPRESENTATION_CONTEXT('2D SPACE',''
  ) );
#1285 = PCURVE('',#1286,#1291);
#1286 = PLANE('',#1287);
#1287 = AXIS2_PLACEMENT_3D('',#1288,#1289,#1290);
#1288 = CARTESIAN_POINT('',(420.,-220.,90.));
#1289 = DIRECTION('',(1.,0.,-0.));
#1290 = DIRECTION('',(0.,0.,1.));
#1291 = DEFINITIONAL_REPRESENTATION('',(#1292),#1296);
#1292 = LINE('',#1293,#1294);
#1293 = CARTESIAN_POINT('',(1.,-422.));
#1294 = VECTOR('',#1295,1.);
#1295 = DIRECTION('',(1.,0.));
#1296 = ( GEOMETRIC_REPRESENTATION_CONTEXT(2) 
PARAMETRIC_REPRESENTATION_CONTEXT() REPRESENTATION_CONTEXT('2D SPACE',''
  ) );
#1297 = FACE_BOUND('',#1298,.T.);
#1298 = EDGE_LOOP('',(#1299));
#1299 = ORIENTED_EDGE('',*,*,#1300,.T.);
#1300 = EDGE_CURVE('',#1301,#1301,#1303,.T.);
#1301 = VERTEX_POINT('',#1302);
#1302 = CARTESIAN_POINT('',(355.5,202.,110.));
#1303 = SURFACE_CURVE('',#1304,(#1309,#1320),.PCURVE_S1.);
#1304 = CIRCLE('',#1305,5.5);
#1305 = AXIS2_PLACEMENT_3D('',#1306,#1307,#1308);
#1306 = CARTESIAN_POINT('',(350.,202.,110.));
#1307 = DIRECTION('',(0.,-1.,2.22044604925E-16));
#1308 = DIRECTION('',(1.,0.,0.));
#1309 = PCURVE('',#1162,#1310);
#1310 = DEFINITIONAL_REPRESENTATION('',(#1311),#1319);
#1311 = ( BOUNDED_CURVE() B_SPLINE_CURVE(2,(#1312,#1313,#1314,#1315,
#1316,#1317,#1318),.UNSPECIFIED.,.T.,.F.) B_SPLINE_CURVE_WITH_KNOTS((1,2
    ,2,2,2,1),(-2.094395102393,0.,2.094395102393,4.188790204786,
6.28318530718,8.377580409573),.UNSPECIFIED.) CURVE() 
GEOMETRIC_REPRESENTATION_ITEM() RATIONAL_B_SPLINE_CURVE((1.,0.5,1.,0.5,
1.,0.5,1.)) REPRESENTATION_ITEM('') );
#1312 = CARTESIAN_POINT('',(18.,126.5));
#1313 = CARTESIAN_POINT('',(27.526279441629,126.5));
#1314 = CARTESIAN_POINT('',(22.763139720814,118.25));
#1315 = CARTESIAN_POINT('',(18.,110.));
#1316 = CARTESIAN_POINT('',(13.236860279186,118.25));
#1317 = CARTESIAN_POINT('',(8.473720558371,126.5));
#1318 = CARTESIAN_POINT('',(18.,126.5));
#1319 = ( GEOMETRIC_REPRESENTATION_CONTEXT(2) 
PARAMETRIC_REPRESENTATION_CONTEXT() REPRESENTATION_CONTEXT('2D SPACE',''
  ) );
#1320 = PCURVE('',#1321,#1326);
#1321 = CYLINDRICAL_SURFACE('',#1322,5.5);
#1322 = AXIS2_PLACEMENT_3D('',#1323,#1324,#1325);
#1323 = CARTESIAN_POINT('',(350.,203.,110.));
#1324 = DIRECTION('',(0.,-1.,2.22044604925E-16));
#1325 = DIRECTION('',(1.,0.,0.));
#1326 = DEFINITIONAL_REPRESENTATION('',(#1327),#1331);
#1327 = LINE('',#1328,#1329);
#1328 = CARTESIAN_POINT('',(0.,1.));
#1329 = VECTOR('',#1330,1.);
#1330 = DIRECTION('',(1.,0.));
#1331 = ( GEOMETRIC_REPRESENTATION_CONTEXT(2) 
PARAMETRIC_REPRESENTATION_CONTEXT() REPRESENTATION_CONTEXT('2D SPACE',''
  ) );
#1332 = FACE_BOUND('',#1333,.T.);
#1333 = EDGE_LOOP('',(#1334));
#1334 = ORIENTED_EDGE('',*,*,#1335,.T.);
#1335 = EDGE_CURVE('',#1336,#1336,#1338,.T.);
#1336 = VERTEX_POINT('',#1337);
#1337 = CARTESIAN_POINT('',(375.5,202.,110.));
#1338 = SURFACE_CURVE('',#1339,(#1344,#1355),.PCURVE_S1.);
#1339 = CIRCLE('',#1340,5.5);
#1340 = AXIS2_PLACEMENT_3D('',#1341,#1342,#1343);
#1341 = CARTESIAN_POINT('',(370.,202.,110.));
#1342 = DIRECTION('',(0.,-1.,2.22044604925E-16));
#1343 = DIRECTION('',(1.,0.,0.));
#1344 = PCURVE('',#1162,#1345);
#1345 = DEFINITIONAL_REPRESENTATION('',(#1346),#1354);
#1346 = ( BOUNDED_CURVE() B_SPLINE_CURVE(2,(#1347,#1348,#1349,#1350,
#1351,#1352,#1353),.UNSPECIFIED.,.T.,.F.) B_SPLINE_CURVE_WITH_KNOTS((1,2
    ,2,2,2,1),(-2.094395102393,0.,2.094395102393,4.188790204786,
6.28318530718,8.377580409573),.UNSPECIFIED.) CURVE() 
GEOMETRIC_REPRESENTATION_ITEM() RATIONAL_B_SPLINE_CURVE((1.,0.5,1.,0.5,
1.,0.5,1.)) REPRESENTATION_ITEM('') );
#1347 = CARTESIAN_POINT('',(18.,146.5));
#1348 = CARTESIAN_POINT('',(27.526279441629,146.5));
#1349 = CARTESIAN_POINT('',(22.763139720814,138.25));
#1350 = CARTESIAN_POINT('',(18.,130.));
#1351 = CARTESIAN_POINT('',(13.236860279186,138.25));
#1352 = CARTESIAN_POINT('',(8.473720558371,146.5));
#1353 = CARTESIAN_POINT('',(18.,146.5));
#1354 = ( GEOMETRIC_REPRESENTATION_CONTEXT(2) 
PARAMETRIC_REPRESENTATION_CONTEXT() REPRESENTATION_CONTEXT('2D SPACE',''
  ) );
#1355 = PCURVE('',#1356,#1361);
#1356 = CYLINDRICAL_SURFACE('',#1357,5.5);
#1357 = AXIS2_PLACEMENT_3D('',#1358,#1359,#1360);
#1358 = CARTESIAN_POINT('',(370.,203.,110.));
#1359 = DIRECTION('',(0.,-1.,2.22044604925E-16));
#1360 = DIRECTION('',(1.,0.,0.));
#1361 = DEFINITIONAL_REPRESENTATION('',(#1362),#1366);
#1362 = LINE('',#1363,#1364);
#1363 = CARTESIAN_POINT('',(0.,1.));
#1364 = VECTOR('',#1365,1.);
#1365 = DIRECTION('',(1.,0.));
#1366 = ( GEOMETRIC_REPRESENTATION_CONTEXT(2) 
PARAMETRIC_REPRESENTATION_CONTEXT() REPRESENTATION_CONTEXT('2D SPACE',''
  ) );
#1367 = ADVANCED_FACE('',(#1368),#1356,.F.);
#1368 = FACE_BOUND('',#1369,.F.);
#1369 = EDGE_LOOP('',(#1370,#1398,#1419,#1420));
#1370 = ORIENTED_EDGE('',*,*,#1371,.F.);
#1371 = EDGE_CURVE('',#1372,#1372,#1374,.T.);
#1372 = VERTEX_POINT('',#1373);
#1373 = CARTESIAN_POINT('',(375.5,200.,110.));
#1374 = SURFACE_CURVE('',#1375,(#1380,#1387),.PCURVE_S1.);
#1375 = CIRCLE('',#1376,5.5);
#1376 = AXIS2_PLACEMENT_3D('',#1377,#1378,#1379);
#1377 = CARTESIAN_POINT('',(370.,200.,110.));
#1378 = DIRECTION('',(0.,-1.,2.22044604925E-16));
#1379 = DIRECTION('',(1.,0.,0.));
#1380 = PCURVE('',#1356,#1381);
#1381 = DEFINITIONAL_REPRESENTATION('',(#1382),#1386);
#1382 = LINE('',#1383,#1384);
#1383 = CARTESIAN_POINT('',(0.,3.));
#1384 = VECTOR('',#1385,1.);
#1385 = DIRECTION('',(1.,0.));
#1386 = ( GEOMETRIC_REPRESENTATION_CONTEXT(2) 
PARAMETRIC_REPRESENTATION_CONTEXT() REPRESENTATION_CONTEXT('2D SPACE',''
  ) );
#1387 = PCURVE('',#164,#1388);
#1388 = DEFINITIONAL_REPRESENTATION('',(#1389),#1397);
#1389 = ( BOUNDED_CURVE() B_SPLINE_CURVE(2,(#1390,#1391,#1392,#1393,
#1394,#1395,#1396),.UNSPECIFIED.,.T.,.F.) B_SPLINE_CURVE_WITH_KNOTS((1,2
    ,2,2,2,1),(-2.094395102393,0.,2.094395102393,4.188790204786,
6.28318530718,8.377580409573),.UNSPECIFIED.) CURVE() 
GEOMETRIC_REPRESENTATION_ITEM() RATIONAL_B_SPLINE_CURVE((1.,0.5,1.,0.5,
1.,0.5,1.)) REPRESENTATION_ITEM('') );
#1390 = CARTESIAN_POINT('',(20.,145.5));
#1391 = CARTESIAN_POINT('',(29.526279441629,145.5));
#1392 = CARTESIAN_POINT('',(24.763139720814,137.25));
#1393 = CARTESIAN_POINT('',(20.,129.));
#1394 = CARTESIAN_POINT('',(15.236860279186,137.25));
#1395 = CARTESIAN_POINT('',(10.473720558371,145.5));
#1396 = CARTESIAN_POINT('',(20.,145.5));
#1397 = ( GEOMETRIC_REPRESENTATION_CONTEXT(2) 
PARAMETRIC_REPRESENTATION_CONTEXT() REPRESENTATION_CONTEXT('2D SPACE',''
  ) );
#1398 = ORIENTED_EDGE('',*,*,#1399,.F.);
#1399 = EDGE_CURVE('',#1336,#1372,#1400,.T.);
#1400 = SEAM_CURVE('',#1401,(#1405,#1412),.PCURVE_S1.);
#1401 = LINE('',#1402,#1403);
#1402 = CARTESIAN_POINT('',(375.5,203.,110.));
#1403 = VECTOR('',#1404,1.);
#1404 = DIRECTION('',(0.,-1.,2.22044604925E-16));
#1405 = PCURVE('',#1356,#1406);
#1406 = DEFINITIONAL_REPRESENTATION('',(#1407),#1411);
#1407 = LINE('',#1408,#1409);
#1408 = CARTESIAN_POINT('',(6.28318530718,-0.));
#1409 = VECTOR('',#1410,1.);
#1410 = DIRECTION('',(0.,1.));
#1411 = ( GEOMETRIC_REPRESENTATION_CONTEXT(2) 
PARAMETRIC_REPRESENTATION_CONTEXT() REPRESENTATION_CONTEXT('2D SPACE',''
  ) );
#1412 = PCURVE('',#1356,#1413);
#1413 = DEFINITIONAL_REPRESENTATION('',(#1414),#1418);
#1414 = LINE('',#1415,#1416);
#1415 = CARTESIAN_POINT('',(0.,-0.));
#1416 = VECTOR('',#1417,1.);
#1417 = DIRECTION('',(0.,1.));
#1418 = ( GEOMETRIC_REPRESENTATION_CONTEXT(2) 
PARAMETRIC_REPRESENTATION_CONTEXT() REPRESENTATION_CONTEXT('2D SPACE',''
  ) );
#1419 = ORIENTED_EDGE('',*,*,#1335,.T.);
#1420 = ORIENTED_EDGE('',*,*,#1399,.T.);
#1421 = ADVANCED_FACE('',(#1422),#1321,.F.);
#1422 = FACE_BOUND('',#1423,.F.);
#1423 = EDGE_LOOP('',(#1424,#1452,#1473,#1474));
#1424 = ORIENTED_EDGE('',*,*,#1425,.F.);
#1425 = EDGE_CURVE('',#1426,#1426,#1428,.T.);
#1426 = VERTEX_POINT('',#1427);
#1427 = CARTESIAN_POINT('',(355.5,200.,110.));
#1428 = SURFACE_CURVE('',#1429,(#1434,#1441),.PCURVE_S1.);
#1429 = CIRCLE('',#1430,5.5);
#1430 = AXIS2_PLACEMENT_3D('',#1431,#1432,#1433);
#1431 = CARTESIAN_POINT('',(350.,200.,110.));
#1432 = DIRECTION('',(0.,-1.,2.22044604925E-16));
#1433 = DIRECTION('',(1.,0.,0.));
#1434 = PCURVE('',#1321,#1435);
#1435 = DEFINITIONAL_REPRESENTATION('',(#1436),#1440);
#1436 = LINE('',#1437,#1438);
#1437 = CARTESIAN_POINT('',(0.,3.));
#1438 = VECTOR('',#1439,1.);
#1439 = DIRECTION('',(1.,0.));
#1440 = ( GEOMETRIC_REPRESENTATION_CONTEXT(2) 
PARAMETRIC_REPRESENTATION_CONTEXT() REPRESENTATION_CONTEXT('2D SPACE',''
  ) );
#1441 = PCURVE('',#164,#1442);
#1442 = DEFINITIONAL_REPRESENTATION('',(#1443),#1451);
#1443 = ( BOUNDED_CURVE() B_SPLINE_CURVE(2,(#1444,#1445,#1446,#1447,
#1448,#1449,#1450),.UNSPECIFIED.,.T.,.F.) B_SPLINE_CURVE_WITH_KNOTS((1,2
    ,2,2,2,1),(-2.094395102393,0.,2.094395102393,4.188790204786,
6.28318530718,8.377580409573),.UNSPECIFIED.) CURVE() 
GEOMETRIC_REPRESENTATION_ITEM() RATIONAL_B_SPLINE_CURVE((1.,0.5,1.,0.5,
1.,0.5,1.)) REPRESENTATION_ITEM('') );
#1444 = CARTESIAN_POINT('',(20.,125.5));
#1445 = CARTESIAN_POINT('',(29.526279441629,125.5));
#1446 = CARTESIAN_POINT('',(24.763139720814,117.25));
#1447 = CARTESIAN_POINT('',(20.,109.));
#1448 = CARTESIAN_POINT('',(15.236860279186,117.25));
#1449 = CARTESIAN_POINT('',(10.473720558371,125.5));
#1450 = CARTESIAN_POINT('',(20.,125.5));
#1451 = ( GEOMETRIC_REPRESENTATION_CONTEXT(2) 
PARAMETRIC_REPRESENTATION_CONTEXT() REPRESENTATION_CONTEXT('2D SPACE',''
  ) );
#1452 = ORIENTED_EDGE('',*,*,#1453,.F.);
#1453 = EDGE_CURVE('',#1301,#1426,#1454,.T.);
#1454 = SEAM_CURVE('',#1455,(#1459,#1466),.PCURVE_S1.);
#1455 = LINE('',#1456,#1457);
#1456 = CARTESIAN_POINT('',(355.5,203.,110.));
#1457 = VECTOR('',#1458,1.);
#1458 = DIRECTION('',(0.,-1.,2.22044604925E-16));
#1459 = PCURVE('',#1321,#1460);
#1460 = DEFINITIONAL_REPRESENTATION('',(#1461),#1465);
#1461 = LINE('',#1462,#1463);
#1462 = CARTESIAN_POINT('',(6.28318530718,-0.));
#1463 = VECTOR('',#1464,1.);
#1464 = DIRECTION('',(0.,1.));
#1465 = ( GEOMETRIC_REPRESENTATION_CONTEXT(2) 
PARAMETRIC_REPRESENTATION_CONTEXT() REPRESENTATION_CONTEXT('2D SPACE',''
  ) );
#1466 = PCURVE('',#1321,#1467);
#1467 = DEFINITIONAL_REPRESENTATION('',(#1468),#1472);
#1468 = LINE('',#1469,#1470);
#1469 = CARTESIAN_POINT('',(0.,-0.));
#1470 = VECTOR('',#1471,1.);
#1471 = DIRECTION('',(0.,1.));
#1472 = ( GEOMETRIC_REPRESENTATION_CONTEXT(2) 
PARAMETRIC_REPRESENTATION_CONTEXT() REPRESENTATION_CONTEXT('2D SPACE',''
  ) );
#1473 = ORIENTED_EDGE('',*,*,#1300,.T.);
#1474 = ORIENTED_EDGE('',*,*,#1453,.T.);
#1475 = ADVANCED_FACE('',(#1476),#1286,.F.);
#1476 = FACE_BOUND('',#1477,.F.);
#1477 = EDGE_LOOP('',(#1478,#1500,#1522,#1542));
#1478 = ORIENTED_EDGE('',*,*,#1479,.F.);
#1479 = EDGE_CURVE('',#1480,#1227,#1482,.T.);
#1480 = VERTEX_POINT('',#1481);
#1481 = CARTESIAN_POINT('',(420.,218.,92.));
#1482 = SURFACE_CURVE('',#1483,(#1487,#1494),.PCURVE_S1.);
#1483 = LINE('',#1484,#1485);
#1484 = CARTESIAN_POINT('',(420.,201.,92.));
#1485 = VECTOR('',#1486,1.);
#1486 = DIRECTION('',(0.,-1.,0.));
#1487 = PCURVE('',#1286,#1488);
#1488 = DEFINITIONAL_REPRESENTATION('',(#1489),#1493);
#1489 = LINE('',#1490,#1491);
#1490 = CARTESIAN_POINT('',(2.,-421.));
#1491 = VECTOR('',#1492,1.);
#1492 = DIRECTION('',(0.,1.));
#1493 = ( GEOMETRIC_REPRESENTATION_CONTEXT(2) 
PARAMETRIC_REPRESENTATION_CONTEXT() REPRESENTATION_CONTEXT('2D SPACE',''
  ) );
#1494 = PCURVE('',#1136,#1495);
#1495 = DEFINITIONAL_REPRESENTATION('',(#1496),#1499);
#1496 = B_SPLINE_CURVE_WITH_KNOTS('',1,(#1497,#1498),.UNSPECIFIED.,.F.,
  .F.,(2,2),(-17.,-1.),.PIECEWISE_BEZIER_KNOTS.);
#1497 = CARTESIAN_POINT('',(191.,16.));
#1498 = CARTESIAN_POINT('',(191.,0.));
#1499 = ( GEOMETRIC_REPRESENTATION_CONTEXT(2) 
PARAMETRIC_REPRESENTATION_CONTEXT() REPRESENTATION_CONTEXT('2D SPACE',''
  ) );
#1500 = ORIENTED_EDGE('',*,*,#1501,.T.);
#1501 = EDGE_CURVE('',#1480,#1502,#1504,.T.);
#1502 = VERTEX_POINT('',#1503);
#1503 = CARTESIAN_POINT('',(420.,218.,128.));
#1504 = SURFACE_CURVE('',#1505,(#1509,#1516),.PCURVE_S1.);
#1505 = LINE('',#1506,#1507);
#1506 = CARTESIAN_POINT('',(420.,218.,91.));
#1507 = VECTOR('',#1508,1.);
#1508 = DIRECTION('',(0.,0.,1.));
#1509 = PCURVE('',#1286,#1510);
#1510 = DEFINITIONAL_REPRESENTATION('',(#1511),#1515);
#1511 = LINE('',#1512,#1513);
#1512 = CARTESIAN_POINT('',(1.,-438.));
#1513 = VECTOR('',#1514,1.);
#1514 = DIRECTION('',(1.,0.));
#1515 = ( GEOMETRIC_REPRESENTATION_CONTEXT(2) 
PARAMETRIC_REPRESENTATION_CONTEXT() REPRESENTATION_CONTEXT('2D SPACE',''
  ) );
#1516 = PCURVE('',#1212,#1517);
#1517 = DEFINITIONAL_REPRESENTATION('',(#1518),#1521);
#1518 = B_SPLINE_CURVE_WITH_KNOTS('',1,(#1519,#1520),.UNSPECIFIED.,.F.,
  .F.,(2,2),(1.,37.),.PIECEWISE_BEZIER_KNOTS.);
#1519 = CARTESIAN_POINT('',(0.,191.));
#1520 = CARTESIAN_POINT('',(36.,191.));
#1521 = ( GEOMETRIC_REPRESENTATION_CONTEXT(2) 
PARAMETRIC_REPRESENTATION_CONTEXT() REPRESENTATION_CONTEXT('2D SPACE',''
  ) );
#1522 = ORIENTED_EDGE('',*,*,#1523,.T.);
#1523 = EDGE_CURVE('',#1502,#1251,#1524,.T.);
#1524 = SURFACE_CURVE('',#1525,(#1529,#1536),.PCURVE_S1.);
#1525 = LINE('',#1526,#1527);
#1526 = CARTESIAN_POINT('',(420.,201.,128.));
#1527 = VECTOR('',#1528,1.);
#1528 = DIRECTION('',(0.,-1.,0.));
#1529 = PCURVE('',#1286,#1530);
#1530 = DEFINITIONAL_REPRESENTATION('',(#1531),#1535);
#1531 = LINE('',#1532,#1533);
#1532 = CARTESIAN_POINT('',(38.,-421.));
#1533 = VECTOR('',#1534,1.);
#1534 = DIRECTION('',(0.,1.));
#1535 = ( GEOMETRIC_REPRESENTATION_CONTEXT(2) 
PARAMETRIC_REPRESENTATION_CONTEXT() REPRESENTATION_CONTEXT('2D SPACE',''
  ) );
#1536 = PCURVE('',#1188,#1537);
#1537 = DEFINITIONAL_REPRESENTATION('',(#1538),#1541);
#1538 = B_SPLINE_CURVE_WITH_KNOTS('',1,(#1539,#1540),.UNSPECIFIED.,.F.,
  .F.,(2,2),(-17.,-1.),.PIECEWISE_BEZIER_KNOTS.);
#1539 = CARTESIAN_POINT('',(191.,16.));
#1540 = CARTESIAN_POINT('',(191.,0.));
#1541 = ( GEOMETRIC_REPRESENTATION_CONTEXT(2) 
PARAMETRIC_REPRESENTATION_CONTEXT() REPRESENTATION_CONTEXT('2D SPACE',''
  ) );
#1542 = ORIENTED_EDGE('',*,*,#1273,.F.);
#1543 = ADVANCED_FACE('',(#1544),#1188,.F.);
#1544 = FACE_BOUND('',#1545,.F.);
#1545 = EDGE_LOOP('',(#1546,#1567,#1568,#1569));
#1546 = ORIENTED_EDGE('',*,*,#1547,.F.);
#1547 = EDGE_CURVE('',#1174,#1502,#1548,.T.);
#1548 = SURFACE_CURVE('',#1549,(#1553,#1560),.PCURVE_S1.);
#1549 = LINE('',#1550,#1551);
#1550 = CARTESIAN_POINT('',(229.,218.,128.));
#1551 = VECTOR('',#1552,1.);
#1552 = DIRECTION('',(1.,0.,-0.));
#1553 = PCURVE('',#1188,#1554);
#1554 = DEFINITIONAL_REPRESENTATION('',(#1555),#1559);
#1555 = LINE('',#1556,#1557);
#1556 = CARTESIAN_POINT('',(0.,16.));
#1557 = VECTOR('',#1558,1.);
#1558 = DIRECTION('',(1.,0.));
#1559 = ( GEOMETRIC_REPRESENTATION_CONTEXT(2) 
PARAMETRIC_REPRESENTATION_CONTEXT() REPRESENTATION_CONTEXT('2D SPACE',''
  ) );
#1560 = PCURVE('',#1212,#1561);
#1561 = DEFINITIONAL_REPRESENTATION('',(#1562),#1566);
#1562 = LINE('',#1563,#1564);
#1563 = CARTESIAN_POINT('',(36.,0.));
#1564 = VECTOR('',#1565,1.);
#1565 = DIRECTION('',(0.,1.));
#1566 = ( GEOMETRIC_REPRESENTATION_CONTEXT(2) 
PARAMETRIC_REPRESENTATION_CONTEXT() REPRESENTATION_CONTEXT('2D SPACE',''
  ) );
#1567 = ORIENTED_EDGE('',*,*,#1173,.T.);
#1568 = ORIENTED_EDGE('',*,*,#1250,.T.);
#1569 = ORIENTED_EDGE('',*,*,#1523,.F.);
#1570 = ADVANCED_FACE('',(#1571),#1212,.F.);
#1571 = FACE_BOUND('',#1572,.F.);
#1572 = EDGE_LOOP('',(#1573,#1594,#1595,#1596));
#1573 = ORIENTED_EDGE('',*,*,#1574,.F.);
#1574 = EDGE_CURVE('',#1120,#1480,#1575,.T.);
#1575 = SURFACE_CURVE('',#1576,(#1580,#1587),.PCURVE_S1.);
#1576 = LINE('',#1577,#1578);
#1577 = CARTESIAN_POINT('',(229.,218.,92.));
#1578 = VECTOR('',#1579,1.);
#1579 = DIRECTION('',(1.,0.,-0.));
#1580 = PCURVE('',#1212,#1581);
#1581 = DEFINITIONAL_REPRESENTATION('',(#1582),#1586);
#1582 = LINE('',#1583,#1584);
#1583 = CARTESIAN_POINT('',(0.,0.));
#1584 = VECTOR('',#1585,1.);
#1585 = DIRECTION('',(0.,1.));
#1586 = ( GEOMETRIC_REPRESENTATION_CONTEXT(2) 
PARAMETRIC_REPRESENTATION_CONTEXT() REPRESENTATION_CONTEXT('2D SPACE',''
  ) );
#1587 = PCURVE('',#1136,#1588);
#1588 = DEFINITIONAL_REPRESENTATION('',(#1589),#1593);
#1589 = LINE('',#1590,#1591);
#1590 = CARTESIAN_POINT('',(0.,16.));
#1591 = VECTOR('',#1592,1.);
#1592 = DIRECTION('',(1.,0.));
#1593 = ( GEOMETRIC_REPRESENTATION_CONTEXT(2) 
PARAMETRIC_REPRESENTATION_CONTEXT() REPRESENTATION_CONTEXT('2D SPACE',''
  ) );
#1594 = ORIENTED_EDGE('',*,*,#1199,.T.);
#1595 = ORIENTED_EDGE('',*,*,#1547,.T.);
#1596 = ORIENTED_EDGE('',*,*,#1501,.F.);
#1597 = ADVANCED_FACE('',(#1598),#1136,.T.);
#1598 = FACE_BOUND('',#1599,.T.);
#1599 = EDGE_LOOP('',(#1600,#1601,#1602,#1603));
#1600 = ORIENTED_EDGE('',*,*,#1574,.F.);
#1601 = ORIENTED_EDGE('',*,*,#1119,.T.);
#1602 = ORIENTED_EDGE('',*,*,#1226,.T.);
#1603 = ORIENTED_EDGE('',*,*,#1479,.F.);
#1604 = ADVANCED_FACE('',(#1605),#138,.F.);
#1605 = FACE_BOUND('',#1606,.F.);
#1606 = EDGE_LOOP('',(#1607,#1608,#1609,#1610,#1611,#1612,#1613,#1614));
#1607 = ORIENTED_EDGE('',*,*,#122,.F.);
#1608 = ORIENTED_EDGE('',*,*,#179,.F.);
#1609 = ORIENTED_EDGE('',*,*,#740,.T.);
#1610 = ORIENTED_EDGE('',*,*,#821,.F.);
#1611 = ORIENTED_EDGE('',*,*,#898,.T.);
#1612 = ORIENTED_EDGE('',*,*,#973,.F.);
#1613 = ORIENTED_EDGE('',*,*,#1074,.F.);
#1614 = ORIENTED_EDGE('',*,*,#1615,.T.);
#1615 = EDGE_CURVE('',#1050,#123,#1616,.T.);
#1616 = SURFACE_CURVE('',#1617,(#1621,#1628),.PCURVE_S1.);
#1617 = LINE('',#1618,#1619);
#1618 = CARTESIAN_POINT('',(230.,200.,90.));
#1619 = VECTOR('',#1620,1.);
#1620 = DIRECTION('',(1.,0.,-0.));
#1621 = PCURVE('',#138,#1622);
#1622 = DEFINITIONAL_REPRESENTATION('',(#1623),#1627);
#1623 = LINE('',#1624,#1625);
#1624 = CARTESIAN_POINT('',(-190.,420.));
#1625 = VECTOR('',#1626,1.);
#1626 = DIRECTION('',(1.,0.));
#1627 = ( GEOMETRIC_REPRESENTATION_CONTEXT(2) 
PARAMETRIC_REPRESENTATION_CONTEXT() REPRESENTATION_CONTEXT('2D SPACE',''
  ) );
#1628 = PCURVE('',#164,#1629);
#1629 = DEFINITIONAL_REPRESENTATION('',(#1630),#1634);
#1630 = LINE('',#1631,#1632);
#1631 = CARTESIAN_POINT('',(0.,0.));
#1632 = VECTOR('',#1633,1.);
#1633 = DIRECTION('',(0.,1.));
#1634 = ( GEOMETRIC_REPRESENTATION_CONTEXT(2) 
PARAMETRIC_REPRESENTATION_CONTEXT() REPRESENTATION_CONTEXT('2D SPACE',''
  ) );
#1635 = ADVANCED_FACE('',(#1636,#1662,#1665),#164,.F.);
#1636 = FACE_BOUND('',#1637,.F.);
#1637 = EDGE_LOOP('',(#1638,#1639,#1640,#1661));
#1638 = ORIENTED_EDGE('',*,*,#1615,.F.);
#1639 = ORIENTED_EDGE('',*,*,#1049,.T.);
#1640 = ORIENTED_EDGE('',*,*,#1641,.T.);
#1641 = EDGE_CURVE('',#1052,#62,#1642,.T.);
#1642 = SURFACE_CURVE('',#1643,(#1647,#1654),.PCURVE_S1.);
#1643 = LINE('',#1644,#1645);
#1644 = CARTESIAN_POINT('',(230.,200.,130.));
#1645 = VECTOR('',#1646,1.);
#1646 = DIRECTION('',(1.,0.,-0.));
#1647 = PCURVE('',#164,#1648);
#1648 = DEFINITIONAL_REPRESENTATION('',(#1649),#1653);
#1649 = LINE('',#1650,#1651);
#1650 = CARTESIAN_POINT('',(40.,0.));
#1651 = VECTOR('',#1652,1.);
#1652 = DIRECTION('',(0.,1.));
#1653 = ( GEOMETRIC_REPRESENTATION_CONTEXT(2) 
PARAMETRIC_REPRESENTATION_CONTEXT() REPRESENTATION_CONTEXT('2D SPACE',''
  ) );
#1654 = PCURVE('',#82,#1655);
#1655 = DEFINITIONAL_REPRESENTATION('',(#1656),#1660);
#1656 = LINE('',#1657,#1658);
#1657 = CARTESIAN_POINT('',(-190.,420.));
#1658 = VECTOR('',#1659,1.);
#1659 = DIRECTION('',(1.,0.));
#1660 = ( GEOMETRIC_REPRESENTATION_CONTEXT(2) 
PARAMETRIC_REPRESENTATION_CONTEXT() REPRESENTATION_CONTEXT('2D SPACE',''
  ) );
#1661 = ORIENTED_EDGE('',*,*,#150,.F.);
#1662 = FACE_BOUND('',#1663,.F.);
#1663 = EDGE_LOOP('',(#1664));
#1664 = ORIENTED_EDGE('',*,*,#1425,.T.);
#1665 = FACE_BOUND('',#1666,.F.);
#1666 = EDGE_LOOP('',(#1667));
#1667 = ORIENTED_EDGE('',*,*,#1371,.T.);
#1668 = ADVANCED_FACE('',(#1669),#82,.T.);
#1669 = FACE_BOUND('',#1670,.T.);
#1670 = EDGE_LOOP('',(#1671,#1672,#1673,#1674,#1675,#1676,#1677,#1678));
#1671 = ORIENTED_EDGE('',*,*,#59,.F.);
#1672 = ORIENTED_EDGE('',*,*,#230,.F.);
#1673 = ORIENTED_EDGE('',*,*,#791,.T.);
#1674 = ORIENTED_EDGE('',*,*,#845,.T.);
#1675 = ORIENTED_EDGE('',*,*,#949,.T.);
#1676 = ORIENTED_EDGE('',*,*,#1024,.T.);
#1677 = ORIENTED_EDGE('',*,*,#1096,.F.);
#1678 = ORIENTED_EDGE('',*,*,#1641,.T.);
#1679 = ORIENTED_CLOSED_SHELL('',*,#1680,.F.);
#1680 = CLOSED_SHELL('',(#1681,#1801,#1877,#1948,#1975,#2002));
#1681 = ADVANCED_FACE('',(#1682),#1696,.F.);
#1682 = FACE_BOUND('',#1683,.F.);
#1683 = EDGE_LOOP('',(#1684,#1719,#1747,#1775));
#1684 = ORIENTED_EDGE('',*,*,#1685,.F.);
#1685 = EDGE_CURVE('',#1686,#1688,#1690,.T.);
#1686 = VERTEX_POINT('',#1687);
#1687 = CARTESIAN_POINT('',(422.,-218.,92.));
#1688 = VERTEX_POINT('',#1689);
#1689 = CARTESIAN_POINT('',(422.,-218.,128.));
#1690 = SURFACE_CURVE('',#1691,(#1695,#1707),.PCURVE_S1.);
#1691 = LINE('',#1692,#1693);
#1692 = CARTESIAN_POINT('',(422.,-218.,92.));
#1693 = VECTOR('',#1694,1.);
#1694 = DIRECTION('',(0.,0.,1.));
#1695 = PCURVE('',#1696,#1701);
#1696 = PLANE('',#1697);
#1697 = AXIS2_PLACEMENT_3D('',#1698,#1699,#1700);
#1698 = CARTESIAN_POINT('',(422.,-218.,92.));
#1699 = DIRECTION('',(1.,0.,-0.));
#1700 = DIRECTION('',(0.,0.,1.));
#1701 = DEFINITIONAL_REPRESENTATION('',(#1702),#1706);
#1702 = LINE('',#1703,#1704);
#1703 = CARTESIAN_POINT('',(0.,0.));
#1704 = VECTOR('',#1705,1.);
#1705 = DIRECTION('',(1.,0.));
#1706 = ( GEOMETRIC_REPRESENTATION_CONTEXT(2) 
PARAMETRIC_REPRESENTATION_CONTEXT() REPRESENTATION_CONTEXT('2D SPACE',''
  ) );
#1707 = PCURVE('',#1708,#1713);
#1708 = PLANE('',#1709);
#1709 = AXIS2_PLACEMENT_3D('',#1710,#1711,#1712);
#1710 = CARTESIAN_POINT('',(422.,-218.,92.));
#1711 = DIRECTION('',(-0.,1.,0.));
#1712 = DIRECTION('',(0.,0.,1.));
#1713 = DEFINITIONAL_REPRESENTATION('',(#1714),#1718);
#1714 = LINE('',#1715,#1716);
#1715 = CARTESIAN_POINT('',(0.,0.));
#1716 = VECTOR('',#1717,1.);
#1717 = DIRECTION('',(1.,0.));
#1718 = ( GEOMETRIC_REPRESENTATION_CONTEXT(2) 
PARAMETRIC_REPRESENTATION_CONTEXT() REPRESENTATION_CONTEXT('2D SPACE',''
  ) );
#1719 = ORIENTED_EDGE('',*,*,#1720,.T.);
#1720 = EDGE_CURVE('',#1686,#1721,#1723,.T.);
#1721 = VERTEX_POINT('',#1722);
#1722 = CARTESIAN_POINT('',(422.,218.,92.));
#1723 = SURFACE_CURVE('',#1724,(#1728,#1735),.PCURVE_S1.);
#1724 = LINE('',#1725,#1726);
#1725 = CARTESIAN_POINT('',(422.,-218.,92.));
#1726 = VECTOR('',#1727,1.);
#1727 = DIRECTION('',(-0.,1.,0.));
#1728 = PCURVE('',#1696,#1729);
#1729 = DEFINITIONAL_REPRESENTATION('',(#1730),#1734);
#1730 = LINE('',#1731,#1732);
#1731 = CARTESIAN_POINT('',(0.,0.));
#1732 = VECTOR('',#1733,1.);
#1733 = DIRECTION('',(0.,-1.));
#1734 = ( GEOMETRIC_REPRESENTATION_CONTEXT(2) 
PARAMETRIC_REPRESENTATION_CONTEXT() REPRESENTATION_CONTEXT('2D SPACE',''
  ) );
#1735 = PCURVE('',#1736,#1741);
#1736 = PLANE('',#1737);
#1737 = AXIS2_PLACEMENT_3D('',#1738,#1739,#1740);
#1738 = CARTESIAN_POINT('',(422.,-218.,92.));
#1739 = DIRECTION('',(0.,0.,1.));
#1740 = DIRECTION('',(1.,0.,-0.));
#1741 = DEFINITIONAL_REPRESENTATION('',(#1742),#1746);
#1742 = LINE('',#1743,#1744);
#1743 = CARTESIAN_POINT('',(0.,0.));
#1744 = VECTOR('',#1745,1.);
#1745 = DIRECTION('',(0.,1.));
#1746 = ( GEOMETRIC_REPRESENTATION_CONTEXT(2) 
PARAMETRIC_REPRESENTATION_CONTEXT() REPRESENTATION_CONTEXT('2D SPACE',''
  ) );
#1747 = ORIENTED_EDGE('',*,*,#1748,.T.);
#1748 = EDGE_CURVE('',#1721,#1749,#1751,.T.);
#1749 = VERTEX_POINT('',#1750);
#1750 = CARTESIAN_POINT('',(422.,218.,128.));
#1751 = SURFACE_CURVE('',#1752,(#1756,#1763),.PCURVE_S1.);
#1752 = LINE('',#1753,#1754);
#1753 = CARTESIAN_POINT('',(422.,218.,92.));
#1754 = VECTOR('',#1755,1.);
#1755 = DIRECTION('',(0.,0.,1.));
#1756 = PCURVE('',#1696,#1757);
#1757 = DEFINITIONAL_REPRESENTATION('',(#1758),#1762);
#1758 = LINE('',#1759,#1760);
#1759 = CARTESIAN_POINT('',(0.,-436.));
#1760 = VECTOR('',#1761,1.);
#1761 = DIRECTION('',(1.,0.));
#1762 = ( GEOMETRIC_REPRESENTATION_CONTEXT(2) 
PARAMETRIC_REPRESENTATION_CONTEXT() REPRESENTATION_CONTEXT('2D SPACE',''
  ) );
#1763 = PCURVE('',#1764,#1769);
#1764 = PLANE('',#1765);
#1765 = AXIS2_PLACEMENT_3D('',#1766,#1767,#1768);
#1766 = CARTESIAN_POINT('',(422.,218.,92.));
#1767 = DIRECTION('',(-0.,1.,0.));
#1768 = DIRECTION('',(0.,0.,1.));
#1769 = DEFINITIONAL_REPRESENTATION('',(#1770),#1774);
#1770 = LINE('',#1771,#1772);
#1771 = CARTESIAN_POINT('',(0.,0.));
#1772 = VECTOR('',#1773,1.);
#1773 = DIRECTION('',(1.,0.));
#1774 = ( GEOMETRIC_REPRESENTATION_CONTEXT(2) 
PARAMETRIC_REPRESENTATION_CONTEXT() REPRESENTATION_CONTEXT('2D SPACE',''
  ) );
#1775 = ORIENTED_EDGE('',*,*,#1776,.F.);
#1776 = EDGE_CURVE('',#1688,#1749,#1777,.T.);
#1777 = SURFACE_CURVE('',#1778,(#1782,#1789),.PCURVE_S1.);
#1778 = LINE('',#1779,#1780);
#1779 = CARTESIAN_POINT('',(422.,-218.,128.));
#1780 = VECTOR('',#1781,1.);
#1781 = DIRECTION('',(-0.,1.,0.));
#1782 = PCURVE('',#1696,#1783);
#1783 = DEFINITIONAL_REPRESENTATION('',(#1784),#1788);
#1784 = LINE('',#1785,#1786);
#1785 = CARTESIAN_POINT('',(36.,0.));
#1786 = VECTOR('',#1787,1.);
#1787 = DIRECTION('',(0.,-1.));
#1788 = ( GEOMETRIC_REPRESENTATION_CONTEXT(2) 
PARAMETRIC_REPRESENTATION_CONTEXT() REPRESENTATION_CONTEXT('2D SPACE',''
  ) );
#1789 = PCURVE('',#1790,#1795);
#1790 = PLANE('',#1791);
#1791 = AXIS2_PLACEMENT_3D('',#1792,#1793,#1794);
#1792 = CARTESIAN_POINT('',(422.,-218.,128.));
#1793 = DIRECTION('',(0.,0.,1.));
#1794 = DIRECTION('',(1.,0.,-0.));
#1795 = DEFINITIONAL_REPRESENTATION('',(#1796),#1800);
#1796 = LINE('',#1797,#1798);
#1797 = CARTESIAN_POINT('',(0.,0.));
#1798 = VECTOR('',#1799,1.);
#1799 = DIRECTION('',(0.,1.));
#1800 = ( GEOMETRIC_REPRESENTATION_CONTEXT(2) 
PARAMETRIC_REPRESENTATION_CONTEXT() REPRESENTATION_CONTEXT('2D SPACE',''
  ) );
#1801 = ADVANCED_FACE('',(#1802),#1736,.F.);
#1802 = FACE_BOUND('',#1803,.F.);
#1803 = EDGE_LOOP('',(#1804,#1805,#1828,#1856));
#1804 = ORIENTED_EDGE('',*,*,#1720,.F.);
#1805 = ORIENTED_EDGE('',*,*,#1806,.T.);
#1806 = EDGE_CURVE('',#1686,#1807,#1809,.T.);
#1807 = VERTEX_POINT('',#1808);
#1808 = CARTESIAN_POINT('',(438.,-218.,92.));
#1809 = SURFACE_CURVE('',#1810,(#1814,#1821),.PCURVE_S1.);
#1810 = LINE('',#1811,#1812);
#1811 = CARTESIAN_POINT('',(422.,-218.,92.));
#1812 = VECTOR('',#1813,1.);
#1813 = DIRECTION('',(1.,0.,-0.));
#1814 = PCURVE('',#1736,#1815);
#1815 = DEFINITIONAL_REPRESENTATION('',(#1816),#1820);
#1816 = LINE('',#1817,#1818);
#1817 = CARTESIAN_POINT('',(0.,0.));
#1818 = VECTOR('',#1819,1.);
#1819 = DIRECTION('',(1.,0.));
#1820 = ( GEOMETRIC_REPRESENTATION_CONTEXT(2) 
PARAMETRIC_REPRESENTATION_CONTEXT() REPRESENTATION_CONTEXT('2D SPACE',''
  ) );
#1821 = PCURVE('',#1708,#1822);
#1822 = DEFINITIONAL_REPRESENTATION('',(#1823),#1827);
#1823 = LINE('',#1824,#1825);
#1824 = CARTESIAN_POINT('',(0.,0.));
#1825 = VECTOR('',#1826,1.);
#1826 = DIRECTION('',(0.,1.));
#1827 = ( GEOMETRIC_REPRESENTATION_CONTEXT(2) 
PARAMETRIC_REPRESENTATION_CONTEXT() REPRESENTATION_CONTEXT('2D SPACE',''
  ) );
#1828 = ORIENTED_EDGE('',*,*,#1829,.T.);
#1829 = EDGE_CURVE('',#1807,#1830,#1832,.T.);
#1830 = VERTEX_POINT('',#1831);
#1831 = CARTESIAN_POINT('',(438.,218.,92.));
#1832 = SURFACE_CURVE('',#1833,(#1837,#1844),.PCURVE_S1.);
#1833 = LINE('',#1834,#1835);
#1834 = CARTESIAN_POINT('',(438.,-218.,92.));
#1835 = VECTOR('',#1836,1.);
#1836 = DIRECTION('',(-0.,1.,0.));
#1837 = PCURVE('',#1736,#1838);
#1838 = DEFINITIONAL_REPRESENTATION('',(#1839),#1843);
#1839 = LINE('',#1840,#1841);
#1840 = CARTESIAN_POINT('',(16.,0.));
#1841 = VECTOR('',#1842,1.);
#1842 = DIRECTION('',(0.,1.));
#1843 = ( GEOMETRIC_REPRESENTATION_CONTEXT(2) 
PARAMETRIC_REPRESENTATION_CONTEXT() REPRESENTATION_CONTEXT('2D SPACE',''
  ) );
#1844 = PCURVE('',#1845,#1850);
#1845 = PLANE('',#1846);
#1846 = AXIS2_PLACEMENT_3D('',#1847,#1848,#1849);
#1847 = CARTESIAN_POINT('',(438.,-218.,92.));
#1848 = DIRECTION('',(1.,0.,-0.));
#1849 = DIRECTION('',(0.,0.,1.));
#1850 = DEFINITIONAL_REPRESENTATION('',(#1851),#1855);
#1851 = LINE('',#1852,#1853);
#1852 = CARTESIAN_POINT('',(0.,0.));
#1853 = VECTOR('',#1854,1.);
#1854 = DIRECTION('',(0.,-1.));
#1855 = ( GEOMETRIC_REPRESENTATION_CONTEXT(2) 
PARAMETRIC_REPRESENTATION_CONTEXT() REPRESENTATION_CONTEXT('2D SPACE',''
  ) );
#1856 = ORIENTED_EDGE('',*,*,#1857,.F.);
#1857 = EDGE_CURVE('',#1721,#1830,#1858,.T.);
#1858 = SURFACE_CURVE('',#1859,(#1863,#1870),.PCURVE_S1.);
#1859 = LINE('',#1860,#1861);
#1860 = CARTESIAN_POINT('',(422.,218.,92.));
#1861 = VECTOR('',#1862,1.);
#1862 = DIRECTION('',(1.,0.,-0.));
#1863 = PCURVE('',#1736,#1864);
#1864 = DEFINITIONAL_REPRESENTATION('',(#1865),#1869);
#1865 = LINE('',#1866,#1867);
#1866 = CARTESIAN_POINT('',(0.,436.));
#1867 = VECTOR('',#1868,1.);
#1868 = DIRECTION('',(1.,0.));
#1869 = ( GEOMETRIC_REPRESENTATION_CONTEXT(2) 
PARAMETRIC_REPRESENTATION_CONTEXT() REPRESENTATION_CONTEXT('2D SPACE',''
  ) );
#1870 = PCURVE('',#1764,#1871);
#1871 = DEFINITIONAL_REPRESENTATION('',(#1872),#1876);
#1872 = LINE('',#1873,#1874);
#1873 = CARTESIAN_POINT('',(0.,0.));
#1874 = VECTOR('',#1875,1.);
#1875 = DIRECTION('',(0.,1.));
#1876 = ( GEOMETRIC_REPRESENTATION_CONTEXT(2) 
PARAMETRIC_REPRESENTATION_CONTEXT() REPRESENTATION_CONTEXT('2D SPACE',''
  ) );
#1877 = ADVANCED_FACE('',(#1878),#1845,.T.);
#1878 = FACE_BOUND('',#1879,.T.);
#1879 = EDGE_LOOP('',(#1880,#1903,#1904,#1927));
#1880 = ORIENTED_EDGE('',*,*,#1881,.F.);
#1881 = EDGE_CURVE('',#1807,#1882,#1884,.T.);
#1882 = VERTEX_POINT('',#1883);
#1883 = CARTESIAN_POINT('',(438.,-218.,128.));
#1884 = SURFACE_CURVE('',#1885,(#1889,#1896),.PCURVE_S1.);
#1885 = LINE('',#1886,#1887);
#1886 = CARTESIAN_POINT('',(438.,-218.,92.));
#1887 = VECTOR('',#1888,1.);
#1888 = DIRECTION('',(0.,0.,1.));
#1889 = PCURVE('',#1845,#1890);
#1890 = DEFINITIONAL_REPRESENTATION('',(#1891),#1895);
#1891 = LINE('',#1892,#1893);
#1892 = CARTESIAN_POINT('',(0.,0.));
#1893 = VECTOR('',#1894,1.);
#1894 = DIRECTION('',(1.,0.));
#1895 = ( GEOMETRIC_REPRESENTATION_CONTEXT(2) 
PARAMETRIC_REPRESENTATION_CONTEXT() REPRESENTATION_CONTEXT('2D SPACE',''
  ) );
#1896 = PCURVE('',#1708,#1897);
#1897 = DEFINITIONAL_REPRESENTATION('',(#1898),#1902);
#1898 = LINE('',#1899,#1900);
#1899 = CARTESIAN_POINT('',(0.,16.));
#1900 = VECTOR('',#1901,1.);
#1901 = DIRECTION('',(1.,0.));
#1902 = ( GEOMETRIC_REPRESENTATION_CONTEXT(2) 
PARAMETRIC_REPRESENTATION_CONTEXT() REPRESENTATION_CONTEXT('2D SPACE',''
  ) );
#1903 = ORIENTED_EDGE('',*,*,#1829,.T.);
#1904 = ORIENTED_EDGE('',*,*,#1905,.T.);
#1905 = EDGE_CURVE('',#1830,#1906,#1908,.T.);
#1906 = VERTEX_POINT('',#1907);
#1907 = CARTESIAN_POINT('',(438.,218.,128.));
#1908 = SURFACE_CURVE('',#1909,(#1913,#1920),.PCURVE_S1.);
#1909 = LINE('',#1910,#1911);
#1910 = CARTESIAN_POINT('',(438.,218.,92.));
#1911 = VECTOR('',#1912,1.);
#1912 = DIRECTION('',(0.,0.,1.));
#1913 = PCURVE('',#1845,#1914);
#1914 = DEFINITIONAL_REPRESENTATION('',(#1915),#1919);
#1915 = LINE('',#1916,#1917);
#1916 = CARTESIAN_POINT('',(0.,-436.));
#1917 = VECTOR('',#1918,1.);
#1918 = DIRECTION('',(1.,0.));
#1919 = ( GEOMETRIC_REPRESENTATION_CONTEXT(2) 
PARAMETRIC_REPRESENTATION_CONTEXT() REPRESENTATION_CONTEXT('2D SPACE',''
  ) );
#1920 = PCURVE('',#1764,#1921);
#1921 = DEFINITIONAL_REPRESENTATION('',(#1922),#1926);
#1922 = LINE('',#1923,#1924);
#1923 = CARTESIAN_POINT('',(0.,16.));
#1924 = VECTOR('',#1925,1.);
#1925 = DIRECTION('',(1.,0.));
#1926 = ( GEOMETRIC_REPRESENTATION_CONTEXT(2) 
PARAMETRIC_REPRESENTATION_CONTEXT() REPRESENTATION_CONTEXT('2D SPACE',''
  ) );
#1927 = ORIENTED_EDGE('',*,*,#1928,.F.);
#1928 = EDGE_CURVE('',#1882,#1906,#1929,.T.);
#1929 = SURFACE_CURVE('',#1930,(#1934,#1941),.PCURVE_S1.);
#1930 = LINE('',#1931,#1932);
#1931 = CARTESIAN_POINT('',(438.,-218.,128.));
#1932 = VECTOR('',#1933,1.);
#1933 = DIRECTION('',(-0.,1.,0.));
#1934 = PCURVE('',#1845,#1935);
#1935 = DEFINITIONAL_REPRESENTATION('',(#1936),#1940);
#1936 = LINE('',#1937,#1938);
#1937 = CARTESIAN_POINT('',(36.,0.));
#1938 = VECTOR('',#1939,1.);
#1939 = DIRECTION('',(0.,-1.));
#1940 = ( GEOMETRIC_REPRESENTATION_CONTEXT(2) 
PARAMETRIC_REPRESENTATION_CONTEXT() REPRESENTATION_CONTEXT('2D SPACE',''
  ) );
#1941 = PCURVE('',#1790,#1942);
#1942 = DEFINITIONAL_REPRESENTATION('',(#1943),#1947);
#1943 = LINE('',#1944,#1945);
#1944 = CARTESIAN_POINT('',(16.,0.));
#1945 = VECTOR('',#1946,1.);
#1946 = DIRECTION('',(0.,1.));
#1947 = ( GEOMETRIC_REPRESENTATION_CONTEXT(2) 
PARAMETRIC_REPRESENTATION_CONTEXT() REPRESENTATION_CONTEXT('2D SPACE',''
  ) );
#1948 = ADVANCED_FACE('',(#1949),#1764,.T.);
#1949 = FACE_BOUND('',#1950,.T.);
#1950 = EDGE_LOOP('',(#1951,#1952,#1953,#1974));
#1951 = ORIENTED_EDGE('',*,*,#1857,.F.);
#1952 = ORIENTED_EDGE('',*,*,#1748,.T.);
#1953 = ORIENTED_EDGE('',*,*,#1954,.T.);
#1954 = EDGE_CURVE('',#1749,#1906,#1955,.T.);
#1955 = SURFACE_CURVE('',#1956,(#1960,#1967),.PCURVE_S1.);
#1956 = LINE('',#1957,#1958);
#1957 = CARTESIAN_POINT('',(422.,218.,128.));
#1958 = VECTOR('',#1959,1.);
#1959 = DIRECTION('',(1.,0.,-0.));
#1960 = PCURVE('',#1764,#1961);
#1961 = DEFINITIONAL_REPRESENTATION('',(#1962),#1966);
#1962 = LINE('',#1963,#1964);
#1963 = CARTESIAN_POINT('',(36.,0.));
#1964 = VECTOR('',#1965,1.);
#1965 = DIRECTION('',(0.,1.));
#1966 = ( GEOMETRIC_REPRESENTATION_CONTEXT(2) 
PARAMETRIC_REPRESENTATION_CONTEXT() REPRESENTATION_CONTEXT('2D SPACE',''
  ) );
#1967 = PCURVE('',#1790,#1968);
#1968 = DEFINITIONAL_REPRESENTATION('',(#1969),#1973);
#1969 = LINE('',#1970,#1971);
#1970 = CARTESIAN_POINT('',(0.,436.));
#1971 = VECTOR('',#1972,1.);
#1972 = DIRECTION('',(1.,0.));
#1973 = ( GEOMETRIC_REPRESENTATION_CONTEXT(2) 
PARAMETRIC_REPRESENTATION_CONTEXT() REPRESENTATION_CONTEXT('2D SPACE',''
  ) );
#1974 = ORIENTED_EDGE('',*,*,#1905,.F.);
#1975 = ADVANCED_FACE('',(#1976),#1790,.T.);
#1976 = FACE_BOUND('',#1977,.T.);
#1977 = EDGE_LOOP('',(#1978,#1979,#2000,#2001));
#1978 = ORIENTED_EDGE('',*,*,#1776,.F.);
#1979 = ORIENTED_EDGE('',*,*,#1980,.T.);
#1980 = EDGE_CURVE('',#1688,#1882,#1981,.T.);
#1981 = SURFACE_CURVE('',#1982,(#1986,#1993),.PCURVE_S1.);
#1982 = LINE('',#1983,#1984);
#1983 = CARTESIAN_POINT('',(422.,-218.,128.));
#1984 = VECTOR('',#1985,1.);
#1985 = DIRECTION('',(1.,0.,-0.));
#1986 = PCURVE('',#1790,#1987);
#1987 = DEFINITIONAL_REPRESENTATION('',(#1988),#1992);
#1988 = LINE('',#1989,#1990);
#1989 = CARTESIAN_POINT('',(0.,0.));
#1990 = VECTOR('',#1991,1.);
#1991 = DIRECTION('',(1.,0.));
#1992 = ( GEOMETRIC_REPRESENTATION_CONTEXT(2) 
PARAMETRIC_REPRESENTATION_CONTEXT() REPRESENTATION_CONTEXT('2D SPACE',''
  ) );
#1993 = PCURVE('',#1708,#1994);
#1994 = DEFINITIONAL_REPRESENTATION('',(#1995),#1999);
#1995 = LINE('',#1996,#1997);
#1996 = CARTESIAN_POINT('',(36.,0.));
#1997 = VECTOR('',#1998,1.);
#1998 = DIRECTION('',(0.,1.));
#1999 = ( GEOMETRIC_REPRESENTATION_CONTEXT(2) 
PARAMETRIC_REPRESENTATION_CONTEXT() REPRESENTATION_CONTEXT('2D SPACE',''
  ) );
#2000 = ORIENTED_EDGE('',*,*,#1928,.T.);
#2001 = ORIENTED_EDGE('',*,*,#1954,.F.);
#2002 = ADVANCED_FACE('',(#2003),#1708,.F.);
#2003 = FACE_BOUND('',#2004,.F.);
#2004 = EDGE_LOOP('',(#2005,#2006,#2007,#2008));
#2005 = ORIENTED_EDGE('',*,*,#1806,.F.);
#2006 = ORIENTED_EDGE('',*,*,#1685,.T.);
#2007 = ORIENTED_EDGE('',*,*,#1980,.T.);
#2008 = ORIENTED_EDGE('',*,*,#1881,.F.);
#2009 = ( GEOMETRIC_REPRESENTATION_CONTEXT(3) 
GLOBAL_UNCERTAINTY_ASSIGNED_CONTEXT((#2013)) 
GLOBAL_UNIT_ASSIGNED_CONTEXT((#2010,#2011,#2012)) REPRESENTATION_CONTEXT
('Context #1','3D Context with UNIT and UNCERTAINTY') );
#2010 = ( LENGTH_UNIT() NAMED_UNIT(*) SI_UNIT(.MILLI.,.METRE.) );
#2011 = ( NAMED_UNIT(*) PLANE_ANGLE_UNIT() SI_UNIT($,.RADIAN.) );
#2012 = ( NAMED_UNIT(*) SI_UNIT($,.STERADIAN.) SOLID_ANGLE_UNIT() );
#2013 = UNCERTAINTY_MEASURE_WITH_UNIT(LENGTH_MEASURE(1.E-07),#2010,
  'distance_accuracy_value','confusion accuracy');
#2014 = CONTEXT_DEPENDENT_SHAPE_REPRESENTATION(#2015,#2017);
#2015 = ( REPRESENTATION_RELATIONSHIP('','',#52,#10) 
REPRESENTATION_RELATIONSHIP_WITH_TRANSFORMATION(#2016) 
SHAPE_REPRESENTATION_RELATIONSHIP() );
#2016 = ITEM_DEFINED_TRANSFORMATION('','',#11,#15);
#2017 = PRODUCT_DEFINITION_SHAPE('Placement','Placement of an item',
  #2018);
#2018 = NEXT_ASSEMBLY_USAGE_OCCURRENCE('128','=>[0:1:1:2]','',#5,#47,$);
#2019 = PRODUCT_RELATED_PRODUCT_CATEGORY('part',$,(#49));
#2020 = SHAPE_DEFINITION_REPRESENTATION(#2021,#2027);
#2021 = PRODUCT_DEFINITION_SHAPE('','',#2022);
#2022 = PRODUCT_DEFINITION('design','',#2023,#2026);
#2023 = PRODUCT_DEFINITION_FORMATION('','',#2024);
#2024 = PRODUCT('COMPOUND','COMPOUND','',(#2025));
#2025 = PRODUCT_CONTEXT('',#2,'mechanical');
#2026 = PRODUCT_DEFINITION_CONTEXT('part definition',#2,'design');
#2027 = ADVANCED_BREP_SHAPE_REPRESENTATION('',(#11,#2028),#2826);
#2028 = MANIFOLD_SOLID_BREP('',#2029);
#2029 = CLOSED_SHELL('',(#2030,#2262,#2338,#2409,#2436,#2514,#2585,#2612
    ,#2690,#2761,#2788,#2815));
#2030 = ADVANCED_FACE('',(#2031),#2045,.F.);
#2031 = FACE_BOUND('',#2032,.F.);
#2032 = EDGE_LOOP('',(#2033,#2068,#2096,#2124,#2152,#2180,#2208,#2236));
#2033 = ORIENTED_EDGE('',*,*,#2034,.F.);
#2034 = EDGE_CURVE('',#2035,#2037,#2039,.T.);
#2035 = VERTEX_POINT('',#2036);
#2036 = CARTESIAN_POINT('',(440.,-220.,140.));
#2037 = VERTEX_POINT('',#2038);
#2038 = CARTESIAN_POINT('',(440.,220.,140.));
#2039 = SURFACE_CURVE('',#2040,(#2044,#2056),.PCURVE_S1.);
#2040 = LINE('',#2041,#2042);
#2041 = CARTESIAN_POINT('',(440.,-240.,140.));
#2042 = VECTOR('',#2043,1.);
#2043 = DIRECTION('',(-0.,1.,0.));
#2044 = PCURVE('',#2045,#2050);
#2045 = PLANE('',#2046);
#2046 = AXIS2_PLACEMENT_3D('',#2047,#2048,#2049);
#2047 = CARTESIAN_POINT('',(440.,-240.,60.));
#2048 = DIRECTION('',(1.,0.,-0.));
#2049 = DIRECTION('',(0.,0.,1.));
#2050 = DEFINITIONAL_REPRESENTATION('',(#2051),#2055);
#2051 = LINE('',#2052,#2053);
#2052 = CARTESIAN_POINT('',(80.,0.));
#2053 = VECTOR('',#2054,1.);
#2054 = DIRECTION('',(0.,-1.));
#2055 = ( GEOMETRIC_REPRESENTATION_CONTEXT(2) 
PARAMETRIC_REPRESENTATION_CONTEXT() REPRESENTATION_CONTEXT('2D SPACE',''
  ) );
#2056 = PCURVE('',#2057,#2062);
#2057 = PLANE('',#2058);
#2058 = AXIS2_PLACEMENT_3D('',#2059,#2060,#2061);
#2059 = CARTESIAN_POINT('',(440.,-240.,140.));
#2060 = DIRECTION('',(0.,0.,1.));
#2061 = DIRECTION('',(1.,0.,-0.));
#2062 = DEFINITIONAL_REPRESENTATION('',(#2063),#2067);
#2063 = LINE('',#2064,#2065);
#2064 = CARTESIAN_POINT('',(0.,0.));
#2065 = VECTOR('',#2066,1.);
#2066 = DIRECTION('',(0.,1.));
#2067 = ( GEOMETRIC_REPRESENTATION_CONTEXT(2) 
PARAMETRIC_REPRESENTATION_CONTEXT() REPRESENTATION_CONTEXT('2D SPACE',''
  ) );
#2068 = ORIENTED_EDGE('',*,*,#2069,.F.);
#2069 = EDGE_CURVE('',#2070,#2035,#2072,.T.);
#2070 = VERTEX_POINT('',#2071);
#2071 = CARTESIAN_POINT('',(440.,-220.,80.));
#2072 = SURFACE_CURVE('',#2073,(#2077,#2084),.PCURVE_S1.);
#2073 = LINE('',#2074,#2075);
#2074 = CARTESIAN_POINT('',(440.,-220.,80.));
#2075 = VECTOR('',#2076,1.);
#2076 = DIRECTION('',(0.,0.,1.));
#2077 = PCURVE('',#2045,#2078);
#2078 = DEFINITIONAL_REPRESENTATION('',(#2079),#2083);
#2079 = LINE('',#2080,#2081);
#2080 = CARTESIAN_POINT('',(20.,-20.));
#2081 = VECTOR('',#2082,1.);
#2082 = DIRECTION('',(1.,0.));
#2083 = ( GEOMETRIC_REPRESENTATION_CONTEXT(2) 
PARAMETRIC_REPRESENTATION_CONTEXT() REPRESENTATION_CONTEXT('2D SPACE',''
  ) );
#2084 = PCURVE('',#2085,#2090);
#2085 = PLANE('',#2086);
#2086 = AXIS2_PLACEMENT_3D('',#2087,#2088,#2089);
#2087 = CARTESIAN_POINT('',(230.,-220.,80.));
#2088 = DIRECTION('',(-0.,1.,0.));
#2089 = DIRECTION('',(0.,0.,1.));
#2090 = DEFINITIONAL_REPRESENTATION('',(#2091),#2095);
#2091 = LINE('',#2092,#2093);
#2092 = CARTESIAN_POINT('',(0.,210.));
#2093 = VECTOR('',#2094,1.);
#2094 = DIRECTION('',(1.,0.));
#2095 = ( GEOMETRIC_REPRESENTATION_CONTEXT(2) 
PARAMETRIC_REPRESENTATION_CONTEXT() REPRESENTATION_CONTEXT('2D SPACE',''
  ) );
#2096 = ORIENTED_EDGE('',*,*,#2097,.F.);
#2097 = EDGE_CURVE('',#2098,#2070,#2100,.T.);
#2098 = VERTEX_POINT('',#2099);
#2099 = CARTESIAN_POINT('',(440.,-240.,80.));
#2100 = SURFACE_CURVE('',#2101,(#2105,#2112),.PCURVE_S1.);
#2101 = LINE('',#2102,#2103);
#2102 = CARTESIAN_POINT('',(440.,-240.,80.));
#2103 = VECTOR('',#2104,1.);
#2104 = DIRECTION('',(-0.,1.,0.));
#2105 = PCURVE('',#2045,#2106);
#2106 = DEFINITIONAL_REPRESENTATION('',(#2107),#2111);
#2107 = LINE('',#2108,#2109);
#2108 = CARTESIAN_POINT('',(20.,0.));
#2109 = VECTOR('',#2110,1.);
#2110 = DIRECTION('',(0.,-1.));
#2111 = ( GEOMETRIC_REPRESENTATION_CONTEXT(2) 
PARAMETRIC_REPRESENTATION_CONTEXT() REPRESENTATION_CONTEXT('2D SPACE',''
  ) );
#2112 = PCURVE('',#2113,#2118);
#2113 = PLANE('',#2114);
#2114 = AXIS2_PLACEMENT_3D('',#2115,#2116,#2117);
#2115 = CARTESIAN_POINT('',(230.,-240.,80.));
#2116 = DIRECTION('',(0.,0.,1.));
#2117 = DIRECTION('',(1.,0.,-0.));
#2118 = DEFINITIONAL_REPRESENTATION('',(#2119),#2123);
#2119 = LINE('',#2120,#2121);
#2120 = CARTESIAN_POINT('',(210.,0.));
#2121 = VECTOR('',#2122,1.);
#2122 = DIRECTION('',(0.,1.));
#2123 = ( GEOMETRIC_REPRESENTATION_CONTEXT(2) 
PARAMETRIC_REPRESENTATION_CONTEXT() REPRESENTATION_CONTEXT('2D SPACE',''
  ) );
#2124 = ORIENTED_EDGE('',*,*,#2125,.F.);
#2125 = EDGE_CURVE('',#2126,#2098,#2128,.T.);
#2126 = VERTEX_POINT('',#2127);
#2127 = CARTESIAN_POINT('',(440.,-240.,60.));
#2128 = SURFACE_CURVE('',#2129,(#2133,#2140),.PCURVE_S1.);
#2129 = LINE('',#2130,#2131);
#2130 = CARTESIAN_POINT('',(440.,-240.,60.));
#2131 = VECTOR('',#2132,1.);
#2132 = DIRECTION('',(0.,0.,1.));
#2133 = PCURVE('',#2045,#2134);
#2134 = DEFINITIONAL_REPRESENTATION('',(#2135),#2139);
#2135 = LINE('',#2136,#2137);
#2136 = CARTESIAN_POINT('',(0.,0.));
#2137 = VECTOR('',#2138,1.);
#2138 = DIRECTION('',(1.,0.));
#2139 = ( GEOMETRIC_REPRESENTATION_CONTEXT(2) 
PARAMETRIC_REPRESENTATION_CONTEXT() REPRESENTATION_CONTEXT('2D SPACE',''
  ) );
#2140 = PCURVE('',#2141,#2146);
#2141 = PLANE('',#2142);
#2142 = AXIS2_PLACEMENT_3D('',#2143,#2144,#2145);
#2143 = CARTESIAN_POINT('',(440.,-240.,60.));
#2144 = DIRECTION('',(-0.,1.,0.));
#2145 = DIRECTION('',(0.,0.,1.));
#2146 = DEFINITIONAL_REPRESENTATION('',(#2147),#2151);
#2147 = LINE('',#2148,#2149);
#2148 = CARTESIAN_POINT('',(0.,0.));
#2149 = VECTOR('',#2150,1.);
#2150 = DIRECTION('',(1.,0.));
#2151 = ( GEOMETRIC_REPRESENTATION_CONTEXT(2) 
PARAMETRIC_REPRESENTATION_CONTEXT() REPRESENTATION_CONTEXT('2D SPACE',''
  ) );
#2152 = ORIENTED_EDGE('',*,*,#2153,.T.);
#2153 = EDGE_CURVE('',#2126,#2154,#2156,.T.);
#2154 = VERTEX_POINT('',#2155);
#2155 = CARTESIAN_POINT('',(440.,240.,60.));
#2156 = SURFACE_CURVE('',#2157,(#2161,#2168),.PCURVE_S1.);
#2157 = LINE('',#2158,#2159);
#2158 = CARTESIAN_POINT('',(440.,-240.,60.));
#2159 = VECTOR('',#2160,1.);
#2160 = DIRECTION('',(-0.,1.,0.));
#2161 = PCURVE('',#2045,#2162);
#2162 = DEFINITIONAL_REPRESENTATION('',(#2163),#2167);
#2163 = LINE('',#2164,#2165);
#2164 = CARTESIAN_POINT('',(0.,0.));
#2165 = VECTOR('',#2166,1.);
#2166 = DIRECTION('',(0.,-1.));
#2167 = ( GEOMETRIC_REPRESENTATION_CONTEXT(2) 
PARAMETRIC_REPRESENTATION_CONTEXT() REPRESENTATION_CONTEXT('2D SPACE',''
  ) );
#2168 = PCURVE('',#2169,#2174);
#2169 = PLANE('',#2170);
#2170 = AXIS2_PLACEMENT_3D('',#2171,#2172,#2173);
#2171 = CARTESIAN_POINT('',(440.,-240.,60.));
#2172 = DIRECTION('',(0.,0.,1.));
#2173 = DIRECTION('',(1.,0.,-0.));
#2174 = DEFINITIONAL_REPRESENTATION('',(#2175),#2179);
#2175 = LINE('',#2176,#2177);
#2176 = CARTESIAN_POINT('',(0.,0.));
#2177 = VECTOR('',#2178,1.);
#2178 = DIRECTION('',(0.,1.));
#2179 = ( GEOMETRIC_REPRESENTATION_CONTEXT(2) 
PARAMETRIC_REPRESENTATION_CONTEXT() REPRESENTATION_CONTEXT('2D SPACE',''
  ) );
#2180 = ORIENTED_EDGE('',*,*,#2181,.T.);
#2181 = EDGE_CURVE('',#2154,#2182,#2184,.T.);
#2182 = VERTEX_POINT('',#2183);
#2183 = CARTESIAN_POINT('',(440.,240.,80.));
#2184 = SURFACE_CURVE('',#2185,(#2189,#2196),.PCURVE_S1.);
#2185 = LINE('',#2186,#2187);
#2186 = CARTESIAN_POINT('',(440.,240.,60.));
#2187 = VECTOR('',#2188,1.);
#2188 = DIRECTION('',(0.,0.,1.));
#2189 = PCURVE('',#2045,#2190);
#2190 = DEFINITIONAL_REPRESENTATION('',(#2191),#2195);
#2191 = LINE('',#2192,#2193);
#2192 = CARTESIAN_POINT('',(0.,-480.));
#2193 = VECTOR('',#2194,1.);
#2194 = DIRECTION('',(1.,0.));
#2195 = ( GEOMETRIC_REPRESENTATION_CONTEXT(2) 
PARAMETRIC_REPRESENTATION_CONTEXT() REPRESENTATION_CONTEXT('2D SPACE',''
  ) );
#2196 = PCURVE('',#2197,#2202);
#2197 = PLANE('',#2198);
#2198 = AXIS2_PLACEMENT_3D('',#2199,#2200,#2201);
#2199 = CARTESIAN_POINT('',(440.,240.,60.));
#2200 = DIRECTION('',(-0.,1.,0.));
#2201 = DIRECTION('',(0.,0.,1.));
#2202 = DEFINITIONAL_REPRESENTATION('',(#2203),#2207);
#2203 = LINE('',#2204,#2205);
#2204 = CARTESIAN_POINT('',(0.,0.));
#2205 = VECTOR('',#2206,1.);
#2206 = DIRECTION('',(1.,0.));
#2207 = ( GEOMETRIC_REPRESENTATION_CONTEXT(2) 
PARAMETRIC_REPRESENTATION_CONTEXT() REPRESENTATION_CONTEXT('2D SPACE',''
  ) );
#2208 = ORIENTED_EDGE('',*,*,#2209,.F.);
#2209 = EDGE_CURVE('',#2210,#2182,#2212,.T.);
#2210 = VERTEX_POINT('',#2211);
#2211 = CARTESIAN_POINT('',(440.,220.,80.));
#2212 = SURFACE_CURVE('',#2213,(#2217,#2224),.PCURVE_S1.);
#2213 = LINE('',#2214,#2215);
#2214 = CARTESIAN_POINT('',(440.,220.,80.));
#2215 = VECTOR('',#2216,1.);
#2216 = DIRECTION('',(-0.,1.,0.));
#2217 = PCURVE('',#2045,#2218);
#2218 = DEFINITIONAL_REPRESENTATION('',(#2219),#2223);
#2219 = LINE('',#2220,#2221);
#2220 = CARTESIAN_POINT('',(20.,-460.));
#2221 = VECTOR('',#2222,1.);
#2222 = DIRECTION('',(0.,-1.));
#2223 = ( GEOMETRIC_REPRESENTATION_CONTEXT(2) 
PARAMETRIC_REPRESENTATION_CONTEXT() REPRESENTATION_CONTEXT('2D SPACE',''
  ) );
#2224 = PCURVE('',#2225,#2230);
#2225 = PLANE('',#2226);
#2226 = AXIS2_PLACEMENT_3D('',#2227,#2228,#2229);
#2227 = CARTESIAN_POINT('',(230.,220.,80.));
#2228 = DIRECTION('',(0.,0.,1.));
#2229 = DIRECTION('',(1.,0.,-0.));
#2230 = DEFINITIONAL_REPRESENTATION('',(#2231),#2235);
#2231 = LINE('',#2232,#2233);
#2232 = CARTESIAN_POINT('',(210.,0.));
#2233 = VECTOR('',#2234,1.);
#2234 = DIRECTION('',(0.,1.));
#2235 = ( GEOMETRIC_REPRESENTATION_CONTEXT(2) 
PARAMETRIC_REPRESENTATION_CONTEXT() REPRESENTATION_CONTEXT('2D SPACE',''
  ) );
#2236 = ORIENTED_EDGE('',*,*,#2237,.T.);
#2237 = EDGE_CURVE('',#2210,#2037,#2238,.T.);
#2238 = SURFACE_CURVE('',#2239,(#2243,#2250),.PCURVE_S1.);
#2239 = LINE('',#2240,#2241);
#2240 = CARTESIAN_POINT('',(440.,220.,80.));
#2241 = VECTOR('',#2242,1.);
#2242 = DIRECTION('',(0.,0.,1.));
#2243 = PCURVE('',#2045,#2244);
#2244 = DEFINITIONAL_REPRESENTATION('',(#2245),#2249);
#2245 = LINE('',#2246,#2247);
#2246 = CARTESIAN_POINT('',(20.,-460.));
#2247 = VECTOR('',#2248,1.);
#2248 = DIRECTION('',(1.,0.));
#2249 = ( GEOMETRIC_REPRESENTATION_CONTEXT(2) 
PARAMETRIC_REPRESENTATION_CONTEXT() REPRESENTATION_CONTEXT('2D SPACE',''
  ) );
#2250 = PCURVE('',#2251,#2256);
#2251 = PLANE('',#2252);
#2252 = AXIS2_PLACEMENT_3D('',#2253,#2254,#2255);
#2253 = CARTESIAN_POINT('',(230.,220.,80.));
#2254 = DIRECTION('',(-0.,1.,0.));
#2255 = DIRECTION('',(0.,0.,1.));
#2256 = DEFINITIONAL_REPRESENTATION('',(#2257),#2261);
#2257 = LINE('',#2258,#2259);
#2258 = CARTESIAN_POINT('',(0.,210.));
#2259 = VECTOR('',#2260,1.);
#2260 = DIRECTION('',(1.,0.));
#2261 = ( GEOMETRIC_REPRESENTATION_CONTEXT(2) 
PARAMETRIC_REPRESENTATION_CONTEXT() REPRESENTATION_CONTEXT('2D SPACE',''
  ) );
#2262 = ADVANCED_FACE('',(#2263),#2085,.T.);
#2263 = FACE_BOUND('',#2264,.T.);
#2264 = EDGE_LOOP('',(#2265,#2288,#2316,#2337));
#2265 = ORIENTED_EDGE('',*,*,#2266,.F.);
#2266 = EDGE_CURVE('',#2267,#2070,#2269,.T.);
#2267 = VERTEX_POINT('',#2268);
#2268 = CARTESIAN_POINT('',(230.,-220.,80.));
#2269 = SURFACE_CURVE('',#2270,(#2274,#2281),.PCURVE_S1.);
#2270 = LINE('',#2271,#2272);
#2271 = CARTESIAN_POINT('',(230.,-220.,80.));
#2272 = VECTOR('',#2273,1.);
#2273 = DIRECTION('',(1.,0.,-0.));
#2274 = PCURVE('',#2085,#2275);
#2275 = DEFINITIONAL_REPRESENTATION('',(#2276),#2280);
#2276 = LINE('',#2277,#2278);
#2277 = CARTESIAN_POINT('',(0.,0.));
#2278 = VECTOR('',#2279,1.);
#2279 = DIRECTION('',(0.,1.));
#2280 = ( GEOMETRIC_REPRESENTATION_CONTEXT(2) 
PARAMETRIC_REPRESENTATION_CONTEXT() REPRESENTATION_CONTEXT('2D SPACE',''
  ) );
#2281 = PCURVE('',#2113,#2282);
#2282 = DEFINITIONAL_REPRESENTATION('',(#2283),#2287);
#2283 = LINE('',#2284,#2285);
#2284 = CARTESIAN_POINT('',(0.,20.));
#2285 = VECTOR('',#2286,1.);
#2286 = DIRECTION('',(1.,0.));
#2287 = ( GEOMETRIC_REPRESENTATION_CONTEXT(2) 
PARAMETRIC_REPRESENTATION_CONTEXT() REPRESENTATION_CONTEXT('2D SPACE',''
  ) );
#2288 = ORIENTED_EDGE('',*,*,#2289,.T.);
#2289 = EDGE_CURVE('',#2267,#2290,#2292,.T.);
#2290 = VERTEX_POINT('',#2291);
#2291 = CARTESIAN_POINT('',(230.,-220.,140.));
#2292 = SURFACE_CURVE('',#2293,(#2297,#2304),.PCURVE_S1.);
#2293 = LINE('',#2294,#2295);
#2294 = CARTESIAN_POINT('',(230.,-220.,80.));
#2295 = VECTOR('',#2296,1.);
#2296 = DIRECTION('',(0.,0.,1.));
#2297 = PCURVE('',#2085,#2298);
#2298 = DEFINITIONAL_REPRESENTATION('',(#2299),#2303);
#2299 = LINE('',#2300,#2301);
#2300 = CARTESIAN_POINT('',(0.,0.));
#2301 = VECTOR('',#2302,1.);
#2302 = DIRECTION('',(1.,0.));
#2303 = ( GEOMETRIC_REPRESENTATION_CONTEXT(2) 
PARAMETRIC_REPRESENTATION_CONTEXT() REPRESENTATION_CONTEXT('2D SPACE',''
  ) );
#2304 = PCURVE('',#2305,#2310);
#2305 = PLANE('',#2306);
#2306 = AXIS2_PLACEMENT_3D('',#2307,#2308,#2309);
#2307 = CARTESIAN_POINT('',(230.,-240.,80.));
#2308 = DIRECTION('',(1.,0.,-0.));
#2309 = DIRECTION('',(0.,0.,1.));
#2310 = DEFINITIONAL_REPRESENTATION('',(#2311),#2315);
#2311 = LINE('',#2312,#2313);
#2312 = CARTESIAN_POINT('',(0.,-20.));
#2313 = VECTOR('',#2314,1.);
#2314 = DIRECTION('',(1.,0.));
#2315 = ( GEOMETRIC_REPRESENTATION_CONTEXT(2) 
PARAMETRIC_REPRESENTATION_CONTEXT() REPRESENTATION_CONTEXT('2D SPACE',''
  ) );
#2316 = ORIENTED_EDGE('',*,*,#2317,.T.);
#2317 = EDGE_CURVE('',#2290,#2035,#2318,.T.);
#2318 = SURFACE_CURVE('',#2319,(#2323,#2330),.PCURVE_S1.);
#2319 = LINE('',#2320,#2321);
#2320 = CARTESIAN_POINT('',(230.,-220.,140.));
#2321 = VECTOR('',#2322,1.);
#2322 = DIRECTION('',(1.,0.,-0.));
#2323 = PCURVE('',#2085,#2324);
#2324 = DEFINITIONAL_REPRESENTATION('',(#2325),#2329);
#2325 = LINE('',#2326,#2327);
#2326 = CARTESIAN_POINT('',(60.,0.));
#2327 = VECTOR('',#2328,1.);
#2328 = DIRECTION('',(0.,1.));
#2329 = ( GEOMETRIC_REPRESENTATION_CONTEXT(2) 
PARAMETRIC_REPRESENTATION_CONTEXT() REPRESENTATION_CONTEXT('2D SPACE',''
  ) );
#2330 = PCURVE('',#2057,#2331);
#2331 = DEFINITIONAL_REPRESENTATION('',(#2332),#2336);
#2332 = LINE('',#2333,#2334);
#2333 = CARTESIAN_POINT('',(-210.,20.));
#2334 = VECTOR('',#2335,1.);
#2335 = DIRECTION('',(1.,0.));
#2336 = ( GEOMETRIC_REPRESENTATION_CONTEXT(2) 
PARAMETRIC_REPRESENTATION_CONTEXT() REPRESENTATION_CONTEXT('2D SPACE',''
  ) );
#2337 = ORIENTED_EDGE('',*,*,#2069,.F.);
#2338 = ADVANCED_FACE('',(#2339),#2305,.F.);
#2339 = FACE_BOUND('',#2340,.F.);
#2340 = EDGE_LOOP('',(#2341,#2366,#2387,#2388));
#2341 = ORIENTED_EDGE('',*,*,#2342,.F.);
#2342 = EDGE_CURVE('',#2343,#2345,#2347,.T.);
#2343 = VERTEX_POINT('',#2344);
#2344 = CARTESIAN_POINT('',(230.,-240.,80.));
#2345 = VERTEX_POINT('',#2346);
#2346 = CARTESIAN_POINT('',(230.,-240.,140.));
#2347 = SURFACE_CURVE('',#2348,(#2352,#2359),.PCURVE_S1.);
#2348 = LINE('',#2349,#2350);
#2349 = CARTESIAN_POINT('',(230.,-240.,80.));
#2350 = VECTOR('',#2351,1.);
#2351 = DIRECTION('',(0.,0.,1.));
#2352 = PCURVE('',#2305,#2353);
#2353 = DEFINITIONAL_REPRESENTATION('',(#2354),#2358);
#2354 = LINE('',#2355,#2356);
#2355 = CARTESIAN_POINT('',(0.,0.));
#2356 = VECTOR('',#2357,1.);
#2357 = DIRECTION('',(1.,0.));
#2358 = ( GEOMETRIC_REPRESENTATION_CONTEXT(2) 
PARAMETRIC_REPRESENTATION_CONTEXT() REPRESENTATION_CONTEXT('2D SPACE',''
  ) );
#2359 = PCURVE('',#2141,#2360);
#2360 = DEFINITIONAL_REPRESENTATION('',(#2361),#2365);
#2361 = LINE('',#2362,#2363);
#2362 = CARTESIAN_POINT('',(20.,-210.));
#2363 = VECTOR('',#2364,1.);
#2364 = DIRECTION('',(1.,0.));
#2365 = ( GEOMETRIC_REPRESENTATION_CONTEXT(2) 
PARAMETRIC_REPRESENTATION_CONTEXT() REPRESENTATION_CONTEXT('2D SPACE',''
  ) );
#2366 = ORIENTED_EDGE('',*,*,#2367,.T.);
#2367 = EDGE_CURVE('',#2343,#2267,#2368,.T.);
#2368 = SURFACE_CURVE('',#2369,(#2373,#2380),.PCURVE_S1.);
#2369 = LINE('',#2370,#2371);
#2370 = CARTESIAN_POINT('',(230.,-240.,80.));
#2371 = VECTOR('',#2372,1.);
#2372 = DIRECTION('',(-0.,1.,0.));
#2373 = PCURVE('',#2305,#2374);
#2374 = DEFINITIONAL_REPRESENTATION('',(#2375),#2379);
#2375 = LINE('',#2376,#2377);
#2376 = CARTESIAN_POINT('',(0.,0.));
#2377 = VECTOR('',#2378,1.);
#2378 = DIRECTION('',(0.,-1.));
#2379 = ( GEOMETRIC_REPRESENTATION_CONTEXT(2) 
PARAMETRIC_REPRESENTATION_CONTEXT() REPRESENTATION_CONTEXT('2D SPACE',''
  ) );
#2380 = PCURVE('',#2113,#2381);
#2381 = DEFINITIONAL_REPRESENTATION('',(#2382),#2386);
#2382 = LINE('',#2383,#2384);
#2383 = CARTESIAN_POINT('',(0.,0.));
#2384 = VECTOR('',#2385,1.);
#2385 = DIRECTION('',(0.,1.));
#2386 = ( GEOMETRIC_REPRESENTATION_CONTEXT(2) 
PARAMETRIC_REPRESENTATION_CONTEXT() REPRESENTATION_CONTEXT('2D SPACE',''
  ) );
#2387 = ORIENTED_EDGE('',*,*,#2289,.T.);
#2388 = ORIENTED_EDGE('',*,*,#2389,.F.);
#2389 = EDGE_CURVE('',#2345,#2290,#2390,.T.);
#2390 = SURFACE_CURVE('',#2391,(#2395,#2402),.PCURVE_S1.);
#2391 = LINE('',#2392,#2393);
#2392 = CARTESIAN_POINT('',(230.,-240.,140.));
#2393 = VECTOR('',#2394,1.);
#2394 = DIRECTION('',(-0.,1.,0.));
#2395 = PCURVE('',#2305,#2396);
#2396 = DEFINITIONAL_REPRESENTATION('',(#2397),#2401);
#2397 = LINE('',#2398,#2399);
#2398 = CARTESIAN_POINT('',(60.,0.));
#2399 = VECTOR('',#2400,1.);
#2400 = DIRECTION('',(0.,-1.));
#2401 = ( GEOMETRIC_REPRESENTATION_CONTEXT(2) 
PARAMETRIC_REPRESENTATION_CONTEXT() REPRESENTATION_CONTEXT('2D SPACE',''
  ) );
#2402 = PCURVE('',#2057,#2403);
#2403 = DEFINITIONAL_REPRESENTATION('',(#2404),#2408);
#2404 = LINE('',#2405,#2406);
#2405 = CARTESIAN_POINT('',(-210.,0.));
#2406 = VECTOR('',#2407,1.);
#2407 = DIRECTION('',(0.,1.));
#2408 = ( GEOMETRIC_REPRESENTATION_CONTEXT(2) 
PARAMETRIC_REPRESENTATION_CONTEXT() REPRESENTATION_CONTEXT('2D SPACE',''
  ) );
#2409 = ADVANCED_FACE('',(#2410),#2113,.F.);
#2410 = FACE_BOUND('',#2411,.F.);
#2411 = EDGE_LOOP('',(#2412,#2413,#2434,#2435));
#2412 = ORIENTED_EDGE('',*,*,#2367,.F.);
#2413 = ORIENTED_EDGE('',*,*,#2414,.T.);
#2414 = EDGE_CURVE('',#2343,#2098,#2415,.T.);
#2415 = SURFACE_CURVE('',#2416,(#2420,#2427),.PCURVE_S1.);
#2416 = LINE('',#2417,#2418);
#2417 = CARTESIAN_POINT('',(230.,-240.,80.));
#2418 = VECTOR('',#2419,1.);
#2419 = DIRECTION('',(1.,0.,-0.));
#2420 = PCURVE('',#2113,#2421);
#2421 = DEFINITIONAL_REPRESENTATION('',(#2422),#2426);
#2422 = LINE('',#2423,#2424);
#2423 = CARTESIAN_POINT('',(0.,0.));
#2424 = VECTOR('',#2425,1.);
#2425 = DIRECTION('',(1.,0.));
#2426 = ( GEOMETRIC_REPRESENTATION_CONTEXT(2) 
PARAMETRIC_REPRESENTATION_CONTEXT() REPRESENTATION_CONTEXT('2D SPACE',''
  ) );
#2427 = PCURVE('',#2141,#2428);
#2428 = DEFINITIONAL_REPRESENTATION('',(#2429),#2433);
#2429 = LINE('',#2430,#2431);
#2430 = CARTESIAN_POINT('',(20.,-210.));
#2431 = VECTOR('',#2432,1.);
#2432 = DIRECTION('',(0.,1.));
#2433 = ( GEOMETRIC_REPRESENTATION_CONTEXT(2) 
PARAMETRIC_REPRESENTATION_CONTEXT() REPRESENTATION_CONTEXT('2D SPACE',''
  ) );
#2434 = ORIENTED_EDGE('',*,*,#2097,.T.);
#2435 = ORIENTED_EDGE('',*,*,#2266,.F.);
#2436 = ADVANCED_FACE('',(#2437),#2141,.F.);
#2437 = FACE_BOUND('',#2438,.F.);
#2438 = EDGE_LOOP('',(#2439,#2462,#2463,#2464,#2465,#2488));
#2439 = ORIENTED_EDGE('',*,*,#2440,.F.);
#2440 = EDGE_CURVE('',#2126,#2441,#2443,.T.);
#2441 = VERTEX_POINT('',#2442);
#2442 = CARTESIAN_POINT('',(490.,-240.,60.));
#2443 = SURFACE_CURVE('',#2444,(#2448,#2455),.PCURVE_S1.);
#2444 = LINE('',#2445,#2446);
#2445 = CARTESIAN_POINT('',(440.,-240.,60.));
#2446 = VECTOR('',#2447,1.);
#2447 = DIRECTION('',(1.,0.,-0.));
#2448 = PCURVE('',#2141,#2449);
#2449 = DEFINITIONAL_REPRESENTATION('',(#2450),#2454);
#2450 = LINE('',#2451,#2452);
#2451 = CARTESIAN_POINT('',(0.,0.));
#2452 = VECTOR('',#2453,1.);
#2453 = DIRECTION('',(0.,1.));
#2454 = ( GEOMETRIC_REPRESENTATION_CONTEXT(2) 
PARAMETRIC_REPRESENTATION_CONTEXT() REPRESENTATION_CONTEXT('2D SPACE',''
  ) );
#2455 = PCURVE('',#2169,#2456);
#2456 = DEFINITIONAL_REPRESENTATION('',(#2457),#2461);
#2457 = LINE('',#2458,#2459);
#2458 = CARTESIAN_POINT('',(0.,0.));
#2459 = VECTOR('',#2460,1.);
#2460 = DIRECTION('',(1.,0.));
#2461 = ( GEOMETRIC_REPRESENTATION_CONTEXT(2) 
PARAMETRIC_REPRESENTATION_CONTEXT() REPRESENTATION_CONTEXT('2D SPACE',''
  ) );
#2462 = ORIENTED_EDGE('',*,*,#2125,.T.);
#2463 = ORIENTED_EDGE('',*,*,#2414,.F.);
#2464 = ORIENTED_EDGE('',*,*,#2342,.T.);
#2465 = ORIENTED_EDGE('',*,*,#2466,.T.);
#2466 = EDGE_CURVE('',#2345,#2467,#2469,.T.);
#2467 = VERTEX_POINT('',#2468);
#2468 = CARTESIAN_POINT('',(490.,-240.,140.));
#2469 = SURFACE_CURVE('',#2470,(#2474,#2481),.PCURVE_S1.);
#2470 = LINE('',#2471,#2472);
#2471 = CARTESIAN_POINT('',(230.,-240.,140.));
#2472 = VECTOR('',#2473,1.);
#2473 = DIRECTION('',(1.,0.,0.));
#2474 = PCURVE('',#2141,#2475);
#2475 = DEFINITIONAL_REPRESENTATION('',(#2476),#2480);
#2476 = LINE('',#2477,#2478);
#2477 = CARTESIAN_POINT('',(80.,-210.));
#2478 = VECTOR('',#2479,1.);
#2479 = DIRECTION('',(0.,1.));
#2480 = ( GEOMETRIC_REPRESENTATION_CONTEXT(2) 
PARAMETRIC_REPRESENTATION_CONTEXT() REPRESENTATION_CONTEXT('2D SPACE',''
  ) );
#2481 = PCURVE('',#2057,#2482);
#2482 = DEFINITIONAL_REPRESENTATION('',(#2483),#2487);
#2483 = LINE('',#2484,#2485);
#2484 = CARTESIAN_POINT('',(-210.,0.));
#2485 = VECTOR('',#2486,1.);
#2486 = DIRECTION('',(1.,0.));
#2487 = ( GEOMETRIC_REPRESENTATION_CONTEXT(2) 
PARAMETRIC_REPRESENTATION_CONTEXT() REPRESENTATION_CONTEXT('2D SPACE',''
  ) );
#2488 = ORIENTED_EDGE('',*,*,#2489,.F.);
#2489 = EDGE_CURVE('',#2441,#2467,#2490,.T.);
#2490 = SURFACE_CURVE('',#2491,(#2495,#2502),.PCURVE_S1.);
#2491 = LINE('',#2492,#2493);
#2492 = CARTESIAN_POINT('',(490.,-240.,60.));
#2493 = VECTOR('',#2494,1.);
#2494 = DIRECTION('',(0.,0.,1.));
#2495 = PCURVE('',#2141,#2496);
#2496 = DEFINITIONAL_REPRESENTATION('',(#2497),#2501);
#2497 = LINE('',#2498,#2499);
#2498 = CARTESIAN_POINT('',(0.,50.));
#2499 = VECTOR('',#2500,1.);
#2500 = DIRECTION('',(1.,0.));
#2501 = ( GEOMETRIC_REPRESENTATION_CONTEXT(2) 
PARAMETRIC_REPRESENTATION_CONTEXT() REPRESENTATION_CONTEXT('2D SPACE',''
  ) );
#2502 = PCURVE('',#2503,#2508);
#2503 = PLANE('',#2504);
#2504 = AXIS2_PLACEMENT_3D('',#2505,#2506,#2507);
#2505 = CARTESIAN_POINT('',(490.,-240.,60.));
#2506 = DIRECTION('',(1.,0.,-0.));
#2507 = DIRECTION('',(0.,0.,1.));
#2508 = DEFINITIONAL_REPRESENTATION('',(#2509),#2513);
#2509 = LINE('',#2510,#2511);
#2510 = CARTESIAN_POINT('',(0.,0.));
#2511 = VECTOR('',#2512,1.);
#2512 = DIRECTION('',(1.,0.));
#2513 = ( GEOMETRIC_REPRESENTATION_CONTEXT(2) 
PARAMETRIC_REPRESENTATION_CONTEXT() REPRESENTATION_CONTEXT('2D SPACE',''
  ) );
#2514 = ADVANCED_FACE('',(#2515),#2503,.T.);
#2515 = FACE_BOUND('',#2516,.T.);
#2516 = EDGE_LOOP('',(#2517,#2518,#2541,#2564));
#2517 = ORIENTED_EDGE('',*,*,#2489,.F.);
#2518 = ORIENTED_EDGE('',*,*,#2519,.T.);
#2519 = EDGE_CURVE('',#2441,#2520,#2522,.T.);
#2520 = VERTEX_POINT('',#2521);
#2521 = CARTESIAN_POINT('',(490.,240.,60.));
#2522 = SURFACE_CURVE('',#2523,(#2527,#2534),.PCURVE_S1.);
#2523 = LINE('',#2524,#2525);
#2524 = CARTESIAN_POINT('',(490.,-240.,60.));
#2525 = VECTOR('',#2526,1.);
#2526 = DIRECTION('',(-0.,1.,0.));
#2527 = PCURVE('',#2503,#2528);
#2528 = DEFINITIONAL_REPRESENTATION('',(#2529),#2533);
#2529 = LINE('',#2530,#2531);
#2530 = CARTESIAN_POINT('',(0.,0.));
#2531 = VECTOR('',#2532,1.);
#2532 = DIRECTION('',(0.,-1.));
#2533 = ( GEOMETRIC_REPRESENTATION_CONTEXT(2) 
PARAMETRIC_REPRESENTATION_CONTEXT() REPRESENTATION_CONTEXT('2D SPACE',''
  ) );
#2534 = PCURVE('',#2169,#2535);
#2535 = DEFINITIONAL_REPRESENTATION('',(#2536),#2540);
#2536 = LINE('',#2537,#2538);
#2537 = CARTESIAN_POINT('',(50.,0.));
#2538 = VECTOR('',#2539,1.);
#2539 = DIRECTION('',(0.,1.));
#2540 = ( GEOMETRIC_REPRESENTATION_CONTEXT(2) 
PARAMETRIC_REPRESENTATION_CONTEXT() REPRESENTATION_CONTEXT('2D SPACE',''
  ) );
#2541 = ORIENTED_EDGE('',*,*,#2542,.T.);
#2542 = EDGE_CURVE('',#2520,#2543,#2545,.T.);
#2543 = VERTEX_POINT('',#2544);
#2544 = CARTESIAN_POINT('',(490.,240.,140.));
#2545 = SURFACE_CURVE('',#2546,(#2550,#2557),.PCURVE_S1.);
#2546 = LINE('',#2547,#2548);
#2547 = CARTESIAN_POINT('',(490.,240.,60.));
#2548 = VECTOR('',#2549,1.);
#2549 = DIRECTION('',(0.,0.,1.));
#2550 = PCURVE('',#2503,#2551);
#2551 = DEFINITIONAL_REPRESENTATION('',(#2552),#2556);
#2552 = LINE('',#2553,#2554);
#2553 = CARTESIAN_POINT('',(0.,-480.));
#2554 = VECTOR('',#2555,1.);
#2555 = DIRECTION('',(1.,0.));
#2556 = ( GEOMETRIC_REPRESENTATION_CONTEXT(2) 
PARAMETRIC_REPRESENTATION_CONTEXT() REPRESENTATION_CONTEXT('2D SPACE',''
  ) );
#2557 = PCURVE('',#2197,#2558);
#2558 = DEFINITIONAL_REPRESENTATION('',(#2559),#2563);
#2559 = LINE('',#2560,#2561);
#2560 = CARTESIAN_POINT('',(0.,50.));
#2561 = VECTOR('',#2562,1.);
#2562 = DIRECTION('',(1.,0.));
#2563 = ( GEOMETRIC_REPRESENTATION_CONTEXT(2) 
PARAMETRIC_REPRESENTATION_CONTEXT() REPRESENTATION_CONTEXT('2D SPACE',''
  ) );
#2564 = ORIENTED_EDGE('',*,*,#2565,.F.);
#2565 = EDGE_CURVE('',#2467,#2543,#2566,.T.);
#2566 = SURFACE_CURVE('',#2567,(#2571,#2578),.PCURVE_S1.);
#2567 = LINE('',#2568,#2569);
#2568 = CARTESIAN_POINT('',(490.,-240.,140.));
#2569 = VECTOR('',#2570,1.);
#2570 = DIRECTION('',(-0.,1.,0.));
#2571 = PCURVE('',#2503,#2572);
#2572 = DEFINITIONAL_REPRESENTATION('',(#2573),#2577);
#2573 = LINE('',#2574,#2575);
#2574 = CARTESIAN_POINT('',(80.,0.));
#2575 = VECTOR('',#2576,1.);
#2576 = DIRECTION('',(0.,-1.));
#2577 = ( GEOMETRIC_REPRESENTATION_CONTEXT(2) 
PARAMETRIC_REPRESENTATION_CONTEXT() REPRESENTATION_CONTEXT('2D SPACE',''
  ) );
#2578 = PCURVE('',#2057,#2579);
#2579 = DEFINITIONAL_REPRESENTATION('',(#2580),#2584);
#2580 = LINE('',#2581,#2582);
#2581 = CARTESIAN_POINT('',(50.,0.));
#2582 = VECTOR('',#2583,1.);
#2583 = DIRECTION('',(0.,1.));
#2584 = ( GEOMETRIC_REPRESENTATION_CONTEXT(2) 
PARAMETRIC_REPRESENTATION_CONTEXT() REPRESENTATION_CONTEXT('2D SPACE',''
  ) );
#2585 = ADVANCED_FACE('',(#2586),#2169,.F.);
#2586 = FACE_BOUND('',#2587,.F.);
#2587 = EDGE_LOOP('',(#2588,#2589,#2590,#2591));
#2588 = ORIENTED_EDGE('',*,*,#2153,.F.);
#2589 = ORIENTED_EDGE('',*,*,#2440,.T.);
#2590 = ORIENTED_EDGE('',*,*,#2519,.T.);
#2591 = ORIENTED_EDGE('',*,*,#2592,.F.);
#2592 = EDGE_CURVE('',#2154,#2520,#2593,.T.);
#2593 = SURFACE_CURVE('',#2594,(#2598,#2605),.PCURVE_S1.);
#2594 = LINE('',#2595,#2596);
#2595 = CARTESIAN_POINT('',(440.,240.,60.));
#2596 = VECTOR('',#2597,1.);
#2597 = DIRECTION('',(1.,0.,-0.));
#2598 = PCURVE('',#2169,#2599);
#2599 = DEFINITIONAL_REPRESENTATION('',(#2600),#2604);
#2600 = LINE('',#2601,#2602);
#2601 = CARTESIAN_POINT('',(0.,480.));
#2602 = VECTOR('',#2603,1.);
#2603 = DIRECTION('',(1.,0.));
#2604 = ( GEOMETRIC_REPRESENTATION_CONTEXT(2) 
PARAMETRIC_REPRESENTATION_CONTEXT() REPRESENTATION_CONTEXT('2D SPACE',''
  ) );
#2605 = PCURVE('',#2197,#2606);
#2606 = DEFINITIONAL_REPRESENTATION('',(#2607),#2611);
#2607 = LINE('',#2608,#2609);
#2608 = CARTESIAN_POINT('',(0.,0.));
#2609 = VECTOR('',#2610,1.);
#2610 = DIRECTION('',(0.,1.));
#2611 = ( GEOMETRIC_REPRESENTATION_CONTEXT(2) 
PARAMETRIC_REPRESENTATION_CONTEXT() REPRESENTATION_CONTEXT('2D SPACE',''
  ) );
#2612 = ADVANCED_FACE('',(#2613),#2197,.T.);
#2613 = FACE_BOUND('',#2614,.T.);
#2614 = EDGE_LOOP('',(#2615,#2616,#2617,#2640,#2668,#2689));
#2615 = ORIENTED_EDGE('',*,*,#2592,.F.);
#2616 = ORIENTED_EDGE('',*,*,#2181,.T.);
#2617 = ORIENTED_EDGE('',*,*,#2618,.F.);
#2618 = EDGE_CURVE('',#2619,#2182,#2621,.T.);
#2619 = VERTEX_POINT('',#2620);
#2620 = CARTESIAN_POINT('',(230.,240.,80.));
#2621 = SURFACE_CURVE('',#2622,(#2626,#2633),.PCURVE_S1.);
#2622 = LINE('',#2623,#2624);
#2623 = CARTESIAN_POINT('',(230.,240.,80.));
#2624 = VECTOR('',#2625,1.);
#2625 = DIRECTION('',(1.,0.,-0.));
#2626 = PCURVE('',#2197,#2627);
#2627 = DEFINITIONAL_REPRESENTATION('',(#2628),#2632);
#2628 = LINE('',#2629,#2630);
#2629 = CARTESIAN_POINT('',(20.,-210.));
#2630 = VECTOR('',#2631,1.);
#2631 = DIRECTION('',(0.,1.));
#2632 = ( GEOMETRIC_REPRESENTATION_CONTEXT(2) 
PARAMETRIC_REPRESENTATION_CONTEXT() REPRESENTATION_CONTEXT('2D SPACE',''
  ) );
#2633 = PCURVE('',#2225,#2634);
#2634 = DEFINITIONAL_REPRESENTATION('',(#2635),#2639);
#2635 = LINE('',#2636,#2637);
#2636 = CARTESIAN_POINT('',(0.,20.));
#2637 = VECTOR('',#2638,1.);
#2638 = DIRECTION('',(1.,0.));
#2639 = ( GEOMETRIC_REPRESENTATION_CONTEXT(2) 
PARAMETRIC_REPRESENTATION_CONTEXT() REPRESENTATION_CONTEXT('2D SPACE',''
  ) );
#2640 = ORIENTED_EDGE('',*,*,#2641,.T.);
#2641 = EDGE_CURVE('',#2619,#2642,#2644,.T.);
#2642 = VERTEX_POINT('',#2643);
#2643 = CARTESIAN_POINT('',(230.,240.,140.));
#2644 = SURFACE_CURVE('',#2645,(#2649,#2656),.PCURVE_S1.);
#2645 = LINE('',#2646,#2647);
#2646 = CARTESIAN_POINT('',(230.,240.,80.));
#2647 = VECTOR('',#2648,1.);
#2648 = DIRECTION('',(0.,0.,1.));
#2649 = PCURVE('',#2197,#2650);
#2650 = DEFINITIONAL_REPRESENTATION('',(#2651),#2655);
#2651 = LINE('',#2652,#2653);
#2652 = CARTESIAN_POINT('',(20.,-210.));
#2653 = VECTOR('',#2654,1.);
#2654 = DIRECTION('',(1.,0.));
#2655 = ( GEOMETRIC_REPRESENTATION_CONTEXT(2) 
PARAMETRIC_REPRESENTATION_CONTEXT() REPRESENTATION_CONTEXT('2D SPACE',''
  ) );
#2656 = PCURVE('',#2657,#2662);
#2657 = PLANE('',#2658);
#2658 = AXIS2_PLACEMENT_3D('',#2659,#2660,#2661);
#2659 = CARTESIAN_POINT('',(230.,220.,80.));
#2660 = DIRECTION('',(1.,0.,-0.));
#2661 = DIRECTION('',(0.,0.,1.));
#2662 = DEFINITIONAL_REPRESENTATION('',(#2663),#2667);
#2663 = LINE('',#2664,#2665);
#2664 = CARTESIAN_POINT('',(0.,-20.));
#2665 = VECTOR('',#2666,1.);
#2666 = DIRECTION('',(1.,0.));
#2667 = ( GEOMETRIC_REPRESENTATION_CONTEXT(2) 
PARAMETRIC_REPRESENTATION_CONTEXT() REPRESENTATION_CONTEXT('2D SPACE',''
  ) );
#2668 = ORIENTED_EDGE('',*,*,#2669,.F.);
#2669 = EDGE_CURVE('',#2543,#2642,#2670,.T.);
#2670 = SURFACE_CURVE('',#2671,(#2675,#2682),.PCURVE_S1.);
#2671 = LINE('',#2672,#2673);
#2672 = CARTESIAN_POINT('',(490.,240.,140.));
#2673 = VECTOR('',#2674,1.);
#2674 = DIRECTION('',(-1.,0.,0.));
#2675 = PCURVE('',#2197,#2676);
#2676 = DEFINITIONAL_REPRESENTATION('',(#2677),#2681);
#2677 = LINE('',#2678,#2679);
#2678 = CARTESIAN_POINT('',(80.,50.));
#2679 = VECTOR('',#2680,1.);
#2680 = DIRECTION('',(0.,-1.));
#2681 = ( GEOMETRIC_REPRESENTATION_CONTEXT(2) 
PARAMETRIC_REPRESENTATION_CONTEXT() REPRESENTATION_CONTEXT('2D SPACE',''
  ) );
#2682 = PCURVE('',#2057,#2683);
#2683 = DEFINITIONAL_REPRESENTATION('',(#2684),#2688);
#2684 = LINE('',#2685,#2686);
#2685 = CARTESIAN_POINT('',(50.,480.));
#2686 = VECTOR('',#2687,1.);
#2687 = DIRECTION('',(-1.,0.));
#2688 = ( GEOMETRIC_REPRESENTATION_CONTEXT(2) 
PARAMETRIC_REPRESENTATION_CONTEXT() REPRESENTATION_CONTEXT('2D SPACE',''
  ) );
#2689 = ORIENTED_EDGE('',*,*,#2542,.F.);
#2690 = ADVANCED_FACE('',(#2691),#2657,.F.);
#2691 = FACE_BOUND('',#2692,.F.);
#2692 = EDGE_LOOP('',(#2693,#2718,#2739,#2740));
#2693 = ORIENTED_EDGE('',*,*,#2694,.F.);
#2694 = EDGE_CURVE('',#2695,#2697,#2699,.T.);
#2695 = VERTEX_POINT('',#2696);
#2696 = CARTESIAN_POINT('',(230.,220.,80.));
#2697 = VERTEX_POINT('',#2698);
#2698 = CARTESIAN_POINT('',(230.,220.,140.));
#2699 = SURFACE_CURVE('',#2700,(#2704,#2711),.PCURVE_S1.);
#2700 = LINE('',#2701,#2702);
#2701 = CARTESIAN_POINT('',(230.,220.,80.));
#2702 = VECTOR('',#2703,1.);
#2703 = DIRECTION('',(0.,0.,1.));
#2704 = PCURVE('',#2657,#2705);
#2705 = DEFINITIONAL_REPRESENTATION('',(#2706),#2710);
#2706 = LINE('',#2707,#2708);
#2707 = CARTESIAN_POINT('',(0.,0.));
#2708 = VECTOR('',#2709,1.);
#2709 = DIRECTION('',(1.,0.));
#2710 = ( GEOMETRIC_REPRESENTATION_CONTEXT(2) 
PARAMETRIC_REPRESENTATION_CONTEXT() REPRESENTATION_CONTEXT('2D SPACE',''
  ) );
#2711 = PCURVE('',#2251,#2712);
#2712 = DEFINITIONAL_REPRESENTATION('',(#2713),#2717);
#2713 = LINE('',#2714,#2715);
#2714 = CARTESIAN_POINT('',(0.,0.));
#2715 = VECTOR('',#2716,1.);
#2716 = DIRECTION('',(1.,0.));
#2717 = ( GEOMETRIC_REPRESENTATION_CONTEXT(2) 
PARAMETRIC_REPRESENTATION_CONTEXT() REPRESENTATION_CONTEXT('2D SPACE',''
  ) );
#2718 = ORIENTED_EDGE('',*,*,#2719,.T.);
#2719 = EDGE_CURVE('',#2695,#2619,#2720,.T.);
#2720 = SURFACE_CURVE('',#2721,(#2725,#2732),.PCURVE_S1.);
#2721 = LINE('',#2722,#2723);
#2722 = CARTESIAN_POINT('',(230.,220.,80.));
#2723 = VECTOR('',#2724,1.);
#2724 = DIRECTION('',(-0.,1.,0.));
#2725 = PCURVE('',#2657,#2726);
#2726 = DEFINITIONAL_REPRESENTATION('',(#2727),#2731);
#2727 = LINE('',#2728,#2729);
#2728 = CARTESIAN_POINT('',(0.,0.));
#2729 = VECTOR('',#2730,1.);
#2730 = DIRECTION('',(0.,-1.));
#2731 = ( GEOMETRIC_REPRESENTATION_CONTEXT(2) 
PARAMETRIC_REPRESENTATION_CONTEXT() REPRESENTATION_CONTEXT('2D SPACE',''
  ) );
#2732 = PCURVE('',#2225,#2733);
#2733 = DEFINITIONAL_REPRESENTATION('',(#2734),#2738);
#2734 = LINE('',#2735,#2736);
#2735 = CARTESIAN_POINT('',(0.,0.));
#2736 = VECTOR('',#2737,1.);
#2737 = DIRECTION('',(0.,1.));
#2738 = ( GEOMETRIC_REPRESENTATION_CONTEXT(2) 
PARAMETRIC_REPRESENTATION_CONTEXT() REPRESENTATION_CONTEXT('2D SPACE',''
  ) );
#2739 = ORIENTED_EDGE('',*,*,#2641,.T.);
#2740 = ORIENTED_EDGE('',*,*,#2741,.F.);
#2741 = EDGE_CURVE('',#2697,#2642,#2742,.T.);
#2742 = SURFACE_CURVE('',#2743,(#2747,#2754),.PCURVE_S1.);
#2743 = LINE('',#2744,#2745);
#2744 = CARTESIAN_POINT('',(230.,220.,140.));
#2745 = VECTOR('',#2746,1.);
#2746 = DIRECTION('',(-0.,1.,0.));
#2747 = PCURVE('',#2657,#2748);
#2748 = DEFINITIONAL_REPRESENTATION('',(#2749),#2753);
#2749 = LINE('',#2750,#2751);
#2750 = CARTESIAN_POINT('',(60.,0.));
#2751 = VECTOR('',#2752,1.);
#2752 = DIRECTION('',(0.,-1.));
#2753 = ( GEOMETRIC_REPRESENTATION_CONTEXT(2) 
PARAMETRIC_REPRESENTATION_CONTEXT() REPRESENTATION_CONTEXT('2D SPACE',''
  ) );
#2754 = PCURVE('',#2057,#2755);
#2755 = DEFINITIONAL_REPRESENTATION('',(#2756),#2760);
#2756 = LINE('',#2757,#2758);
#2757 = CARTESIAN_POINT('',(-210.,460.));
#2758 = VECTOR('',#2759,1.);
#2759 = DIRECTION('',(0.,1.));
#2760 = ( GEOMETRIC_REPRESENTATION_CONTEXT(2) 
PARAMETRIC_REPRESENTATION_CONTEXT() REPRESENTATION_CONTEXT('2D SPACE',''
  ) );
#2761 = ADVANCED_FACE('',(#2762),#2225,.F.);
#2762 = FACE_BOUND('',#2763,.F.);
#2763 = EDGE_LOOP('',(#2764,#2765,#2786,#2787));
#2764 = ORIENTED_EDGE('',*,*,#2719,.F.);
#2765 = ORIENTED_EDGE('',*,*,#2766,.T.);
#2766 = EDGE_CURVE('',#2695,#2210,#2767,.T.);
#2767 = SURFACE_CURVE('',#2768,(#2772,#2779),.PCURVE_S1.);
#2768 = LINE('',#2769,#2770);
#2769 = CARTESIAN_POINT('',(230.,220.,80.));
#2770 = VECTOR('',#2771,1.);
#2771 = DIRECTION('',(1.,0.,-0.));
#2772 = PCURVE('',#2225,#2773);
#2773 = DEFINITIONAL_REPRESENTATION('',(#2774),#2778);
#2774 = LINE('',#2775,#2776);
#2775 = CARTESIAN_POINT('',(0.,0.));
#2776 = VECTOR('',#2777,1.);
#2777 = DIRECTION('',(1.,0.));
#2778 = ( GEOMETRIC_REPRESENTATION_CONTEXT(2) 
PARAMETRIC_REPRESENTATION_CONTEXT() REPRESENTATION_CONTEXT('2D SPACE',''
  ) );
#2779 = PCURVE('',#2251,#2780);
#2780 = DEFINITIONAL_REPRESENTATION('',(#2781),#2785);
#2781 = LINE('',#2782,#2783);
#2782 = CARTESIAN_POINT('',(0.,0.));
#2783 = VECTOR('',#2784,1.);
#2784 = DIRECTION('',(0.,1.));
#2785 = ( GEOMETRIC_REPRESENTATION_CONTEXT(2) 
PARAMETRIC_REPRESENTATION_CONTEXT() REPRESENTATION_CONTEXT('2D SPACE',''
  ) );
#2786 = ORIENTED_EDGE('',*,*,#2209,.T.);
#2787 = ORIENTED_EDGE('',*,*,#2618,.F.);
#2788 = ADVANCED_FACE('',(#2789),#2251,.F.);
#2789 = FACE_BOUND('',#2790,.F.);
#2790 = EDGE_LOOP('',(#2791,#2792,#2793,#2814));
#2791 = ORIENTED_EDGE('',*,*,#2766,.F.);
#2792 = ORIENTED_EDGE('',*,*,#2694,.T.);
#2793 = ORIENTED_EDGE('',*,*,#2794,.T.);
#2794 = EDGE_CURVE('',#2697,#2037,#2795,.T.);
#2795 = SURFACE_CURVE('',#2796,(#2800,#2807),.PCURVE_S1.);
#2796 = LINE('',#2797,#2798);
#2797 = CARTESIAN_POINT('',(230.,220.,140.));
#2798 = VECTOR('',#2799,1.);
#2799 = DIRECTION('',(1.,0.,-0.));
#2800 = PCURVE('',#2251,#2801);
#2801 = DEFINITIONAL_REPRESENTATION('',(#2802),#2806);
#2802 = LINE('',#2803,#2804);
#2803 = CARTESIAN_POINT('',(60.,0.));
#2804 = VECTOR('',#2805,1.);
#2805 = DIRECTION('',(0.,1.));
#2806 = ( GEOMETRIC_REPRESENTATION_CONTEXT(2) 
PARAMETRIC_REPRESENTATION_CONTEXT() REPRESENTATION_CONTEXT('2D SPACE',''
  ) );
#2807 = PCURVE('',#2057,#2808);
#2808 = DEFINITIONAL_REPRESENTATION('',(#2809),#2813);
#2809 = LINE('',#2810,#2811);
#2810 = CARTESIAN_POINT('',(-210.,460.));
#2811 = VECTOR('',#2812,1.);
#2812 = DIRECTION('',(1.,0.));
#2813 = ( GEOMETRIC_REPRESENTATION_CONTEXT(2) 
PARAMETRIC_REPRESENTATION_CONTEXT() REPRESENTATION_CONTEXT('2D SPACE',''
  ) );
#2814 = ORIENTED_EDGE('',*,*,#2237,.F.);
#2815 = ADVANCED_FACE('',(#2816),#2057,.T.);
#2816 = FACE_BOUND('',#2817,.T.);
#2817 = EDGE_LOOP('',(#2818,#2819,#2820,#2821,#2822,#2823,#2824,#2825));
#2818 = ORIENTED_EDGE('',*,*,#2034,.F.);
#2819 = ORIENTED_EDGE('',*,*,#2317,.F.);
#2820 = ORIENTED_EDGE('',*,*,#2389,.F.);
#2821 = ORIENTED_EDGE('',*,*,#2466,.T.);
#2822 = ORIENTED_EDGE('',*,*,#2565,.T.);
#2823 = ORIENTED_EDGE('',*,*,#2669,.T.);
#2824 = ORIENTED_EDGE('',*,*,#2741,.F.);
#2825 = ORIENTED_EDGE('',*,*,#2794,.T.);
#2826 = ( GEOMETRIC_REPRESENTATION_CONTEXT(3) 
GLOBAL_UNCERTAINTY_ASSIGNED_CONTEXT((#2830)) 
GLOBAL_UNIT_ASSIGNED_CONTEXT((#2827,#2828,#2829)) REPRESENTATION_CONTEXT
('Context #1','3D Context with UNIT and UNCERTAINTY') );
#2827 = ( LENGTH_UNIT() NAMED_UNIT(*) SI_UNIT(.MILLI.,.METRE.) );
#2828 = ( NAMED_UNIT(*) PLANE_ANGLE_UNIT() SI_UNIT($,.RADIAN.) );
#2829 = ( NAMED_UNIT(*) SI_UNIT($,.STERADIAN.) SOLID_ANGLE_UNIT() );
#2830 = UNCERTAINTY_MEASURE_WITH_UNIT(LENGTH_MEASURE(1.E-07),#2827,
  'distance_accuracy_value','confusion accuracy');
#2831 = CONTEXT_DEPENDENT_SHAPE_REPRESENTATION(#2832,#2834);
#2832 = ( REPRESENTATION_RELATIONSHIP('','',#2027,#10) 
REPRESENTATION_RELATIONSHIP_WITH_TRANSFORMATION(#2833) 
SHAPE_REPRESENTATION_RELATIONSHIP() );
#2833 = ITEM_DEFINED_TRANSFORMATION('','',#11,#19);
#2834 = PRODUCT_DEFINITION_SHAPE('Placement','Placement of an item',
  #2835);
#2835 = NEXT_ASSEMBLY_USAGE_OCCURRENCE('129','=>[0:1:1:3]','',#5,#2022,$
  );
#2836 = PRODUCT_RELATED_PRODUCT_CATEGORY('part',$,(#2024));
#2837 = SHAPE_DEFINITION_REPRESENTATION(#2838,#2844);
#2838 = PRODUCT_DEFINITION_SHAPE('','',#2839);
#2839 = PRODUCT_DEFINITION('design','',#2840,#2843);
#2840 = PRODUCT_DEFINITION_FORMATION('','',#2841);
#2841 = PRODUCT('COMPOUND','COMPOUND','',(#2842));
#2842 = PRODUCT_CONTEXT('',#2,'mechanical');
#2843 = PRODUCT_DEFINITION_CONTEXT('part definition',#2,'design');
#2844 = SHAPE_REPRESENTATION('',(#11,#2845,#3123,#3401,#3679),#3957);
#2845 = MANIFOLD_SOLID_BREP('',#2846);
#2846 = CLOSED_SHELL('',(#2847,#2935,#2970,#2974,#3029,#3064,#3119));
#2847 = ADVANCED_FACE('',(#2848),#2861,.T.);
#2848 = FACE_BOUND('',#2849,.T.);
#2849 = EDGE_LOOP('',(#2850,#2884,#2907,#2934));
#2850 = ORIENTED_EDGE('',*,*,#2851,.F.);
#2851 = EDGE_CURVE('',#2852,#2852,#2854,.T.);
#2852 = VERTEX_POINT('',#2853);
#2853 = CARTESIAN_POINT('',(355.5,200.,110.));
#2854 = SURFACE_CURVE('',#2855,(#2860,#2872),.PCURVE_S1.);
#2855 = CIRCLE('',#2856,5.5);
#2856 = AXIS2_PLACEMENT_3D('',#2857,#2858,#2859);
#2857 = CARTESIAN_POINT('',(350.,200.,110.));
#2858 = DIRECTION('',(0.,-1.,2.22044604925E-16));
#2859 = DIRECTION('',(1.,0.,0.));
#2860 = PCURVE('',#2861,#2866);
#2861 = CYLINDRICAL_SURFACE('',#2862,5.5);
#2862 = AXIS2_PLACEMENT_3D('',#2863,#2864,#2865);
#2863 = CARTESIAN_POINT('',(350.,206.,110.));
#2864 = DIRECTION('',(0.,-1.,2.22044604925E-16));
#2865 = DIRECTION('',(1.,0.,0.));
#2866 = DEFINITIONAL_REPRESENTATION('',(#2867),#2871);
#2867 = LINE('',#2868,#2869);
#2868 = CARTESIAN_POINT('',(0.,6.));
#2869 = VECTOR('',#2870,1.);
#2870 = DIRECTION('',(1.,0.));
#2871 = ( GEOMETRIC_REPRESENTATION_CONTEXT(2) 
PARAMETRIC_REPRESENTATION_CONTEXT() REPRESENTATION_CONTEXT('2D SPACE',''
  ) );
#2872 = PCURVE('',#2873,#2878);
#2873 = PLANE('',#2874);
#2874 = AXIS2_PLACEMENT_3D('',#2875,#2876,#2877);
#2875 = CARTESIAN_POINT('',(350.,200.,110.));
#2876 = DIRECTION('',(0.,-1.,2.22044604925E-16));
#2877 = DIRECTION('',(1.,0.,0.));
#2878 = DEFINITIONAL_REPRESENTATION('',(#2879),#2883);
#2879 = CIRCLE('',#2880,5.5);
#2880 = AXIS2_PLACEMENT_2D('',#2881,#2882);
#2881 = CARTESIAN_POINT('',(0.,0.));
#2882 = DIRECTION('',(1.,0.));
#2883 = ( GEOMETRIC_REPRESENTATION_CONTEXT(2) 
PARAMETRIC_REPRESENTATION_CONTEXT() REPRESENTATION_CONTEXT('2D SPACE',''
  ) );
#2884 = ORIENTED_EDGE('',*,*,#2885,.F.);
#2885 = EDGE_CURVE('',#2886,#2852,#2888,.T.);
#2886 = VERTEX_POINT('',#2887);
#2887 = CARTESIAN_POINT('',(355.5,206.,110.));
#2888 = SEAM_CURVE('',#2889,(#2893,#2900),.PCURVE_S1.);
#2889 = LINE('',#2890,#2891);
#2890 = CARTESIAN_POINT('',(355.5,206.,110.));
#2891 = VECTOR('',#2892,1.);
#2892 = DIRECTION('',(0.,-1.,2.22044604925E-16));
#2893 = PCURVE('',#2861,#2894);
#2894 = DEFINITIONAL_REPRESENTATION('',(#2895),#2899);
#2895 = LINE('',#2896,#2897);
#2896 = CARTESIAN_POINT('',(6.28318530718,-0.));
#2897 = VECTOR('',#2898,1.);
#2898 = DIRECTION('',(0.,1.));
#2899 = ( GEOMETRIC_REPRESENTATION_CONTEXT(2) 
PARAMETRIC_REPRESENTATION_CONTEXT() REPRESENTATION_CONTEXT('2D SPACE',''
  ) );
#2900 = PCURVE('',#2861,#2901);
#2901 = DEFINITIONAL_REPRESENTATION('',(#2902),#2906);
#2902 = LINE('',#2903,#2904);
#2903 = CARTESIAN_POINT('',(0.,-0.));
#2904 = VECTOR('',#2905,1.);
#2905 = DIRECTION('',(0.,1.));
#2906 = ( GEOMETRIC_REPRESENTATION_CONTEXT(2) 
PARAMETRIC_REPRESENTATION_CONTEXT() REPRESENTATION_CONTEXT('2D SPACE',''
  ) );
#2907 = ORIENTED_EDGE('',*,*,#2908,.T.);
#2908 = EDGE_CURVE('',#2886,#2886,#2909,.T.);
#2909 = SURFACE_CURVE('',#2910,(#2915,#2922),.PCURVE_S1.);
#2910 = CIRCLE('',#2911,5.5);
#2911 = AXIS2_PLACEMENT_3D('',#2912,#2913,#2914);
#2912 = CARTESIAN_POINT('',(350.,206.,110.));
#2913 = DIRECTION('',(0.,-1.,2.22044604925E-16));
#2914 = DIRECTION('',(1.,0.,0.));
#2915 = PCURVE('',#2861,#2916);
#2916 = DEFINITIONAL_REPRESENTATION('',(#2917),#2921);
#2917 = LINE('',#2918,#2919);
#2918 = CARTESIAN_POINT('',(0.,0.));
#2919 = VECTOR('',#2920,1.);
#2920 = DIRECTION('',(1.,0.));
#2921 = ( GEOMETRIC_REPRESENTATION_CONTEXT(2) 
PARAMETRIC_REPRESENTATION_CONTEXT() REPRESENTATION_CONTEXT('2D SPACE',''
  ) );
#2922 = PCURVE('',#2923,#2928);
#2923 = PLANE('',#2924);
#2924 = AXIS2_PLACEMENT_3D('',#2925,#2926,#2927);
#2925 = CARTESIAN_POINT('',(350.,206.,110.));
#2926 = DIRECTION('',(0.,-1.,2.22044604925E-16));
#2927 = DIRECTION('',(1.,0.,0.));
#2928 = DEFINITIONAL_REPRESENTATION('',(#2929),#2933);
#2929 = CIRCLE('',#2930,5.5);
#2930 = AXIS2_PLACEMENT_2D('',#2931,#2932);
#2931 = CARTESIAN_POINT('',(0.,0.));
#2932 = DIRECTION('',(1.,0.));
#2933 = ( GEOMETRIC_REPRESENTATION_CONTEXT(2) 
PARAMETRIC_REPRESENTATION_CONTEXT() REPRESENTATION_CONTEXT('2D SPACE',''
  ) );
#2934 = ORIENTED_EDGE('',*,*,#2885,.T.);
#2935 = ADVANCED_FACE('',(#2936,#2939),#2873,.T.);
#2936 = FACE_BOUND('',#2937,.T.);
#2937 = EDGE_LOOP('',(#2938));
#2938 = ORIENTED_EDGE('',*,*,#2851,.T.);
#2939 = FACE_BOUND('',#2940,.T.);
#2940 = EDGE_LOOP('',(#2941));
#2941 = ORIENTED_EDGE('',*,*,#2942,.F.);
#2942 = EDGE_CURVE('',#2943,#2943,#2945,.T.);
#2943 = VERTEX_POINT('',#2944);
#2944 = CARTESIAN_POINT('',(354.,200.,110.));
#2945 = SURFACE_CURVE('',#2946,(#2951,#2958),.PCURVE_S1.);
#2946 = CIRCLE('',#2947,4.);
#2947 = AXIS2_PLACEMENT_3D('',#2948,#2949,#2950);
#2948 = CARTESIAN_POINT('',(350.,200.,110.));
#2949 = DIRECTION('',(0.,-1.,2.22044604925E-16));
#2950 = DIRECTION('',(1.,0.,0.));
#2951 = PCURVE('',#2873,#2952);
#2952 = DEFINITIONAL_REPRESENTATION('',(#2953),#2957);
#2953 = CIRCLE('',#2954,4.);
#2954 = AXIS2_PLACEMENT_2D('',#2955,#2956);
#2955 = CARTESIAN_POINT('',(0.,0.));
#2956 = DIRECTION('',(1.,0.));
#2957 = ( GEOMETRIC_REPRESENTATION_CONTEXT(2) 
PARAMETRIC_REPRESENTATION_CONTEXT() REPRESENTATION_CONTEXT('2D SPACE',''
  ) );
#2958 = PCURVE('',#2959,#2964);
#2959 = CYLINDRICAL_SURFACE('',#2960,4.);
#2960 = AXIS2_PLACEMENT_3D('',#2961,#2962,#2963);
#2961 = CARTESIAN_POINT('',(350.,200.,110.));
#2962 = DIRECTION('',(0.,-1.,2.22044604925E-16));
#2963 = DIRECTION('',(1.,0.,0.));
#2964 = DEFINITIONAL_REPRESENTATION('',(#2965),#2969);
#2965 = LINE('',#2966,#2967);
#2966 = CARTESIAN_POINT('',(0.,0.));
#2967 = VECTOR('',#2968,1.);
#2968 = DIRECTION('',(1.,0.));
#2969 = ( GEOMETRIC_REPRESENTATION_CONTEXT(2) 
PARAMETRIC_REPRESENTATION_CONTEXT() REPRESENTATION_CONTEXT('2D SPACE',''
  ) );
#2970 = ADVANCED_FACE('',(#2971),#2923,.F.);
#2971 = FACE_BOUND('',#2972,.T.);
#2972 = EDGE_LOOP('',(#2973));
#2973 = ORIENTED_EDGE('',*,*,#2908,.F.);
#2974 = ADVANCED_FACE('',(#2975),#2959,.T.);
#2975 = FACE_BOUND('',#2976,.T.);
#2976 = EDGE_LOOP('',(#2977,#3006,#3027,#3028));
#2977 = ORIENTED_EDGE('',*,*,#2978,.F.);
#2978 = EDGE_CURVE('',#2979,#2979,#2981,.T.);
#2979 = VERTEX_POINT('',#2980);
#2980 = CARTESIAN_POINT('',(354.,194.,110.));
#2981 = SURFACE_CURVE('',#2982,(#2987,#2994),.PCURVE_S1.);
#2982 = CIRCLE('',#2983,4.);
#2983 = AXIS2_PLACEMENT_3D('',#2984,#2985,#2986);
#2984 = CARTESIAN_POINT('',(350.,194.,110.));
#2985 = DIRECTION('',(0.,-1.,2.22044604925E-16));
#2986 = DIRECTION('',(1.,0.,0.));
#2987 = PCURVE('',#2959,#2988);
#2988 = DEFINITIONAL_REPRESENTATION('',(#2989),#2993);
#2989 = LINE('',#2990,#2991);
#2990 = CARTESIAN_POINT('',(0.,6.));
#2991 = VECTOR('',#2992,1.);
#2992 = DIRECTION('',(1.,0.));
#2993 = ( GEOMETRIC_REPRESENTATION_CONTEXT(2) 
PARAMETRIC_REPRESENTATION_CONTEXT() REPRESENTATION_CONTEXT('2D SPACE',''
  ) );
#2994 = PCURVE('',#2995,#3000);
#2995 = PLANE('',#2996);
#2996 = AXIS2_PLACEMENT_3D('',#2997,#2998,#2999);
#2997 = CARTESIAN_POINT('',(350.,194.,110.));
#2998 = DIRECTION('',(0.,-1.,2.22044604925E-16));
#2999 = DIRECTION('',(1.,0.,0.));
#3000 = DEFINITIONAL_REPRESENTATION('',(#3001),#3005);
#3001 = CIRCLE('',#3002,4.);
#3002 = AXIS2_PLACEMENT_2D('',#3003,#3004);
#3003 = CARTESIAN_POINT('',(0.,0.));
#3004 = DIRECTION('',(1.,0.));
#3005 = ( GEOMETRIC_REPRESENTATION_CONTEXT(2) 
PARAMETRIC_REPRESENTATION_CONTEXT() REPRESENTATION_CONTEXT('2D SPACE',''
  ) );
#3006 = ORIENTED_EDGE('',*,*,#3007,.F.);
#3007 = EDGE_CURVE('',#2943,#2979,#3008,.T.);
#3008 = SEAM_CURVE('',#3009,(#3013,#3020),.PCURVE_S1.);
#3009 = LINE('',#3010,#3011);
#3010 = CARTESIAN_POINT('',(354.,200.,110.));
#3011 = VECTOR('',#3012,1.);
#3012 = DIRECTION('',(0.,-1.,2.22044604925E-16));
#3013 = PCURVE('',#2959,#3014);
#3014 = DEFINITIONAL_REPRESENTATION('',(#3015),#3019);
#3015 = LINE('',#3016,#3017);
#3016 = CARTESIAN_POINT('',(6.28318530718,-0.));
#3017 = VECTOR('',#3018,1.);
#3018 = DIRECTION('',(0.,1.));
#3019 = ( GEOMETRIC_REPRESENTATION_CONTEXT(2) 
PARAMETRIC_REPRESENTATION_CONTEXT() REPRESENTATION_CONTEXT('2D SPACE',''
  ) );
#3020 = PCURVE('',#2959,#3021);
#3021 = DEFINITIONAL_REPRESENTATION('',(#3022),#3026);
#3022 = LINE('',#3023,#3024);
#3023 = CARTESIAN_POINT('',(0.,-0.));
#3024 = VECTOR('',#3025,1.);
#3025 = DIRECTION('',(0.,1.));
#3026 = ( GEOMETRIC_REPRESENTATION_CONTEXT(2) 
PARAMETRIC_REPRESENTATION_CONTEXT() REPRESENTATION_CONTEXT('2D SPACE',''
  ) );
#3027 = ORIENTED_EDGE('',*,*,#2942,.T.);
#3028 = ORIENTED_EDGE('',*,*,#3007,.T.);
#3029 = ADVANCED_FACE('',(#3030,#3061),#2995,.F.);
#3030 = FACE_BOUND('',#3031,.F.);
#3031 = EDGE_LOOP('',(#3032));
#3032 = ORIENTED_EDGE('',*,*,#3033,.T.);
#3033 = EDGE_CURVE('',#3034,#3034,#3036,.T.);
#3034 = VERTEX_POINT('',#3035);
#3035 = CARTESIAN_POINT('',(357.,194.,110.));
#3036 = SURFACE_CURVE('',#3037,(#3042,#3049),.PCURVE_S1.);
#3037 = CIRCLE('',#3038,7.);
#3038 = AXIS2_PLACEMENT_3D('',#3039,#3040,#3041);
#3039 = CARTESIAN_POINT('',(350.,194.,110.));
#3040 = DIRECTION('',(0.,-1.,2.22044604925E-16));
#3041 = DIRECTION('',(1.,0.,0.));
#3042 = PCURVE('',#2995,#3043);
#3043 = DEFINITIONAL_REPRESENTATION('',(#3044),#3048);
#3044 = CIRCLE('',#3045,7.);
#3045 = AXIS2_PLACEMENT_2D('',#3046,#3047);
#3046 = CARTESIAN_POINT('',(0.,0.));
#3047 = DIRECTION('',(1.,0.));
#3048 = ( GEOMETRIC_REPRESENTATION_CONTEXT(2) 
PARAMETRIC_REPRESENTATION_CONTEXT() REPRESENTATION_CONTEXT('2D SPACE',''
  ) );
#3049 = PCURVE('',#3050,#3055);
#3050 = CYLINDRICAL_SURFACE('',#3051,7.);
#3051 = AXIS2_PLACEMENT_3D('',#3052,#3053,#3054);
#3052 = CARTESIAN_POINT('',(350.,194.,110.));
#3053 = DIRECTION('',(0.,-1.,2.22044604925E-16));
#3054 = DIRECTION('',(1.,0.,0.));
#3055 = DEFINITIONAL_REPRESENTATION('',(#3056),#3060);
#3056 = LINE('',#3057,#3058);
#3057 = CARTESIAN_POINT('',(0.,0.));
#3058 = VECTOR('',#3059,1.);
#3059 = DIRECTION('',(1.,0.));
#3060 = ( GEOMETRIC_REPRESENTATION_CONTEXT(2) 
PARAMETRIC_REPRESENTATION_CONTEXT() REPRESENTATION_CONTEXT('2D SPACE',''
  ) );
#3061 = FACE_BOUND('',#3062,.F.);
#3062 = EDGE_LOOP('',(#3063));
#3063 = ORIENTED_EDGE('',*,*,#2978,.F.);
#3064 = ADVANCED_FACE('',(#3065),#3050,.T.);
#3065 = FACE_BOUND('',#3066,.T.);
#3066 = EDGE_LOOP('',(#3067,#3096,#3117,#3118));
#3067 = ORIENTED_EDGE('',*,*,#3068,.F.);
#3068 = EDGE_CURVE('',#3069,#3069,#3071,.T.);
#3069 = VERTEX_POINT('',#3070);
#3070 = CARTESIAN_POINT('',(357.,188.,110.));
#3071 = SURFACE_CURVE('',#3072,(#3077,#3084),.PCURVE_S1.);
#3072 = CIRCLE('',#3073,7.);
#3073 = AXIS2_PLACEMENT_3D('',#3074,#3075,#3076);
#3074 = CARTESIAN_POINT('',(350.,188.,110.));
#3075 = DIRECTION('',(0.,-1.,2.22044604925E-16));
#3076 = DIRECTION('',(1.,0.,0.));
#3077 = PCURVE('',#3050,#3078);
#3078 = DEFINITIONAL_REPRESENTATION('',(#3079),#3083);
#3079 = LINE('',#3080,#3081);
#3080 = CARTESIAN_POINT('',(0.,6.));
#3081 = VECTOR('',#3082,1.);
#3082 = DIRECTION('',(1.,0.));
#3083 = ( GEOMETRIC_REPRESENTATION_CONTEXT(2) 
PARAMETRIC_REPRESENTATION_CONTEXT() REPRESENTATION_CONTEXT('2D SPACE',''
  ) );
#3084 = PCURVE('',#3085,#3090);
#3085 = PLANE('',#3086);
#3086 = AXIS2_PLACEMENT_3D('',#3087,#3088,#3089);
#3087 = CARTESIAN_POINT('',(350.,188.,110.));
#3088 = DIRECTION('',(0.,-1.,2.22044604925E-16));
#3089 = DIRECTION('',(1.,0.,0.));
#3090 = DEFINITIONAL_REPRESENTATION('',(#3091),#3095);
#3091 = CIRCLE('',#3092,7.);
#3092 = AXIS2_PLACEMENT_2D('',#3093,#3094);
#3093 = CARTESIAN_POINT('',(0.,0.));
#3094 = DIRECTION('',(1.,0.));
#3095 = ( GEOMETRIC_REPRESENTATION_CONTEXT(2) 
PARAMETRIC_REPRESENTATION_CONTEXT() REPRESENTATION_CONTEXT('2D SPACE',''
  ) );
#3096 = ORIENTED_EDGE('',*,*,#3097,.F.);
#3097 = EDGE_CURVE('',#3034,#3069,#3098,.T.);
#3098 = SEAM_CURVE('',#3099,(#3103,#3110),.PCURVE_S1.);
#3099 = LINE('',#3100,#3101);
#3100 = CARTESIAN_POINT('',(357.,194.,110.));
#3101 = VECTOR('',#3102,1.);
#3102 = DIRECTION('',(0.,-1.,2.22044604925E-16));
#3103 = PCURVE('',#3050,#3104);
#3104 = DEFINITIONAL_REPRESENTATION('',(#3105),#3109);
#3105 = LINE('',#3106,#3107);
#3106 = CARTESIAN_POINT('',(6.28318530718,-0.));
#3107 = VECTOR('',#3108,1.);
#3108 = DIRECTION('',(0.,1.));
#3109 = ( GEOMETRIC_REPRESENTATION_CONTEXT(2) 
PARAMETRIC_REPRESENTATION_CONTEXT() REPRESENTATION_CONTEXT('2D SPACE',''
  ) );
#3110 = PCURVE('',#3050,#3111);
#3111 = DEFINITIONAL_REPRESENTATION('',(#3112),#3116);
#3112 = LINE('',#3113,#3114);
#3113 = CARTESIAN_POINT('',(0.,-0.));
#3114 = VECTOR('',#3115,1.);
#3115 = DIRECTION('',(0.,1.));
#3116 = ( GEOMETRIC_REPRESENTATION_CONTEXT(2) 
PARAMETRIC_REPRESENTATION_CONTEXT() REPRESENTATION_CONTEXT('2D SPACE',''
  ) );
#3117 = ORIENTED_EDGE('',*,*,#3033,.T.);
#3118 = ORIENTED_EDGE('',*,*,#3097,.T.);
#3119 = ADVANCED_FACE('',(#3120),#3085,.T.);
#3120 = FACE_BOUND('',#3121,.T.);
#3121 = EDGE_LOOP('',(#3122));
#3122 = ORIENTED_EDGE('',*,*,#3068,.T.);
#3123 = MANIFOLD_SOLID_BREP('',#3124);
#3124 = CLOSED_SHELL('',(#3125,#3213,#3248,#3252,#3307,#3342,#3397));
#3125 = ADVANCED_FACE('',(#3126),#3139,.T.);
#3126 = FACE_BOUND('',#3127,.T.);
#3127 = EDGE_LOOP('',(#3128,#3162,#3185,#3212));
#3128 = ORIENTED_EDGE('',*,*,#3129,.F.);
#3129 = EDGE_CURVE('',#3130,#3130,#3132,.T.);
#3130 = VERTEX_POINT('',#3131);
#3131 = CARTESIAN_POINT('',(375.5,200.,110.));
#3132 = SURFACE_CURVE('',#3133,(#3138,#3150),.PCURVE_S1.);
#3133 = CIRCLE('',#3134,5.5);
#3134 = AXIS2_PLACEMENT_3D('',#3135,#3136,#3137);
#3135 = CARTESIAN_POINT('',(370.,200.,110.));
#3136 = DIRECTION('',(0.,-1.,2.22044604925E-16));
#3137 = DIRECTION('',(1.,0.,0.));
#3138 = PCURVE('',#3139,#3144);
#3139 = CYLINDRICAL_SURFACE('',#3140,5.5);
#3140 = AXIS2_PLACEMENT_3D('',#3141,#3142,#3143);
#3141 = CARTESIAN_POINT('',(370.,206.,110.));
#3142 = DIRECTION('',(0.,-1.,2.22044604925E-16));
#3143 = DIRECTION('',(1.,0.,0.));
#3144 = DEFINITIONAL_REPRESENTATION('',(#3145),#3149);
#3145 = LINE('',#3146,#3147);
#3146 = CARTESIAN_POINT('',(0.,6.));
#3147 = VECTOR('',#3148,1.);
#3148 = DIRECTION('',(1.,0.));
#3149 = ( GEOMETRIC_REPRESENTATION_CONTEXT(2) 
PARAMETRIC_REPRESENTATION_CONTEXT() REPRESENTATION_CONTEXT('2D SPACE',''
  ) );
#3150 = PCURVE('',#3151,#3156);
#3151 = PLANE('',#3152);
#3152 = AXIS2_PLACEMENT_3D('',#3153,#3154,#3155);
#3153 = CARTESIAN_POINT('',(370.,200.,110.));
#3154 = DIRECTION('',(0.,-1.,2.22044604925E-16));
#3155 = DIRECTION('',(1.,0.,0.));
#3156 = DEFINITIONAL_REPRESENTATION('',(#3157),#3161);
#3157 = CIRCLE('',#3158,5.5);
#3158 = AXIS2_PLACEMENT_2D('',#3159,#3160);
#3159 = CARTESIAN_POINT('',(0.,0.));
#3160 = DIRECTION('',(1.,0.));
#3161 = ( GEOMETRIC_REPRESENTATION_CONTEXT(2) 
PARAMETRIC_REPRESENTATION_CONTEXT() REPRESENTATION_CONTEXT('2D SPACE',''
  ) );
#3162 = ORIENTED_EDGE('',*,*,#3163,.F.);
#3163 = EDGE_CURVE('',#3164,#3130,#3166,.T.);
#3164 = VERTEX_POINT('',#3165);
#3165 = CARTESIAN_POINT('',(375.5,206.,110.));
#3166 = SEAM_CURVE('',#3167,(#3171,#3178),.PCURVE_S1.);
#3167 = LINE('',#3168,#3169);
#3168 = CARTESIAN_POINT('',(375.5,206.,110.));
#3169 = VECTOR('',#3170,1.);
#3170 = DIRECTION('',(0.,-1.,2.22044604925E-16));
#3171 = PCURVE('',#3139,#3172);
#3172 = DEFINITIONAL_REPRESENTATION('',(#3173),#3177);
#3173 = LINE('',#3174,#3175);
#3174 = CARTESIAN_POINT('',(6.28318530718,-0.));
#3175 = VECTOR('',#3176,1.);
#3176 = DIRECTION('',(0.,1.));
#3177 = ( GEOMETRIC_REPRESENTATION_CONTEXT(2) 
PARAMETRIC_REPRESENTATION_CONTEXT() REPRESENTATION_CONTEXT('2D SPACE',''
  ) );
#3178 = PCURVE('',#3139,#3179);
#3179 = DEFINITIONAL_REPRESENTATION('',(#3180),#3184);
#3180 = LINE('',#3181,#3182);
#3181 = CARTESIAN_POINT('',(0.,-0.));
#3182 = VECTOR('',#3183,1.);
#3183 = DIRECTION('',(0.,1.));
#3184 = ( GEOMETRIC_REPRESENTATION_CONTEXT(2) 
PARAMETRIC_REPRESENTATION_CONTEXT() REPRESENTATION_CONTEXT('2D SPACE',''
  ) );
#3185 = ORIENTED_EDGE('',*,*,#3186,.T.);
#3186 = EDGE_CURVE('',#3164,#3164,#3187,.T.);
#3187 = SURFACE_CURVE('',#3188,(#3193,#3200),.PCURVE_S1.);
#3188 = CIRCLE('',#3189,5.5);
#3189 = AXIS2_PLACEMENT_3D('',#3190,#3191,#3192);
#3190 = CARTESIAN_POINT('',(370.,206.,110.));
#3191 = DIRECTION('',(0.,-1.,2.22044604925E-16));
#3192 = DIRECTION('',(1.,0.,0.));
#3193 = PCURVE('',#3139,#3194);
#3194 = DEFINITIONAL_REPRESENTATION('',(#3195),#3199);
#3195 = LINE('',#3196,#3197);
#3196 = CARTESIAN_POINT('',(0.,0.));
#3197 = VECTOR('',#3198,1.);
#3198 = DIRECTION('',(1.,0.));
#3199 = ( GEOMETRIC_REPRESENTATION_CONTEXT(2) 
PARAMETRIC_REPRESENTATION_CONTEXT() REPRESENTATION_CONTEXT('2D SPACE',''
  ) );
#3200 = PCURVE('',#3201,#3206);
#3201 = PLANE('',#3202);
#3202 = AXIS2_PLACEMENT_3D('',#3203,#3204,#3205);
#3203 = CARTESIAN_POINT('',(370.,206.,110.));
#3204 = DIRECTION('',(0.,-1.,2.22044604925E-16));
#3205 = DIRECTION('',(1.,0.,0.));
#3206 = DEFINITIONAL_REPRESENTATION('',(#3207),#3211);
#3207 = CIRCLE('',#3208,5.5);
#3208 = AXIS2_PLACEMENT_2D('',#3209,#3210);
#3209 = CARTESIAN_POINT('',(0.,0.));
#3210 = DIRECTION('',(1.,0.));
#3211 = ( GEOMETRIC_REPRESENTATION_CONTEXT(2) 
PARAMETRIC_REPRESENTATION_CONTEXT() REPRESENTATION_CONTEXT('2D SPACE',''
  ) );
#3212 = ORIENTED_EDGE('',*,*,#3163,.T.);
#3213 = ADVANCED_FACE('',(#3214,#3217),#3151,.T.);
#3214 = FACE_BOUND('',#3215,.T.);
#3215 = EDGE_LOOP('',(#3216));
#3216 = ORIENTED_EDGE('',*,*,#3129,.T.);
#3217 = FACE_BOUND('',#3218,.T.);
#3218 = EDGE_LOOP('',(#3219));
#3219 = ORIENTED_EDGE('',*,*,#3220,.F.);
#3220 = EDGE_CURVE('',#3221,#3221,#3223,.T.);
#3221 = VERTEX_POINT('',#3222);
#3222 = CARTESIAN_POINT('',(374.,200.,110.));
#3223 = SURFACE_CURVE('',#3224,(#3229,#3236),.PCURVE_S1.);
#3224 = CIRCLE('',#3225,4.);
#3225 = AXIS2_PLACEMENT_3D('',#3226,#3227,#3228);
#3226 = CARTESIAN_POINT('',(370.,200.,110.));
#3227 = DIRECTION('',(0.,-1.,2.22044604925E-16));
#3228 = DIRECTION('',(1.,0.,0.));
#3229 = PCURVE('',#3151,#3230);
#3230 = DEFINITIONAL_REPRESENTATION('',(#3231),#3235);
#3231 = CIRCLE('',#3232,4.);
#3232 = AXIS2_PLACEMENT_2D('',#3233,#3234);
#3233 = CARTESIAN_POINT('',(0.,0.));
#3234 = DIRECTION('',(1.,0.));
#3235 = ( GEOMETRIC_REPRESENTATION_CONTEXT(2) 
PARAMETRIC_REPRESENTATION_CONTEXT() REPRESENTATION_CONTEXT('2D SPACE',''
  ) );
#3236 = PCURVE('',#3237,#3242);
#3237 = CYLINDRICAL_SURFACE('',#3238,4.);
#3238 = AXIS2_PLACEMENT_3D('',#3239,#3240,#3241);
#3239 = CARTESIAN_POINT('',(370.,200.,110.));
#3240 = DIRECTION('',(0.,-1.,2.22044604925E-16));
#3241 = DIRECTION('',(1.,0.,0.));
#3242 = DEFINITIONAL_REPRESENTATION('',(#3243),#3247);
#3243 = LINE('',#3244,#3245);
#3244 = CARTESIAN_POINT('',(0.,0.));
#3245 = VECTOR('',#3246,1.);
#3246 = DIRECTION('',(1.,0.));
#3247 = ( GEOMETRIC_REPRESENTATION_CONTEXT(2) 
PARAMETRIC_REPRESENTATION_CONTEXT() REPRESENTATION_CONTEXT('2D SPACE',''
  ) );
#3248 = ADVANCED_FACE('',(#3249),#3201,.F.);
#3249 = FACE_BOUND('',#3250,.T.);
#3250 = EDGE_LOOP('',(#3251));
#3251 = ORIENTED_EDGE('',*,*,#3186,.F.);
#3252 = ADVANCED_FACE('',(#3253),#3237,.T.);
#3253 = FACE_BOUND('',#3254,.T.);
#3254 = EDGE_LOOP('',(#3255,#3284,#3305,#3306));
#3255 = ORIENTED_EDGE('',*,*,#3256,.F.);
#3256 = EDGE_CURVE('',#3257,#3257,#3259,.T.);
#3257 = VERTEX_POINT('',#3258);
#3258 = CARTESIAN_POINT('',(374.,194.,110.));
#3259 = SURFACE_CURVE('',#3260,(#3265,#3272),.PCURVE_S1.);
#3260 = CIRCLE('',#3261,4.);
#3261 = AXIS2_PLACEMENT_3D('',#3262,#3263,#3264);
#3262 = CARTESIAN_POINT('',(370.,194.,110.));
#3263 = DIRECTION('',(0.,-1.,2.22044604925E-16));
#3264 = DIRECTION('',(1.,0.,0.));
#3265 = PCURVE('',#3237,#3266);
#3266 = DEFINITIONAL_REPRESENTATION('',(#3267),#3271);
#3267 = LINE('',#3268,#3269);
#3268 = CARTESIAN_POINT('',(0.,6.));
#3269 = VECTOR('',#3270,1.);
#3270 = DIRECTION('',(1.,0.));
#3271 = ( GEOMETRIC_REPRESENTATION_CONTEXT(2) 
PARAMETRIC_REPRESENTATION_CONTEXT() REPRESENTATION_CONTEXT('2D SPACE',''
  ) );
#3272 = PCURVE('',#3273,#3278);
#3273 = PLANE('',#3274);
#3274 = AXIS2_PLACEMENT_3D('',#3275,#3276,#3277);
#3275 = CARTESIAN_POINT('',(370.,194.,110.));
#3276 = DIRECTION('',(0.,-1.,2.22044604925E-16));
#3277 = DIRECTION('',(1.,0.,0.));
#3278 = DEFINITIONAL_REPRESENTATION('',(#3279),#3283);
#3279 = CIRCLE('',#3280,4.);
#3280 = AXIS2_PLACEMENT_2D('',#3281,#3282);
#3281 = CARTESIAN_POINT('',(0.,0.));
#3282 = DIRECTION('',(1.,0.));
#3283 = ( GEOMETRIC_REPRESENTATION_CONTEXT(2) 
PARAMETRIC_REPRESENTATION_CONTEXT() REPRESENTATION_CONTEXT('2D SPACE',''
  ) );
#3284 = ORIENTED_EDGE('',*,*,#3285,.F.);
#3285 = EDGE_CURVE('',#3221,#3257,#3286,.T.);
#3286 = SEAM_CURVE('',#3287,(#3291,#3298),.PCURVE_S1.);
#3287 = LINE('',#3288,#3289);
#3288 = CARTESIAN_POINT('',(374.,200.,110.));
#3289 = VECTOR('',#3290,1.);
#3290 = DIRECTION('',(0.,-1.,2.22044604925E-16));
#3291 = PCURVE('',#3237,#3292);
#3292 = DEFINITIONAL_REPRESENTATION('',(#3293),#3297);
#3293 = LINE('',#3294,#3295);
#3294 = CARTESIAN_POINT('',(6.28318530718,-0.));
#3295 = VECTOR('',#3296,1.);
#3296 = DIRECTION('',(0.,1.));
#3297 = ( GEOMETRIC_REPRESENTATION_CONTEXT(2) 
PARAMETRIC_REPRESENTATION_CONTEXT() REPRESENTATION_CONTEXT('2D SPACE',''
  ) );
#3298 = PCURVE('',#3237,#3299);
#3299 = DEFINITIONAL_REPRESENTATION('',(#3300),#3304);
#3300 = LINE('',#3301,#3302);
#3301 = CARTESIAN_POINT('',(0.,-0.));
#3302 = VECTOR('',#3303,1.);
#3303 = DIRECTION('',(0.,1.));
#3304 = ( GEOMETRIC_REPRESENTATION_CONTEXT(2) 
PARAMETRIC_REPRESENTATION_CONTEXT() REPRESENTATION_CONTEXT('2D SPACE',''
  ) );
#3305 = ORIENTED_EDGE('',*,*,#3220,.T.);
#3306 = ORIENTED_EDGE('',*,*,#3285,.T.);
#3307 = ADVANCED_FACE('',(#3308,#3339),#3273,.F.);
#3308 = FACE_BOUND('',#3309,.F.);
#3309 = EDGE_LOOP('',(#3310));
#3310 = ORIENTED_EDGE('',*,*,#3311,.T.);
#3311 = EDGE_CURVE('',#3312,#3312,#3314,.T.);
#3312 = VERTEX_POINT('',#3313);
#3313 = CARTESIAN_POINT('',(377.,194.,110.));
#3314 = SURFACE_CURVE('',#3315,(#3320,#3327),.PCURVE_S1.);
#3315 = CIRCLE('',#3316,7.);
#3316 = AXIS2_PLACEMENT_3D('',#3317,#3318,#3319);
#3317 = CARTESIAN_POINT('',(370.,194.,110.));
#3318 = DIRECTION('',(0.,-1.,2.22044604925E-16));
#3319 = DIRECTION('',(1.,0.,0.));
#3320 = PCURVE('',#3273,#3321);
#3321 = DEFINITIONAL_REPRESENTATION('',(#3322),#3326);
#3322 = CIRCLE('',#3323,7.);
#3323 = AXIS2_PLACEMENT_2D('',#3324,#3325);
#3324 = CARTESIAN_POINT('',(0.,0.));
#3325 = DIRECTION('',(1.,0.));
#3326 = ( GEOMETRIC_REPRESENTATION_CONTEXT(2) 
PARAMETRIC_REPRESENTATION_CONTEXT() REPRESENTATION_CONTEXT('2D SPACE',''
  ) );
#3327 = PCURVE('',#3328,#3333);
#3328 = CYLINDRICAL_SURFACE('',#3329,7.);
#3329 = AXIS2_PLACEMENT_3D('',#3330,#3331,#3332);
#3330 = CARTESIAN_POINT('',(370.,194.,110.));
#3331 = DIRECTION('',(0.,-1.,2.22044604925E-16));
#3332 = DIRECTION('',(1.,0.,0.));
#3333 = DEFINITIONAL_REPRESENTATION('',(#3334),#3338);
#3334 = LINE('',#3335,#3336);
#3335 = CARTESIAN_POINT('',(0.,0.));
#3336 = VECTOR('',#3337,1.);
#3337 = DIRECTION('',(1.,0.));
#3338 = ( GEOMETRIC_REPRESENTATION_CONTEXT(2) 
PARAMETRIC_REPRESENTATION_CONTEXT() REPRESENTATION_CONTEXT('2D SPACE',''
  ) );
#3339 = FACE_BOUND('',#3340,.F.);
#3340 = EDGE_LOOP('',(#3341));
#3341 = ORIENTED_EDGE('',*,*,#3256,.F.);
#3342 = ADVANCED_FACE('',(#3343),#3328,.T.);
#3343 = FACE_BOUND('',#3344,.T.);
#3344 = EDGE_LOOP('',(#3345,#3374,#3395,#3396));
#3345 = ORIENTED_EDGE('',*,*,#3346,.F.);
#3346 = EDGE_CURVE('',#3347,#3347,#3349,.T.);
#3347 = VERTEX_POINT('',#3348);
#3348 = CARTESIAN_POINT('',(377.,188.,110.));
#3349 = SURFACE_CURVE('',#3350,(#3355,#3362),.PCURVE_S1.);
#3350 = CIRCLE('',#3351,7.);
#3351 = AXIS2_PLACEMENT_3D('',#3352,#3353,#3354);
#3352 = CARTESIAN_POINT('',(370.,188.,110.));
#3353 = DIRECTION('',(0.,-1.,2.22044604925E-16));
#3354 = DIRECTION('',(1.,0.,0.));
#3355 = PCURVE('',#3328,#3356);
#3356 = DEFINITIONAL_REPRESENTATION('',(#3357),#3361);
#3357 = LINE('',#3358,#3359);
#3358 = CARTESIAN_POINT('',(0.,6.));
#3359 = VECTOR('',#3360,1.);
#3360 = DIRECTION('',(1.,0.));
#3361 = ( GEOMETRIC_REPRESENTATION_CONTEXT(2) 
PARAMETRIC_REPRESENTATION_CONTEXT() REPRESENTATION_CONTEXT('2D SPACE',''
  ) );
#3362 = PCURVE('',#3363,#3368);
#3363 = PLANE('',#3364);
#3364 = AXIS2_PLACEMENT_3D('',#3365,#3366,#3367);
#3365 = CARTESIAN_POINT('',(370.,188.,110.));
#3366 = DIRECTION('',(0.,-1.,2.22044604925E-16));
#3367 = DIRECTION('',(1.,0.,0.));
#3368 = DEFINITIONAL_REPRESENTATION('',(#3369),#3373);
#3369 = CIRCLE('',#3370,7.);
#3370 = AXIS2_PLACEMENT_2D('',#3371,#3372);
#3371 = CARTESIAN_POINT('',(0.,0.));
#3372 = DIRECTION('',(1.,0.));
#3373 = ( GEOMETRIC_REPRESENTATION_CONTEXT(2) 
PARAMETRIC_REPRESENTATION_CONTEXT() REPRESENTATION_CONTEXT('2D SPACE',''
  ) );
#3374 = ORIENTED_EDGE('',*,*,#3375,.F.);
#3375 = EDGE_CURVE('',#3312,#3347,#3376,.T.);
#3376 = SEAM_CURVE('',#3377,(#3381,#3388),.PCURVE_S1.);
#3377 = LINE('',#3378,#3379);
#3378 = CARTESIAN_POINT('',(377.,194.,110.));
#3379 = VECTOR('',#3380,1.);
#3380 = DIRECTION('',(0.,-1.,2.22044604925E-16));
#3381 = PCURVE('',#3328,#3382);
#3382 = DEFINITIONAL_REPRESENTATION('',(#3383),#3387);
#3383 = LINE('',#3384,#3385);
#3384 = CARTESIAN_POINT('',(6.28318530718,-0.));
#3385 = VECTOR('',#3386,1.);
#3386 = DIRECTION('',(0.,1.));
#3387 = ( GEOMETRIC_REPRESENTATION_CONTEXT(2) 
PARAMETRIC_REPRESENTATION_CONTEXT() REPRESENTATION_CONTEXT('2D SPACE',''
  ) );
#3388 = PCURVE('',#3328,#3389);
#3389 = DEFINITIONAL_REPRESENTATION('',(#3390),#3394);
#3390 = LINE('',#3391,#3392);
#3391 = CARTESIAN_POINT('',(0.,-0.));
#3392 = VECTOR('',#3393,1.);
#3393 = DIRECTION('',(0.,1.));
#3394 = ( GEOMETRIC_REPRESENTATION_CONTEXT(2) 
PARAMETRIC_REPRESENTATION_CONTEXT() REPRESENTATION_CONTEXT('2D SPACE',''
  ) );
#3395 = ORIENTED_EDGE('',*,*,#3311,.T.);
#3396 = ORIENTED_EDGE('',*,*,#3375,.T.);
#3397 = ADVANCED_FACE('',(#3398),#3363,.T.);
#3398 = FACE_BOUND('',#3399,.T.);
#3399 = EDGE_LOOP('',(#3400));
#3400 = ORIENTED_EDGE('',*,*,#3346,.T.);
#3401 = MANIFOLD_SOLID_BREP('',#3402);
#3402 = CLOSED_SHELL('',(#3403,#3491,#3495,#3530,#3585,#3620,#3675));
#3403 = ADVANCED_FACE('',(#3404),#3417,.T.);
#3404 = FACE_BOUND('',#3405,.T.);
#3405 = EDGE_LOOP('',(#3406,#3440,#3463,#3490));
#3406 = ORIENTED_EDGE('',*,*,#3407,.F.);
#3407 = EDGE_CURVE('',#3408,#3408,#3410,.T.);
#3408 = VERTEX_POINT('',#3409);
#3409 = CARTESIAN_POINT('',(355.5,-206.,110.));
#3410 = SURFACE_CURVE('',#3411,(#3416,#3428),.PCURVE_S1.);
#3411 = CIRCLE('',#3412,5.5);
#3412 = AXIS2_PLACEMENT_3D('',#3413,#3414,#3415);
#3413 = CARTESIAN_POINT('',(350.,-206.,110.));
#3414 = DIRECTION('',(0.,-1.,2.22044604925E-16));
#3415 = DIRECTION('',(1.,0.,0.));
#3416 = PCURVE('',#3417,#3422);
#3417 = CYLINDRICAL_SURFACE('',#3418,5.5);
#3418 = AXIS2_PLACEMENT_3D('',#3419,#3420,#3421);
#3419 = CARTESIAN_POINT('',(350.,-200.,110.));
#3420 = DIRECTION('',(0.,-1.,2.22044604925E-16));
#3421 = DIRECTION('',(1.,0.,0.));
#3422 = DEFINITIONAL_REPRESENTATION('',(#3423),#3427);
#3423 = LINE('',#3424,#3425);
#3424 = CARTESIAN_POINT('',(0.,6.));
#3425 = VECTOR('',#3426,1.);
#3426 = DIRECTION('',(1.,0.));
#3427 = ( GEOMETRIC_REPRESENTATION_CONTEXT(2) 
PARAMETRIC_REPRESENTATION_CONTEXT() REPRESENTATION_CONTEXT('2D SPACE',''
  ) );
#3428 = PCURVE('',#3429,#3434);
#3429 = PLANE('',#3430);
#3430 = AXIS2_PLACEMENT_3D('',#3431,#3432,#3433);
#3431 = CARTESIAN_POINT('',(350.,-206.,110.));
#3432 = DIRECTION('',(0.,-1.,2.22044604925E-16));
#3433 = DIRECTION('',(1.,0.,0.));
#3434 = DEFINITIONAL_REPRESENTATION('',(#3435),#3439);
#3435 = CIRCLE('',#3436,5.5);
#3436 = AXIS2_PLACEMENT_2D('',#3437,#3438);
#3437 = CARTESIAN_POINT('',(0.,0.));
#3438 = DIRECTION('',(1.,0.));
#3439 = ( GEOMETRIC_REPRESENTATION_CONTEXT(2) 
PARAMETRIC_REPRESENTATION_CONTEXT() REPRESENTATION_CONTEXT('2D SPACE',''
  ) );
#3440 = ORIENTED_EDGE('',*,*,#3441,.F.);
#3441 = EDGE_CURVE('',#3442,#3408,#3444,.T.);
#3442 = VERTEX_POINT('',#3443);
#3443 = CARTESIAN_POINT('',(355.5,-200.,110.));
#3444 = SEAM_CURVE('',#3445,(#3449,#3456),.PCURVE_S1.);
#3445 = LINE('',#3446,#3447);
#3446 = CARTESIAN_POINT('',(355.5,-200.,110.));
#3447 = VECTOR('',#3448,1.);
#3448 = DIRECTION('',(0.,-1.,2.22044604925E-16));
#3449 = PCURVE('',#3417,#3450);
#3450 = DEFINITIONAL_REPRESENTATION('',(#3451),#3455);
#3451 = LINE('',#3452,#3453);
#3452 = CARTESIAN_POINT('',(6.28318530718,-0.));
#3453 = VECTOR('',#3454,1.);
#3454 = DIRECTION('',(0.,1.));
#3455 = ( GEOMETRIC_REPRESENTATION_CONTEXT(2) 
PARAMETRIC_REPRESENTATION_CONTEXT() REPRESENTATION_CONTEXT('2D SPACE',''
  ) );
#3456 = PCURVE('',#3417,#3457);
#3457 = DEFINITIONAL_REPRESENTATION('',(#3458),#3462);
#3458 = LINE('',#3459,#3460);
#3459 = CARTESIAN_POINT('',(0.,-0.));
#3460 = VECTOR('',#3461,1.);
#3461 = DIRECTION('',(0.,1.));
#3462 = ( GEOMETRIC_REPRESENTATION_CONTEXT(2) 
PARAMETRIC_REPRESENTATION_CONTEXT() REPRESENTATION_CONTEXT('2D SPACE',''
  ) );
#3463 = ORIENTED_EDGE('',*,*,#3464,.T.);
#3464 = EDGE_CURVE('',#3442,#3442,#3465,.T.);
#3465 = SURFACE_CURVE('',#3466,(#3471,#3478),.PCURVE_S1.);
#3466 = CIRCLE('',#3467,5.5);
#3467 = AXIS2_PLACEMENT_3D('',#3468,#3469,#3470);
#3468 = CARTESIAN_POINT('',(350.,-200.,110.));
#3469 = DIRECTION('',(0.,-1.,2.22044604925E-16));
#3470 = DIRECTION('',(1.,0.,0.));
#3471 = PCURVE('',#3417,#3472);
#3472 = DEFINITIONAL_REPRESENTATION('',(#3473),#3477);
#3473 = LINE('',#3474,#3475);
#3474 = CARTESIAN_POINT('',(0.,0.));
#3475 = VECTOR('',#3476,1.);
#3476 = DIRECTION('',(1.,0.));
#3477 = ( GEOMETRIC_REPRESENTATION_CONTEXT(2) 
PARAMETRIC_REPRESENTATION_CONTEXT() REPRESENTATION_CONTEXT('2D SPACE',''
  ) );
#3478 = PCURVE('',#3479,#3484);
#3479 = PLANE('',#3480);
#3480 = AXIS2_PLACEMENT_3D('',#3481,#3482,#3483);
#3481 = CARTESIAN_POINT('',(350.,-200.,110.));
#3482 = DIRECTION('',(0.,-1.,2.22044604925E-16));
#3483 = DIRECTION('',(1.,0.,0.));
#3484 = DEFINITIONAL_REPRESENTATION('',(#3485),#3489);
#3485 = CIRCLE('',#3486,5.5);
#3486 = AXIS2_PLACEMENT_2D('',#3487,#3488);
#3487 = CARTESIAN_POINT('',(0.,0.));
#3488 = DIRECTION('',(1.,0.));
#3489 = ( GEOMETRIC_REPRESENTATION_CONTEXT(2) 
PARAMETRIC_REPRESENTATION_CONTEXT() REPRESENTATION_CONTEXT('2D SPACE',''
  ) );
#3490 = ORIENTED_EDGE('',*,*,#3441,.T.);
#3491 = ADVANCED_FACE('',(#3492),#3429,.T.);
#3492 = FACE_BOUND('',#3493,.T.);
#3493 = EDGE_LOOP('',(#3494));
#3494 = ORIENTED_EDGE('',*,*,#3407,.T.);
#3495 = ADVANCED_FACE('',(#3496,#3499),#3479,.F.);
#3496 = FACE_BOUND('',#3497,.F.);
#3497 = EDGE_LOOP('',(#3498));
#3498 = ORIENTED_EDGE('',*,*,#3464,.T.);
#3499 = FACE_BOUND('',#3500,.F.);
#3500 = EDGE_LOOP('',(#3501));
#3501 = ORIENTED_EDGE('',*,*,#3502,.F.);
#3502 = EDGE_CURVE('',#3503,#3503,#3505,.T.);
#3503 = VERTEX_POINT('',#3504);
#3504 = CARTESIAN_POINT('',(354.,-200.,110.));
#3505 = SURFACE_CURVE('',#3506,(#3511,#3518),.PCURVE_S1.);
#3506 = CIRCLE('',#3507,4.);
#3507 = AXIS2_PLACEMENT_3D('',#3508,#3509,#3510);
#3508 = CARTESIAN_POINT('',(350.,-200.,110.));
#3509 = DIRECTION('',(0.,-1.,2.22044604925E-16));
#3510 = DIRECTION('',(1.,0.,0.));
#3511 = PCURVE('',#3479,#3512);
#3512 = DEFINITIONAL_REPRESENTATION('',(#3513),#3517);
#3513 = CIRCLE('',#3514,4.);
#3514 = AXIS2_PLACEMENT_2D('',#3515,#3516);
#3515 = CARTESIAN_POINT('',(0.,0.));
#3516 = DIRECTION('',(1.,0.));
#3517 = ( GEOMETRIC_REPRESENTATION_CONTEXT(2) 
PARAMETRIC_REPRESENTATION_CONTEXT() REPRESENTATION_CONTEXT('2D SPACE',''
  ) );
#3518 = PCURVE('',#3519,#3524);
#3519 = CYLINDRICAL_SURFACE('',#3520,4.);
#3520 = AXIS2_PLACEMENT_3D('',#3521,#3522,#3523);
#3521 = CARTESIAN_POINT('',(350.,-194.,110.));
#3522 = DIRECTION('',(0.,-1.,2.22044604925E-16));
#3523 = DIRECTION('',(1.,0.,0.));
#3524 = DEFINITIONAL_REPRESENTATION('',(#3525),#3529);
#3525 = LINE('',#3526,#3527);
#3526 = CARTESIAN_POINT('',(0.,6.));
#3527 = VECTOR('',#3528,1.);
#3528 = DIRECTION('',(1.,0.));
#3529 = ( GEOMETRIC_REPRESENTATION_CONTEXT(2) 
PARAMETRIC_REPRESENTATION_CONTEXT() REPRESENTATION_CONTEXT('2D SPACE',''
  ) );
#3530 = ADVANCED_FACE('',(#3531),#3519,.T.);
#3531 = FACE_BOUND('',#3532,.T.);
#3532 = EDGE_LOOP('',(#3533,#3534,#3557,#3584));
#3533 = ORIENTED_EDGE('',*,*,#3502,.F.);
#3534 = ORIENTED_EDGE('',*,*,#3535,.F.);
#3535 = EDGE_CURVE('',#3536,#3503,#3538,.T.);
#3536 = VERTEX_POINT('',#3537);
#3537 = CARTESIAN_POINT('',(354.,-194.,110.));
#3538 = SEAM_CURVE('',#3539,(#3543,#3550),.PCURVE_S1.);
#3539 = LINE('',#3540,#3541);
#3540 = CARTESIAN_POINT('',(354.,-194.,110.));
#3541 = VECTOR('',#3542,1.);
#3542 = DIRECTION('',(0.,-1.,2.22044604925E-16));
#3543 = PCURVE('',#3519,#3544);
#3544 = DEFINITIONAL_REPRESENTATION('',(#3545),#3549);
#3545 = LINE('',#3546,#3547);
#3546 = CARTESIAN_POINT('',(6.28318530718,-0.));
#3547 = VECTOR('',#3548,1.);
#3548 = DIRECTION('',(0.,1.));
#3549 = ( GEOMETRIC_REPRESENTATION_CONTEXT(2) 
PARAMETRIC_REPRESENTATION_CONTEXT() REPRESENTATION_CONTEXT('2D SPACE',''
  ) );
#3550 = PCURVE('',#3519,#3551);
#3551 = DEFINITIONAL_REPRESENTATION('',(#3552),#3556);
#3552 = LINE('',#3553,#3554);
#3553 = CARTESIAN_POINT('',(0.,-0.));
#3554 = VECTOR('',#3555,1.);
#3555 = DIRECTION('',(0.,1.));
#3556 = ( GEOMETRIC_REPRESENTATION_CONTEXT(2) 
PARAMETRIC_REPRESENTATION_CONTEXT() REPRESENTATION_CONTEXT('2D SPACE',''
  ) );
#3557 = ORIENTED_EDGE('',*,*,#3558,.T.);
#3558 = EDGE_CURVE('',#3536,#3536,#3559,.T.);
#3559 = SURFACE_CURVE('',#3560,(#3565,#3572),.PCURVE_S1.);
#3560 = CIRCLE('',#3561,4.);
#3561 = AXIS2_PLACEMENT_3D('',#3562,#3563,#3564);
#3562 = CARTESIAN_POINT('',(350.,-194.,110.));
#3563 = DIRECTION('',(0.,-1.,2.22044604925E-16));
#3564 = DIRECTION('',(1.,0.,0.));
#3565 = PCURVE('',#3519,#3566);
#3566 = DEFINITIONAL_REPRESENTATION('',(#3567),#3571);
#3567 = LINE('',#3568,#3569);
#3568 = CARTESIAN_POINT('',(0.,0.));
#3569 = VECTOR('',#3570,1.);
#3570 = DIRECTION('',(1.,0.));
#3571 = ( GEOMETRIC_REPRESENTATION_CONTEXT(2) 
PARAMETRIC_REPRESENTATION_CONTEXT() REPRESENTATION_CONTEXT('2D SPACE',''
  ) );
#3572 = PCURVE('',#3573,#3578);
#3573 = PLANE('',#3574);
#3574 = AXIS2_PLACEMENT_3D('',#3575,#3576,#3577);
#3575 = CARTESIAN_POINT('',(350.,-194.,110.));
#3576 = DIRECTION('',(0.,-1.,2.22044604925E-16));
#3577 = DIRECTION('',(1.,0.,0.));
#3578 = DEFINITIONAL_REPRESENTATION('',(#3579),#3583);
#3579 = CIRCLE('',#3580,4.);
#3580 = AXIS2_PLACEMENT_2D('',#3581,#3582);
#3581 = CARTESIAN_POINT('',(0.,0.));
#3582 = DIRECTION('',(1.,0.));
#3583 = ( GEOMETRIC_REPRESENTATION_CONTEXT(2) 
PARAMETRIC_REPRESENTATION_CONTEXT() REPRESENTATION_CONTEXT('2D SPACE',''
  ) );
#3584 = ORIENTED_EDGE('',*,*,#3535,.T.);
#3585 = ADVANCED_FACE('',(#3586,#3617),#3573,.T.);
#3586 = FACE_BOUND('',#3587,.T.);
#3587 = EDGE_LOOP('',(#3588));
#3588 = ORIENTED_EDGE('',*,*,#3589,.T.);
#3589 = EDGE_CURVE('',#3590,#3590,#3592,.T.);
#3590 = VERTEX_POINT('',#3591);
#3591 = CARTESIAN_POINT('',(357.,-194.,110.));
#3592 = SURFACE_CURVE('',#3593,(#3598,#3605),.PCURVE_S1.);
#3593 = CIRCLE('',#3594,7.);
#3594 = AXIS2_PLACEMENT_3D('',#3595,#3596,#3597);
#3595 = CARTESIAN_POINT('',(350.,-194.,110.));
#3596 = DIRECTION('',(0.,-1.,2.22044604925E-16));
#3597 = DIRECTION('',(1.,0.,0.));
#3598 = PCURVE('',#3573,#3599);
#3599 = DEFINITIONAL_REPRESENTATION('',(#3600),#3604);
#3600 = CIRCLE('',#3601,7.);
#3601 = AXIS2_PLACEMENT_2D('',#3602,#3603);
#3602 = CARTESIAN_POINT('',(0.,0.));
#3603 = DIRECTION('',(1.,0.));
#3604 = ( GEOMETRIC_REPRESENTATION_CONTEXT(2) 
PARAMETRIC_REPRESENTATION_CONTEXT() REPRESENTATION_CONTEXT('2D SPACE',''
  ) );
#3605 = PCURVE('',#3606,#3611);
#3606 = CYLINDRICAL_SURFACE('',#3607,7.);
#3607 = AXIS2_PLACEMENT_3D('',#3608,#3609,#3610);
#3608 = CARTESIAN_POINT('',(350.,-188.,110.));
#3609 = DIRECTION('',(0.,-1.,2.22044604925E-16));
#3610 = DIRECTION('',(1.,0.,0.));
#3611 = DEFINITIONAL_REPRESENTATION('',(#3612),#3616);
#3612 = LINE('',#3613,#3614);
#3613 = CARTESIAN_POINT('',(0.,6.));
#3614 = VECTOR('',#3615,1.);
#3615 = DIRECTION('',(1.,0.));
#3616 = ( GEOMETRIC_REPRESENTATION_CONTEXT(2) 
PARAMETRIC_REPRESENTATION_CONTEXT() REPRESENTATION_CONTEXT('2D SPACE',''
  ) );
#3617 = FACE_BOUND('',#3618,.T.);
#3618 = EDGE_LOOP('',(#3619));
#3619 = ORIENTED_EDGE('',*,*,#3558,.F.);
#3620 = ADVANCED_FACE('',(#3621),#3606,.T.);
#3621 = FACE_BOUND('',#3622,.T.);
#3622 = EDGE_LOOP('',(#3623,#3624,#3647,#3674));
#3623 = ORIENTED_EDGE('',*,*,#3589,.F.);
#3624 = ORIENTED_EDGE('',*,*,#3625,.F.);
#3625 = EDGE_CURVE('',#3626,#3590,#3628,.T.);
#3626 = VERTEX_POINT('',#3627);
#3627 = CARTESIAN_POINT('',(357.,-188.,110.));
#3628 = SEAM_CURVE('',#3629,(#3633,#3640),.PCURVE_S1.);
#3629 = LINE('',#3630,#3631);
#3630 = CARTESIAN_POINT('',(357.,-188.,110.));
#3631 = VECTOR('',#3632,1.);
#3632 = DIRECTION('',(0.,-1.,2.22044604925E-16));
#3633 = PCURVE('',#3606,#3634);
#3634 = DEFINITIONAL_REPRESENTATION('',(#3635),#3639);
#3635 = LINE('',#3636,#3637);
#3636 = CARTESIAN_POINT('',(6.28318530718,-0.));
#3637 = VECTOR('',#3638,1.);
#3638 = DIRECTION('',(0.,1.));
#3639 = ( GEOMETRIC_REPRESENTATION_CONTEXT(2) 
PARAMETRIC_REPRESENTATION_CONTEXT() REPRESENTATION_CONTEXT('2D SPACE',''
  ) );
#3640 = PCURVE('',#3606,#3641);
#3641 = DEFINITIONAL_REPRESENTATION('',(#3642),#3646);
#3642 = LINE('',#3643,#3644);
#3643 = CARTESIAN_POINT('',(0.,-0.));
#3644 = VECTOR('',#3645,1.);
#3645 = DIRECTION('',(0.,1.));
#3646 = ( GEOMETRIC_REPRESENTATION_CONTEXT(2) 
PARAMETRIC_REPRESENTATION_CONTEXT() REPRESENTATION_CONTEXT('2D SPACE',''
  ) );
#3647 = ORIENTED_EDGE('',*,*,#3648,.T.);
#3648 = EDGE_CURVE('',#3626,#3626,#3649,.T.);
#3649 = SURFACE_CURVE('',#3650,(#3655,#3662),.PCURVE_S1.);
#3650 = CIRCLE('',#3651,7.);
#3651 = AXIS2_PLACEMENT_3D('',#3652,#3653,#3654);
#3652 = CARTESIAN_POINT('',(350.,-188.,110.));
#3653 = DIRECTION('',(0.,-1.,2.22044604925E-16));
#3654 = DIRECTION('',(1.,0.,0.));
#3655 = PCURVE('',#3606,#3656);
#3656 = DEFINITIONAL_REPRESENTATION('',(#3657),#3661);
#3657 = LINE('',#3658,#3659);
#3658 = CARTESIAN_POINT('',(0.,0.));
#3659 = VECTOR('',#3660,1.);
#3660 = DIRECTION('',(1.,0.));
#3661 = ( GEOMETRIC_REPRESENTATION_CONTEXT(2) 
PARAMETRIC_REPRESENTATION_CONTEXT() REPRESENTATION_CONTEXT('2D SPACE',''
  ) );
#3662 = PCURVE('',#3663,#3668);
#3663 = PLANE('',#3664);
#3664 = AXIS2_PLACEMENT_3D('',#3665,#3666,#3667);
#3665 = CARTESIAN_POINT('',(350.,-188.,110.));
#3666 = DIRECTION('',(0.,-1.,2.22044604925E-16));
#3667 = DIRECTION('',(1.,0.,0.));
#3668 = DEFINITIONAL_REPRESENTATION('',(#3669),#3673);
#3669 = CIRCLE('',#3670,7.);
#3670 = AXIS2_PLACEMENT_2D('',#3671,#3672);
#3671 = CARTESIAN_POINT('',(0.,0.));
#3672 = DIRECTION('',(1.,0.));
#3673 = ( GEOMETRIC_REPRESENTATION_CONTEXT(2) 
PARAMETRIC_REPRESENTATION_CONTEXT() REPRESENTATION_CONTEXT('2D SPACE',''
  ) );
#3674 = ORIENTED_EDGE('',*,*,#3625,.T.);
#3675 = ADVANCED_FACE('',(#3676),#3663,.F.);
#3676 = FACE_BOUND('',#3677,.T.);
#3677 = EDGE_LOOP('',(#3678));
#3678 = ORIENTED_EDGE('',*,*,#3648,.F.);
#3679 = MANIFOLD_SOLID_BREP('',#3680);
#3680 = CLOSED_SHELL('',(#3681,#3769,#3773,#3808,#3863,#3898,#3953));
#3681 = ADVANCED_FACE('',(#3682),#3695,.T.);
#3682 = FACE_BOUND('',#3683,.T.);
#3683 = EDGE_LOOP('',(#3684,#3718,#3741,#3768));
#3684 = ORIENTED_EDGE('',*,*,#3685,.F.);
#3685 = EDGE_CURVE('',#3686,#3686,#3688,.T.);
#3686 = VERTEX_POINT('',#3687);
#3687 = CARTESIAN_POINT('',(375.5,-206.,110.));
#3688 = SURFACE_CURVE('',#3689,(#3694,#3706),.PCURVE_S1.);
#3689 = CIRCLE('',#3690,5.5);
#3690 = AXIS2_PLACEMENT_3D('',#3691,#3692,#3693);
#3691 = CARTESIAN_POINT('',(370.,-206.,110.));
#3692 = DIRECTION('',(0.,-1.,2.22044604925E-16));
#3693 = DIRECTION('',(1.,0.,0.));
#3694 = PCURVE('',#3695,#3700);
#3695 = CYLINDRICAL_SURFACE('',#3696,5.5);
#3696 = AXIS2_PLACEMENT_3D('',#3697,#3698,#3699);
#3697 = CARTESIAN_POINT('',(370.,-200.,110.));
#3698 = DIRECTION('',(0.,-1.,2.22044604925E-16));
#3699 = DIRECTION('',(1.,0.,0.));
#3700 = DEFINITIONAL_REPRESENTATION('',(#3701),#3705);
#3701 = LINE('',#3702,#3703);
#3702 = CARTESIAN_POINT('',(0.,6.));
#3703 = VECTOR('',#3704,1.);
#3704 = DIRECTION('',(1.,0.));
#3705 = ( GEOMETRIC_REPRESENTATION_CONTEXT(2) 
PARAMETRIC_REPRESENTATION_CONTEXT() REPRESENTATION_CONTEXT('2D SPACE',''
  ) );
#3706 = PCURVE('',#3707,#3712);
#3707 = PLANE('',#3708);
#3708 = AXIS2_PLACEMENT_3D('',#3709,#3710,#3711);
#3709 = CARTESIAN_POINT('',(370.,-206.,110.));
#3710 = DIRECTION('',(0.,-1.,2.22044604925E-16));
#3711 = DIRECTION('',(1.,0.,0.));
#3712 = DEFINITIONAL_REPRESENTATION('',(#3713),#3717);
#3713 = CIRCLE('',#3714,5.5);
#3714 = AXIS2_PLACEMENT_2D('',#3715,#3716);
#3715 = CARTESIAN_POINT('',(0.,0.));
#3716 = DIRECTION('',(1.,0.));
#3717 = ( GEOMETRIC_REPRESENTATION_CONTEXT(2) 
PARAMETRIC_REPRESENTATION_CONTEXT() REPRESENTATION_CONTEXT('2D SPACE',''
  ) );
#3718 = ORIENTED_EDGE('',*,*,#3719,.F.);
#3719 = EDGE_CURVE('',#3720,#3686,#3722,.T.);
#3720 = VERTEX_POINT('',#3721);
#3721 = CARTESIAN_POINT('',(375.5,-200.,110.));
#3722 = SEAM_CURVE('',#3723,(#3727,#3734),.PCURVE_S1.);
#3723 = LINE('',#3724,#3725);
#3724 = CARTESIAN_POINT('',(375.5,-200.,110.));
#3725 = VECTOR('',#3726,1.);
#3726 = DIRECTION('',(0.,-1.,2.22044604925E-16));
#3727 = PCURVE('',#3695,#3728);
#3728 = DEFINITIONAL_REPRESENTATION('',(#3729),#3733);
#3729 = LINE('',#3730,#3731);
#3730 = CARTESIAN_POINT('',(6.28318530718,-0.));
#3731 = VECTOR('',#3732,1.);
#3732 = DIRECTION('',(0.,1.));
#3733 = ( GEOMETRIC_REPRESENTATION_CONTEXT(2) 
PARAMETRIC_REPRESENTATION_CONTEXT() REPRESENTATION_CONTEXT('2D SPACE',''
  ) );
#3734 = PCURVE('',#3695,#3735);
#3735 = DEFINITIONAL_REPRESENTATION('',(#3736),#3740);
#3736 = LINE('',#3737,#3738);
#3737 = CARTESIAN_POINT('',(0.,-0.));
#3738 = VECTOR('',#3739,1.);
#3739 = DIRECTION('',(0.,1.));
#3740 = ( GEOMETRIC_REPRESENTATION_CONTEXT(2) 
PARAMETRIC_REPRESENTATION_CONTEXT() REPRESENTATION_CONTEXT('2D SPACE',''
  ) );
#3741 = ORIENTED_EDGE('',*,*,#3742,.T.);
#3742 = EDGE_CURVE('',#3720,#3720,#3743,.T.);
#3743 = SURFACE_CURVE('',#3744,(#3749,#3756),.PCURVE_S1.);
#3744 = CIRCLE('',#3745,5.5);
#3745 = AXIS2_PLACEMENT_3D('',#3746,#3747,#3748);
#3746 = CARTESIAN_POINT('',(370.,-200.,110.));
#3747 = DIRECTION('',(0.,-1.,2.22044604925E-16));
#3748 = DIRECTION('',(1.,0.,0.));
#3749 = PCURVE('',#3695,#3750);
#3750 = DEFINITIONAL_REPRESENTATION('',(#3751),#3755);
#3751 = LINE('',#3752,#3753);
#3752 = CARTESIAN_POINT('',(0.,0.));
#3753 = VECTOR('',#3754,1.);
#3754 = DIRECTION('',(1.,0.));
#3755 = ( GEOMETRIC_REPRESENTATION_CONTEXT(2) 
PARAMETRIC_REPRESENTATION_CONTEXT() REPRESENTATION_CONTEXT('2D SPACE',''
  ) );
#3756 = PCURVE('',#3757,#3762);
#3757 = PLANE('',#3758);
#3758 = AXIS2_PLACEMENT_3D('',#3759,#3760,#3761);
#3759 = CARTESIAN_POINT('',(370.,-200.,110.));
#3760 = DIRECTION('',(0.,-1.,2.22044604925E-16));
#3761 = DIRECTION('',(1.,0.,0.));
#3762 = DEFINITIONAL_REPRESENTATION('',(#3763),#3767);
#3763 = CIRCLE('',#3764,5.5);
#3764 = AXIS2_PLACEMENT_2D('',#3765,#3766);
#3765 = CARTESIAN_POINT('',(0.,0.));
#3766 = DIRECTION('',(1.,0.));
#3767 = ( GEOMETRIC_REPRESENTATION_CONTEXT(2) 
PARAMETRIC_REPRESENTATION_CONTEXT() REPRESENTATION_CONTEXT('2D SPACE',''
  ) );
#3768 = ORIENTED_EDGE('',*,*,#3719,.T.);
#3769 = ADVANCED_FACE('',(#3770),#3707,.T.);
#3770 = FACE_BOUND('',#3771,.T.);
#3771 = EDGE_LOOP('',(#3772));
#3772 = ORIENTED_EDGE('',*,*,#3685,.T.);
#3773 = ADVANCED_FACE('',(#3774,#3777),#3757,.F.);
#3774 = FACE_BOUND('',#3775,.F.);
#3775 = EDGE_LOOP('',(#3776));
#3776 = ORIENTED_EDGE('',*,*,#3742,.T.);
#3777 = FACE_BOUND('',#3778,.F.);
#3778 = EDGE_LOOP('',(#3779));
#3779 = ORIENTED_EDGE('',*,*,#3780,.F.);
#3780 = EDGE_CURVE('',#3781,#3781,#3783,.T.);
#3781 = VERTEX_POINT('',#3782);
#3782 = CARTESIAN_POINT('',(374.,-200.,110.));
#3783 = SURFACE_CURVE('',#3784,(#3789,#3796),.PCURVE_S1.);
#3784 = CIRCLE('',#3785,4.);
#3785 = AXIS2_PLACEMENT_3D('',#3786,#3787,#3788);
#3786 = CARTESIAN_POINT('',(370.,-200.,110.));
#3787 = DIRECTION('',(0.,-1.,2.22044604925E-16));
#3788 = DIRECTION('',(1.,0.,0.));
#3789 = PCURVE('',#3757,#3790);
#3790 = DEFINITIONAL_REPRESENTATION('',(#3791),#3795);
#3791 = CIRCLE('',#3792,4.);
#3792 = AXIS2_PLACEMENT_2D('',#3793,#3794);
#3793 = CARTESIAN_POINT('',(0.,0.));
#3794 = DIRECTION('',(1.,0.));
#3795 = ( GEOMETRIC_REPRESENTATION_CONTEXT(2) 
PARAMETRIC_REPRESENTATION_CONTEXT() REPRESENTATION_CONTEXT('2D SPACE',''
  ) );
#3796 = PCURVE('',#3797,#3802);
#3797 = CYLINDRICAL_SURFACE('',#3798,4.);
#3798 = AXIS2_PLACEMENT_3D('',#3799,#3800,#3801);
#3799 = CARTESIAN_POINT('',(370.,-194.,110.));
#3800 = DIRECTION('',(0.,-1.,2.22044604925E-16));
#3801 = DIRECTION('',(1.,0.,0.));
#3802 = DEFINITIONAL_REPRESENTATION('',(#3803),#3807);
#3803 = LINE('',#3804,#3805);
#3804 = CARTESIAN_POINT('',(0.,6.));
#3805 = VECTOR('',#3806,1.);
#3806 = DIRECTION('',(1.,0.));
#3807 = ( GEOMETRIC_REPRESENTATION_CONTEXT(2) 
PARAMETRIC_REPRESENTATION_CONTEXT() REPRESENTATION_CONTEXT('2D SPACE',''
  ) );
#3808 = ADVANCED_FACE('',(#3809),#3797,.T.);
#3809 = FACE_BOUND('',#3810,.T.);
#3810 = EDGE_LOOP('',(#3811,#3812,#3835,#3862));
#3811 = ORIENTED_EDGE('',*,*,#3780,.F.);
#3812 = ORIENTED_EDGE('',*,*,#3813,.F.);
#3813 = EDGE_CURVE('',#3814,#3781,#3816,.T.);
#3814 = VERTEX_POINT('',#3815);
#3815 = CARTESIAN_POINT('',(374.,-194.,110.));
#3816 = SEAM_CURVE('',#3817,(#3821,#3828),.PCURVE_S1.);
#3817 = LINE('',#3818,#3819);
#3818 = CARTESIAN_POINT('',(374.,-194.,110.));
#3819 = VECTOR('',#3820,1.);
#3820 = DIRECTION('',(0.,-1.,2.22044604925E-16));
#3821 = PCURVE('',#3797,#3822);
#3822 = DEFINITIONAL_REPRESENTATION('',(#3823),#3827);
#3823 = LINE('',#3824,#3825);
#3824 = CARTESIAN_POINT('',(6.28318530718,-0.));
#3825 = VECTOR('',#3826,1.);
#3826 = DIRECTION('',(0.,1.));
#3827 = ( GEOMETRIC_REPRESENTATION_CONTEXT(2) 
PARAMETRIC_REPRESENTATION_CONTEXT() REPRESENTATION_CONTEXT('2D SPACE',''
  ) );
#3828 = PCURVE('',#3797,#3829);
#3829 = DEFINITIONAL_REPRESENTATION('',(#3830),#3834);
#3830 = LINE('',#3831,#3832);
#3831 = CARTESIAN_POINT('',(0.,-0.));
#3832 = VECTOR('',#3833,1.);
#3833 = DIRECTION('',(0.,1.));
#3834 = ( GEOMETRIC_REPRESENTATION_CONTEXT(2) 
PARAMETRIC_REPRESENTATION_CONTEXT() REPRESENTATION_CONTEXT('2D SPACE',''
  ) );
#3835 = ORIENTED_EDGE('',*,*,#3836,.T.);
#3836 = EDGE_CURVE('',#3814,#3814,#3837,.T.);
#3837 = SURFACE_CURVE('',#3838,(#3843,#3850),.PCURVE_S1.);
#3838 = CIRCLE('',#3839,4.);
#3839 = AXIS2_PLACEMENT_3D('',#3840,#3841,#3842);
#3840 = CARTESIAN_POINT('',(370.,-194.,110.));
#3841 = DIRECTION('',(0.,-1.,2.22044604925E-16));
#3842 = DIRECTION('',(1.,0.,0.));
#3843 = PCURVE('',#3797,#3844);
#3844 = DEFINITIONAL_REPRESENTATION('',(#3845),#3849);
#3845 = LINE('',#3846,#3847);
#3846 = CARTESIAN_POINT('',(0.,0.));
#3847 = VECTOR('',#3848,1.);
#3848 = DIRECTION('',(1.,0.));
#3849 = ( GEOMETRIC_REPRESENTATION_CONTEXT(2) 
PARAMETRIC_REPRESENTATION_CONTEXT() REPRESENTATION_CONTEXT('2D SPACE',''
  ) );
#3850 = PCURVE('',#3851,#3856);
#3851 = PLANE('',#3852);
#3852 = AXIS2_PLACEMENT_3D('',#3853,#3854,#3855);
#3853 = CARTESIAN_POINT('',(370.,-194.,110.));
#3854 = DIRECTION('',(0.,-1.,2.22044604925E-16));
#3855 = DIRECTION('',(1.,0.,0.));
#3856 = DEFINITIONAL_REPRESENTATION('',(#3857),#3861);
#3857 = CIRCLE('',#3858,4.);
#3858 = AXIS2_PLACEMENT_2D('',#3859,#3860);
#3859 = CARTESIAN_POINT('',(0.,0.));
#3860 = DIRECTION('',(1.,0.));
#3861 = ( GEOMETRIC_REPRESENTATION_CONTEXT(2) 
PARAMETRIC_REPRESENTATION_CONTEXT() REPRESENTATION_CONTEXT('2D SPACE',''
  ) );
#3862 = ORIENTED_EDGE('',*,*,#3813,.T.);
#3863 = ADVANCED_FACE('',(#3864,#3895),#3851,.T.);
#3864 = FACE_BOUND('',#3865,.T.);
#3865 = EDGE_LOOP('',(#3866));
#3866 = ORIENTED_EDGE('',*,*,#3867,.T.);
#3867 = EDGE_CURVE('',#3868,#3868,#3870,.T.);
#3868 = VERTEX_POINT('',#3869);
#3869 = CARTESIAN_POINT('',(377.,-194.,110.));
#3870 = SURFACE_CURVE('',#3871,(#3876,#3883),.PCURVE_S1.);
#3871 = CIRCLE('',#3872,7.);
#3872 = AXIS2_PLACEMENT_3D('',#3873,#3874,#3875);
#3873 = CARTESIAN_POINT('',(370.,-194.,110.));
#3874 = DIRECTION('',(0.,-1.,2.22044604925E-16));
#3875 = DIRECTION('',(1.,0.,0.));
#3876 = PCURVE('',#3851,#3877);
#3877 = DEFINITIONAL_REPRESENTATION('',(#3878),#3882);
#3878 = CIRCLE('',#3879,7.);
#3879 = AXIS2_PLACEMENT_2D('',#3880,#3881);
#3880 = CARTESIAN_POINT('',(0.,0.));
#3881 = DIRECTION('',(1.,0.));
#3882 = ( GEOMETRIC_REPRESENTATION_CONTEXT(2) 
PARAMETRIC_REPRESENTATION_CONTEXT() REPRESENTATION_CONTEXT('2D SPACE',''
  ) );
#3883 = PCURVE('',#3884,#3889);
#3884 = CYLINDRICAL_SURFACE('',#3885,7.);
#3885 = AXIS2_PLACEMENT_3D('',#3886,#3887,#3888);
#3886 = CARTESIAN_POINT('',(370.,-188.,110.));
#3887 = DIRECTION('',(0.,-1.,2.22044604925E-16));
#3888 = DIRECTION('',(1.,0.,0.));
#3889 = DEFINITIONAL_REPRESENTATION('',(#3890),#3894);
#3890 = LINE('',#3891,#3892);
#3891 = CARTESIAN_POINT('',(0.,6.));
#3892 = VECTOR('',#3893,1.);
#3893 = DIRECTION('',(1.,0.));
#3894 = ( GEOMETRIC_REPRESENTATION_CONTEXT(2) 
PARAMETRIC_REPRESENTATION_CONTEXT() REPRESENTATION_CONTEXT('2D SPACE',''
  ) );
#3895 = FACE_BOUND('',#3896,.T.);
#3896 = EDGE_LOOP('',(#3897));
#3897 = ORIENTED_EDGE('',*,*,#3836,.F.);
#3898 = ADVANCED_FACE('',(#3899),#3884,.T.);
#3899 = FACE_BOUND('',#3900,.T.);
#3900 = EDGE_LOOP('',(#3901,#3902,#3925,#3952));
#3901 = ORIENTED_EDGE('',*,*,#3867,.F.);
#3902 = ORIENTED_EDGE('',*,*,#3903,.F.);
#3903 = EDGE_CURVE('',#3904,#3868,#3906,.T.);
#3904 = VERTEX_POINT('',#3905);
#3905 = CARTESIAN_POINT('',(377.,-188.,110.));
#3906 = SEAM_CURVE('',#3907,(#3911,#3918),.PCURVE_S1.);
#3907 = LINE('',#3908,#3909);
#3908 = CARTESIAN_POINT('',(377.,-188.,110.));
#3909 = VECTOR('',#3910,1.);
#3910 = DIRECTION('',(0.,-1.,2.22044604925E-16));
#3911 = PCURVE('',#3884,#3912);
#3912 = DEFINITIONAL_REPRESENTATION('',(#3913),#3917);
#3913 = LINE('',#3914,#3915);
#3914 = CARTESIAN_POINT('',(6.28318530718,-0.));
#3915 = VECTOR('',#3916,1.);
#3916 = DIRECTION('',(0.,1.));
#3917 = ( GEOMETRIC_REPRESENTATION_CONTEXT(2) 
PARAMETRIC_REPRESENTATION_CONTEXT() REPRESENTATION_CONTEXT('2D SPACE',''
  ) );
#3918 = PCURVE('',#3884,#3919);
#3919 = DEFINITIONAL_REPRESENTATION('',(#3920),#3924);
#3920 = LINE('',#3921,#3922);
#3921 = CARTESIAN_POINT('',(0.,-0.));
#3922 = VECTOR('',#3923,1.);
#3923 = DIRECTION('',(0.,1.));
#3924 = ( GEOMETRIC_REPRESENTATION_CONTEXT(2) 
PARAMETRIC_REPRESENTATION_CONTEXT() REPRESENTATION_CONTEXT('2D SPACE',''
  ) );
#3925 = ORIENTED_EDGE('',*,*,#3926,.T.);
#3926 = EDGE_CURVE('',#3904,#3904,#3927,.T.);
#3927 = SURFACE_CURVE('',#3928,(#3933,#3940),.PCURVE_S1.);
#3928 = CIRCLE('',#3929,7.);
#3929 = AXIS2_PLACEMENT_3D('',#3930,#3931,#3932);
#3930 = CARTESIAN_POINT('',(370.,-188.,110.));
#3931 = DIRECTION('',(0.,-1.,2.22044604925E-16));
#3932 = DIRECTION('',(1.,0.,0.));
#3933 = PCURVE('',#3884,#3934);
#3934 = DEFINITIONAL_REPRESENTATION('',(#3935),#3939);
#3935 = LINE('',#3936,#3937);
#3936 = CARTESIAN_POINT('',(0.,0.));
#3937 = VECTOR('',#3938,1.);
#3938 = DIRECTION('',(1.,0.));
#3939 = ( GEOMETRIC_REPRESENTATION_CONTEXT(2) 
PARAMETRIC_REPRESENTATION_CONTEXT() REPRESENTATION_CONTEXT('2D SPACE',''
  ) );
#3940 = PCURVE('',#3941,#3946);
#3941 = PLANE('',#3942);
#3942 = AXIS2_PLACEMENT_3D('',#3943,#3944,#3945);
#3943 = CARTESIAN_POINT('',(370.,-188.,110.));
#3944 = DIRECTION('',(0.,-1.,2.22044604925E-16));
#3945 = DIRECTION('',(1.,0.,0.));
#3946 = DEFINITIONAL_REPRESENTATION('',(#3947),#3951);
#3947 = CIRCLE('',#3948,7.);
#3948 = AXIS2_PLACEMENT_2D('',#3949,#3950);
#3949 = CARTESIAN_POINT('',(0.,0.));
#3950 = DIRECTION('',(1.,0.));
#3951 = ( GEOMETRIC_REPRESENTATION_CONTEXT(2) 
PARAMETRIC_REPRESENTATION_CONTEXT() REPRESENTATION_CONTEXT('2D SPACE',''
  ) );
#3952 = ORIENTED_EDGE('',*,*,#3903,.T.);
#3953 = ADVANCED_FACE('',(#3954),#3941,.F.);
#3954 = FACE_BOUND('',#3955,.T.);
#3955 = EDGE_LOOP('',(#3956));
#3956 = ORIENTED_EDGE('',*,*,#3926,.F.);
#3957 = ( GEOMETRIC_REPRESENTATION_CONTEXT(3) 
GLOBAL_UNCERTAINTY_ASSIGNED_CONTEXT((#3961)) 
GLOBAL_UNIT_ASSIGNED_CONTEXT((#3958,#3959,#3960)) REPRESENTATION_CONTEXT
('Context #1','3D Context with UNIT and UNCERTAINTY') );
#3958 = ( LENGTH_UNIT() NAMED_UNIT(*) SI_UNIT(.MILLI.,.METRE.) );
#3959 = ( NAMED_UNIT(*) PLANE_ANGLE_UNIT() SI_UNIT($,.RADIAN.) );
#3960 = ( NAMED_UNIT(*) SI_UNIT($,.STERADIAN.) SOLID_ANGLE_UNIT() );
#3961 = UNCERTAINTY_MEASURE_WITH_UNIT(LENGTH_MEASURE(1.E-07),#3958,
  'distance_accuracy_value','confusion accuracy');
#3962 = CONTEXT_DEPENDENT_SHAPE_REPRESENTATION(#3963,#3965);
#3963 = ( REPRESENTATION_RELATIONSHIP('','',#2844,#10) 
REPRESENTATION_RELATIONSHIP_WITH_TRANSFORMATION(#3964) 
SHAPE_REPRESENTATION_RELATIONSHIP() );
#3964 = ITEM_DEFINED_TRANSFORMATION('','',#11,#23);
#3965 = PRODUCT_DEFINITION_SHAPE('Placement','Placement of an item',
  #3966);
#3966 = NEXT_ASSEMBLY_USAGE_OCCURRENCE('130','=>[0:1:1:4]','',#5,#2839,$
  );
#3967 = PRODUCT_RELATED_PRODUCT_CATEGORY('part',$,(#2841));
#3968 = SHAPE_DEFINITION_REPRESENTATION(#3969,#3975);
#3969 = PRODUCT_DEFINITION_SHAPE('','',#3970);
#3970 = PRODUCT_DEFINITION('design','',#3971,#3974);
#3971 = PRODUCT_DEFINITION_FORMATION('','',#3972);
#3972 = PRODUCT('COMPOUND','COMPOUND','',(#3973));
#3973 = PRODUCT_CONTEXT('',#2,'mechanical');
#3974 = PRODUCT_DEFINITION_CONTEXT('part definition',#2,'design');
#3975 = SHAPE_REPRESENTATION('',(#11,#3976,#4726),#5476);
#3976 = MANIFOLD_SOLID_BREP('',#3977);
#3977 = CLOSED_SHELL('',(#3978,#4126,#4202,#4256,#4432,#4481,#4508,#4516
    ,#4594,#4665,#4692,#4719));
#3978 = ADVANCED_FACE('',(#3979),#3993,.F.);
#3979 = FACE_BOUND('',#3980,.F.);
#3980 = EDGE_LOOP('',(#3981,#4016,#4044,#4072,#4100));
#3981 = ORIENTED_EDGE('',*,*,#3982,.F.);
#3982 = EDGE_CURVE('',#3983,#3985,#3987,.T.);
#3983 = VERTEX_POINT('',#3984);
#3984 = CARTESIAN_POINT('',(420.,205.,130.));
#3985 = VERTEX_POINT('',#3986);
#3986 = CARTESIAN_POINT('',(420.,205.,140.));
#3987 = SURFACE_CURVE('',#3988,(#3992,#4004),.PCURVE_S1.);
#3988 = LINE('',#3989,#3990);
#3989 = CARTESIAN_POINT('',(420.,205.,130.));
#3990 = VECTOR('',#3991,1.);
#3991 = DIRECTION('',(0.,0.,1.));
#3992 = PCURVE('',#3993,#3998);
#3993 = PLANE('',#3994);
#3994 = AXIS2_PLACEMENT_3D('',#3995,#3996,#3997);
#3995 = CARTESIAN_POINT('',(420.,205.,130.));
#3996 = DIRECTION('',(1.,0.,-0.));
#3997 = DIRECTION('',(0.,0.,1.));
#3998 = DEFINITIONAL_REPRESENTATION('',(#3999),#4003);
#3999 = LINE('',#4000,#4001);
#4000 = CARTESIAN_POINT('',(0.,0.));
#4001 = VECTOR('',#4002,1.);
#4002 = DIRECTION('',(1.,0.));
#4003 = ( GEOMETRIC_REPRESENTATION_CONTEXT(2) 
PARAMETRIC_REPRESENTATION_CONTEXT() REPRESENTATION_CONTEXT('2D SPACE',''
  ) );
#4004 = PCURVE('',#4005,#4010);
#4005 = PLANE('',#4006);
#4006 = AXIS2_PLACEMENT_3D('',#4007,#4008,#4009);
#4007 = CARTESIAN_POINT('',(420.,205.,130.));
#4008 = DIRECTION('',(-0.,1.,0.));
#4009 = DIRECTION('',(0.,0.,1.));
#4010 = DEFINITIONAL_REPRESENTATION('',(#4011),#4015);
#4011 = LINE('',#4012,#4013);
#4012 = CARTESIAN_POINT('',(0.,0.));
#4013 = VECTOR('',#4014,1.);
#4014 = DIRECTION('',(1.,0.));
#4015 = ( GEOMETRIC_REPRESENTATION_CONTEXT(2) 
PARAMETRIC_REPRESENTATION_CONTEXT() REPRESENTATION_CONTEXT('2D SPACE',''
  ) );
#4016 = ORIENTED_EDGE('',*,*,#4017,.T.);
#4017 = EDGE_CURVE('',#3983,#4018,#4020,.T.);
#4018 = VERTEX_POINT('',#4019);
#4019 = CARTESIAN_POINT('',(420.,220.,130.));
#4020 = SURFACE_CURVE('',#4021,(#4025,#4032),.PCURVE_S1.);
#4021 = LINE('',#4022,#4023);
#4022 = CARTESIAN_POINT('',(420.,205.,130.));
#4023 = VECTOR('',#4024,1.);
#4024 = DIRECTION('',(-0.,1.,0.));
#4025 = PCURVE('',#3993,#4026);
#4026 = DEFINITIONAL_REPRESENTATION('',(#4027),#4031);
#4027 = LINE('',#4028,#4029);
#4028 = CARTESIAN_POINT('',(0.,0.));
#4029 = VECTOR('',#4030,1.);
#4030 = DIRECTION('',(0.,-1.));
#4031 = ( GEOMETRIC_REPRESENTATION_CONTEXT(2) 
PARAMETRIC_REPRESENTATION_CONTEXT() REPRESENTATION_CONTEXT('2D SPACE',''
  ) );
#4032 = PCURVE('',#4033,#4038);
#4033 = PLANE('',#4034);
#4034 = AXIS2_PLACEMENT_3D('',#4035,#4036,#4037);
#4035 = CARTESIAN_POINT('',(420.,205.,130.));
#4036 = DIRECTION('',(0.,0.,1.));
#4037 = DIRECTION('',(1.,0.,-0.));
#4038 = DEFINITIONAL_REPRESENTATION('',(#4039),#4043);
#4039 = LINE('',#4040,#4041);
#4040 = CARTESIAN_POINT('',(0.,0.));
#4041 = VECTOR('',#4042,1.);
#4042 = DIRECTION('',(0.,1.));
#4043 = ( GEOMETRIC_REPRESENTATION_CONTEXT(2) 
PARAMETRIC_REPRESENTATION_CONTEXT() REPRESENTATION_CONTEXT('2D SPACE',''
  ) );
#4044 = ORIENTED_EDGE('',*,*,#4045,.T.);
#4045 = EDGE_CURVE('',#4018,#4046,#4048,.T.);
#4046 = VERTEX_POINT('',#4047);
#4047 = CARTESIAN_POINT('',(420.,220.,140.));
#4048 = SURFACE_CURVE('',#4049,(#4053,#4060),.PCURVE_S1.);
#4049 = LINE('',#4050,#4051);
#4050 = CARTESIAN_POINT('',(420.,220.,130.));
#4051 = VECTOR('',#4052,1.);
#4052 = DIRECTION('',(0.,0.,1.));
#4053 = PCURVE('',#3993,#4054);
#4054 = DEFINITIONAL_REPRESENTATION('',(#4055),#4059);
#4055 = LINE('',#4056,#4057);
#4056 = CARTESIAN_POINT('',(0.,-15.));
#4057 = VECTOR('',#4058,1.);
#4058 = DIRECTION('',(1.,0.));
#4059 = ( GEOMETRIC_REPRESENTATION_CONTEXT(2) 
PARAMETRIC_REPRESENTATION_CONTEXT() REPRESENTATION_CONTEXT('2D SPACE',''
  ) );
#4060 = PCURVE('',#4061,#4066);
#4061 = PLANE('',#4062);
#4062 = AXIS2_PLACEMENT_3D('',#4063,#4064,#4065);
#4063 = CARTESIAN_POINT('',(420.,220.,130.));
#4064 = DIRECTION('',(-0.,1.,0.));
#4065 = DIRECTION('',(0.,0.,1.));
#4066 = DEFINITIONAL_REPRESENTATION('',(#4067),#4071);
#4067 = LINE('',#4068,#4069);
#4068 = CARTESIAN_POINT('',(0.,0.));
#4069 = VECTOR('',#4070,1.);
#4070 = DIRECTION('',(1.,0.));
#4071 = ( GEOMETRIC_REPRESENTATION_CONTEXT(2) 
PARAMETRIC_REPRESENTATION_CONTEXT() REPRESENTATION_CONTEXT('2D SPACE',''
  ) );
#4072 = ORIENTED_EDGE('',*,*,#4073,.F.);
#4073 = EDGE_CURVE('',#4074,#4046,#4076,.T.);
#4074 = VERTEX_POINT('',#4075);
#4075 = CARTESIAN_POINT('',(420.,207.,140.));
#4076 = SURFACE_CURVE('',#4077,(#4081,#4088),.PCURVE_S1.);
#4077 = LINE('',#4078,#4079);
#4078 = CARTESIAN_POINT('',(420.,205.,140.));
#4079 = VECTOR('',#4080,1.);
#4080 = DIRECTION('',(-0.,1.,0.));
#4081 = PCURVE('',#3993,#4082);
#4082 = DEFINITIONAL_REPRESENTATION('',(#4083),#4087);
#4083 = LINE('',#4084,#4085);
#4084 = CARTESIAN_POINT('',(10.,0.));
#4085 = VECTOR('',#4086,1.);
#4086 = DIRECTION('',(0.,-1.));
#4087 = ( GEOMETRIC_REPRESENTATION_CONTEXT(2) 
PARAMETRIC_REPRESENTATION_CONTEXT() REPRESENTATION_CONTEXT('2D SPACE',''
  ) );
#4088 = PCURVE('',#4089,#4094);
#4089 = PLANE('',#4090);
#4090 = AXIS2_PLACEMENT_3D('',#4091,#4092,#4093);
#4091 = CARTESIAN_POINT('',(418.,207.,140.));
#4092 = DIRECTION('',(0.,0.,1.));
#4093 = DIRECTION('',(1.,0.,-0.));
#4094 = DEFINITIONAL_REPRESENTATION('',(#4095),#4099);
#4095 = LINE('',#4096,#4097);
#4096 = CARTESIAN_POINT('',(2.,-2.));
#4097 = VECTOR('',#4098,1.);
#4098 = DIRECTION('',(0.,1.));
#4099 = ( GEOMETRIC_REPRESENTATION_CONTEXT(2) 
PARAMETRIC_REPRESENTATION_CONTEXT() REPRESENTATION_CONTEXT('2D SPACE',''
  ) );
#4100 = ORIENTED_EDGE('',*,*,#4101,.F.);
#4101 = EDGE_CURVE('',#3985,#4074,#4102,.T.);
#4102 = SURFACE_CURVE('',#4103,(#4107,#4114),.PCURVE_S1.);
#4103 = LINE('',#4104,#4105);
#4104 = CARTESIAN_POINT('',(420.,205.,140.));
#4105 = VECTOR('',#4106,1.);
#4106 = DIRECTION('',(-0.,1.,0.));
#4107 = PCURVE('',#3993,#4108);
#4108 = DEFINITIONAL_REPRESENTATION('',(#4109),#4113);
#4109 = LINE('',#4110,#4111);
#4110 = CARTESIAN_POINT('',(10.,0.));
#4111 = VECTOR('',#4112,1.);
#4112 = DIRECTION('',(0.,-1.));
#4113 = ( GEOMETRIC_REPRESENTATION_CONTEXT(2) 
PARAMETRIC_REPRESENTATION_CONTEXT() REPRESENTATION_CONTEXT('2D SPACE',''
  ) );
#4114 = PCURVE('',#4115,#4120);
#4115 = PLANE('',#4116);
#4116 = AXIS2_PLACEMENT_3D('',#4117,#4118,#4119);
#4117 = CARTESIAN_POINT('',(420.,205.,140.));
#4118 = DIRECTION('',(0.,0.,1.));
#4119 = DIRECTION('',(1.,0.,-0.));
#4120 = DEFINITIONAL_REPRESENTATION('',(#4121),#4125);
#4121 = LINE('',#4122,#4123);
#4122 = CARTESIAN_POINT('',(0.,0.));
#4123 = VECTOR('',#4124,1.);
#4124 = DIRECTION('',(0.,1.));
#4125 = ( GEOMETRIC_REPRESENTATION_CONTEXT(2) 
PARAMETRIC_REPRESENTATION_CONTEXT() REPRESENTATION_CONTEXT('2D SPACE',''
  ) );
#4126 = ADVANCED_FACE('',(#4127),#4005,.F.);
#4127 = FACE_BOUND('',#4128,.F.);
#4128 = EDGE_LOOP('',(#4129,#4152,#4153,#4176));
#4129 = ORIENTED_EDGE('',*,*,#4130,.F.);
#4130 = EDGE_CURVE('',#3983,#4131,#4133,.T.);
#4131 = VERTEX_POINT('',#4132);
#4132 = CARTESIAN_POINT('',(440.,205.,130.));
#4133 = SURFACE_CURVE('',#4134,(#4138,#4145),.PCURVE_S1.);
#4134 = LINE('',#4135,#4136);
#4135 = CARTESIAN_POINT('',(420.,205.,130.));
#4136 = VECTOR('',#4137,1.);
#4137 = DIRECTION('',(1.,0.,-0.));
#4138 = PCURVE('',#4005,#4139);
#4139 = DEFINITIONAL_REPRESENTATION('',(#4140),#4144);
#4140 = LINE('',#4141,#4142);
#4141 = CARTESIAN_POINT('',(0.,0.));
#4142 = VECTOR('',#4143,1.);
#4143 = DIRECTION('',(0.,1.));
#4144 = ( GEOMETRIC_REPRESENTATION_CONTEXT(2) 
PARAMETRIC_REPRESENTATION_CONTEXT() REPRESENTATION_CONTEXT('2D SPACE',''
  ) );
#4145 = PCURVE('',#4033,#4146);
#4146 = DEFINITIONAL_REPRESENTATION('',(#4147),#4151);
#4147 = LINE('',#4148,#4149);
#4148 = CARTESIAN_POINT('',(0.,0.));
#4149 = VECTOR('',#4150,1.);
#4150 = DIRECTION('',(1.,0.));
#4151 = ( GEOMETRIC_REPRESENTATION_CONTEXT(2) 
PARAMETRIC_REPRESENTATION_CONTEXT() REPRESENTATION_CONTEXT('2D SPACE',''
  ) );
#4152 = ORIENTED_EDGE('',*,*,#3982,.T.);
#4153 = ORIENTED_EDGE('',*,*,#4154,.T.);
#4154 = EDGE_CURVE('',#3985,#4155,#4157,.T.);
#4155 = VERTEX_POINT('',#4156);
#4156 = CARTESIAN_POINT('',(440.,205.,140.));
#4157 = SURFACE_CURVE('',#4158,(#4162,#4169),.PCURVE_S1.);
#4158 = LINE('',#4159,#4160);
#4159 = CARTESIAN_POINT('',(420.,205.,140.));
#4160 = VECTOR('',#4161,1.);
#4161 = DIRECTION('',(1.,0.,-0.));
#4162 = PCURVE('',#4005,#4163);
#4163 = DEFINITIONAL_REPRESENTATION('',(#4164),#4168);
#4164 = LINE('',#4165,#4166);
#4165 = CARTESIAN_POINT('',(10.,0.));
#4166 = VECTOR('',#4167,1.);
#4167 = DIRECTION('',(0.,1.));
#4168 = ( GEOMETRIC_REPRESENTATION_CONTEXT(2) 
PARAMETRIC_REPRESENTATION_CONTEXT() REPRESENTATION_CONTEXT('2D SPACE',''
  ) );
#4169 = PCURVE('',#4115,#4170);
#4170 = DEFINITIONAL_REPRESENTATION('',(#4171),#4175);
#4171 = LINE('',#4172,#4173);
#4172 = CARTESIAN_POINT('',(0.,0.));
#4173 = VECTOR('',#4174,1.);
#4174 = DIRECTION('',(1.,0.));
#4175 = ( GEOMETRIC_REPRESENTATION_CONTEXT(2) 
PARAMETRIC_REPRESENTATION_CONTEXT() REPRESENTATION_CONTEXT('2D SPACE',''
  ) );
#4176 = ORIENTED_EDGE('',*,*,#4177,.F.);
#4177 = EDGE_CURVE('',#4131,#4155,#4178,.T.);
#4178 = SURFACE_CURVE('',#4179,(#4183,#4190),.PCURVE_S1.);
#4179 = LINE('',#4180,#4181);
#4180 = CARTESIAN_POINT('',(440.,205.,130.));
#4181 = VECTOR('',#4182,1.);
#4182 = DIRECTION('',(0.,0.,1.));
#4183 = PCURVE('',#4005,#4184);
#4184 = DEFINITIONAL_REPRESENTATION('',(#4185),#4189);
#4185 = LINE('',#4186,#4187);
#4186 = CARTESIAN_POINT('',(0.,20.));
#4187 = VECTOR('',#4188,1.);
#4188 = DIRECTION('',(1.,0.));
#4189 = ( GEOMETRIC_REPRESENTATION_CONTEXT(2) 
PARAMETRIC_REPRESENTATION_CONTEXT() REPRESENTATION_CONTEXT('2D SPACE',''
  ) );
#4190 = PCURVE('',#4191,#4196);
#4191 = PLANE('',#4192);
#4192 = AXIS2_PLACEMENT_3D('',#4193,#4194,#4195);
#4193 = CARTESIAN_POINT('',(440.,205.,130.));
#4194 = DIRECTION('',(1.,0.,-0.));
#4195 = DIRECTION('',(0.,0.,1.));
#4196 = DEFINITIONAL_REPRESENTATION('',(#4197),#4201);
#4197 = LINE('',#4198,#4199);
#4198 = CARTESIAN_POINT('',(0.,0.));
#4199 = VECTOR('',#4200,1.);
#4200 = DIRECTION('',(1.,0.));
#4201 = ( GEOMETRIC_REPRESENTATION_CONTEXT(2) 
PARAMETRIC_REPRESENTATION_CONTEXT() REPRESENTATION_CONTEXT('2D SPACE',''
  ) );
#4202 = ADVANCED_FACE('',(#4203),#4115,.T.);
#4203 = FACE_BOUND('',#4204,.T.);
#4204 = EDGE_LOOP('',(#4205,#4206,#4207,#4230));
#4205 = ORIENTED_EDGE('',*,*,#4101,.F.);
#4206 = ORIENTED_EDGE('',*,*,#4154,.T.);
#4207 = ORIENTED_EDGE('',*,*,#4208,.T.);
#4208 = EDGE_CURVE('',#4155,#4209,#4211,.T.);
#4209 = VERTEX_POINT('',#4210);
#4210 = CARTESIAN_POINT('',(440.,207.,140.));
#4211 = SURFACE_CURVE('',#4212,(#4216,#4223),.PCURVE_S1.);
#4212 = LINE('',#4213,#4214);
#4213 = CARTESIAN_POINT('',(440.,205.,140.));
#4214 = VECTOR('',#4215,1.);
#4215 = DIRECTION('',(-0.,1.,0.));
#4216 = PCURVE('',#4115,#4217);
#4217 = DEFINITIONAL_REPRESENTATION('',(#4218),#4222);
#4218 = LINE('',#4219,#4220);
#4219 = CARTESIAN_POINT('',(20.,0.));
#4220 = VECTOR('',#4221,1.);
#4221 = DIRECTION('',(0.,1.));
#4222 = ( GEOMETRIC_REPRESENTATION_CONTEXT(2) 
PARAMETRIC_REPRESENTATION_CONTEXT() REPRESENTATION_CONTEXT('2D SPACE',''
  ) );
#4223 = PCURVE('',#4191,#4224);
#4224 = DEFINITIONAL_REPRESENTATION('',(#4225),#4229);
#4225 = LINE('',#4226,#4227);
#4226 = CARTESIAN_POINT('',(10.,0.));
#4227 = VECTOR('',#4228,1.);
#4228 = DIRECTION('',(0.,-1.));
#4229 = ( GEOMETRIC_REPRESENTATION_CONTEXT(2) 
PARAMETRIC_REPRESENTATION_CONTEXT() REPRESENTATION_CONTEXT('2D SPACE',''
  ) );
#4230 = ORIENTED_EDGE('',*,*,#4231,.F.);
#4231 = EDGE_CURVE('',#4074,#4209,#4232,.T.);
#4232 = SURFACE_CURVE('',#4233,(#4237,#4244),.PCURVE_S1.);
#4233 = LINE('',#4234,#4235);
#4234 = CARTESIAN_POINT('',(418.,207.,140.));
#4235 = VECTOR('',#4236,1.);
#4236 = DIRECTION('',(1.,0.,-0.));
#4237 = PCURVE('',#4115,#4238);
#4238 = DEFINITIONAL_REPRESENTATION('',(#4239),#4243);
#4239 = LINE('',#4240,#4241);
#4240 = CARTESIAN_POINT('',(-2.,2.));
#4241 = VECTOR('',#4242,1.);
#4242 = DIRECTION('',(1.,0.));
#4243 = ( GEOMETRIC_REPRESENTATION_CONTEXT(2) 
PARAMETRIC_REPRESENTATION_CONTEXT() REPRESENTATION_CONTEXT('2D SPACE',''
  ) );
#4244 = PCURVE('',#4245,#4250);
#4245 = PLANE('',#4246);
#4246 = AXIS2_PLACEMENT_3D('',#4247,#4248,#4249);
#4247 = CARTESIAN_POINT('',(418.,207.,140.));
#4248 = DIRECTION('',(-0.,1.,0.));
#4249 = DIRECTION('',(0.,0.,1.));
#4250 = DEFINITIONAL_REPRESENTATION('',(#4251),#4255);
#4251 = LINE('',#4252,#4253);
#4252 = CARTESIAN_POINT('',(0.,0.));
#4253 = VECTOR('',#4254,1.);
#4254 = DIRECTION('',(0.,1.));
#4255 = ( GEOMETRIC_REPRESENTATION_CONTEXT(2) 
PARAMETRIC_REPRESENTATION_CONTEXT() REPRESENTATION_CONTEXT('2D SPACE',''
  ) );
#4256 = ADVANCED_FACE('',(#4257),#4089,.F.);
#4257 = FACE_BOUND('',#4258,.F.);
#4258 = EDGE_LOOP('',(#4259,#4289,#4317,#4338,#4339,#4362,#4383,#4406));
#4259 = ORIENTED_EDGE('',*,*,#4260,.F.);
#4260 = EDGE_CURVE('',#4261,#4263,#4265,.T.);
#4261 = VERTEX_POINT('',#4262);
#4262 = CARTESIAN_POINT('',(418.,243.,140.));
#4263 = VERTEX_POINT('',#4264);
#4264 = CARTESIAN_POINT('',(442.,243.,140.));
#4265 = SURFACE_CURVE('',#4266,(#4270,#4277),.PCURVE_S1.);
#4266 = LINE('',#4267,#4268);
#4267 = CARTESIAN_POINT('',(418.,243.,140.));
#4268 = VECTOR('',#4269,1.);
#4269 = DIRECTION('',(1.,0.,-0.));
#4270 = PCURVE('',#4089,#4271);
#4271 = DEFINITIONAL_REPRESENTATION('',(#4272),#4276);
#4272 = LINE('',#4273,#4274);
#4273 = CARTESIAN_POINT('',(0.,36.));
#4274 = VECTOR('',#4275,1.);
#4275 = DIRECTION('',(1.,0.));
#4276 = ( GEOMETRIC_REPRESENTATION_CONTEXT(2) 
PARAMETRIC_REPRESENTATION_CONTEXT() REPRESENTATION_CONTEXT('2D SPACE',''
  ) );
#4277 = PCURVE('',#4278,#4283);
#4278 = PLANE('',#4279);
#4279 = AXIS2_PLACEMENT_3D('',#4280,#4281,#4282);
#4280 = CARTESIAN_POINT('',(418.,243.,140.));
#4281 = DIRECTION('',(-0.,1.,0.));
#4282 = DIRECTION('',(0.,0.,1.));
#4283 = DEFINITIONAL_REPRESENTATION('',(#4284),#4288);
#4284 = LINE('',#4285,#4286);
#4285 = CARTESIAN_POINT('',(0.,0.));
#4286 = VECTOR('',#4287,1.);
#4287 = DIRECTION('',(0.,1.));
#4288 = ( GEOMETRIC_REPRESENTATION_CONTEXT(2) 
PARAMETRIC_REPRESENTATION_CONTEXT() REPRESENTATION_CONTEXT('2D SPACE',''
  ) );
#4289 = ORIENTED_EDGE('',*,*,#4290,.F.);
#4290 = EDGE_CURVE('',#4291,#4261,#4293,.T.);
#4291 = VERTEX_POINT('',#4292);
#4292 = CARTESIAN_POINT('',(418.,207.,140.));
#4293 = SURFACE_CURVE('',#4294,(#4298,#4305),.PCURVE_S1.);
#4294 = LINE('',#4295,#4296);
#4295 = CARTESIAN_POINT('',(418.,207.,140.));
#4296 = VECTOR('',#4297,1.);
#4297 = DIRECTION('',(-0.,1.,0.));
#4298 = PCURVE('',#4089,#4299);
#4299 = DEFINITIONAL_REPRESENTATION('',(#4300),#4304);
#4300 = LINE('',#4301,#4302);
#4301 = CARTESIAN_POINT('',(0.,0.));
#4302 = VECTOR('',#4303,1.);
#4303 = DIRECTION('',(0.,1.));
#4304 = ( GEOMETRIC_REPRESENTATION_CONTEXT(2) 
PARAMETRIC_REPRESENTATION_CONTEXT() REPRESENTATION_CONTEXT('2D SPACE',''
  ) );
#4305 = PCURVE('',#4306,#4311);
#4306 = PLANE('',#4307);
#4307 = AXIS2_PLACEMENT_3D('',#4308,#4309,#4310);
#4308 = CARTESIAN_POINT('',(418.,207.,140.));
#4309 = DIRECTION('',(1.,0.,-0.));
#4310 = DIRECTION('',(0.,0.,1.));
#4311 = DEFINITIONAL_REPRESENTATION('',(#4312),#4316);
#4312 = LINE('',#4313,#4314);
#4313 = CARTESIAN_POINT('',(0.,0.));
#4314 = VECTOR('',#4315,1.);
#4315 = DIRECTION('',(0.,-1.));
#4316 = ( GEOMETRIC_REPRESENTATION_CONTEXT(2) 
PARAMETRIC_REPRESENTATION_CONTEXT() REPRESENTATION_CONTEXT('2D SPACE',''
  ) );
#4317 = ORIENTED_EDGE('',*,*,#4318,.T.);
#4318 = EDGE_CURVE('',#4291,#4074,#4319,.T.);
#4319 = SURFACE_CURVE('',#4320,(#4324,#4331),.PCURVE_S1.);
#4320 = LINE('',#4321,#4322);
#4321 = CARTESIAN_POINT('',(418.,207.,140.));
#4322 = VECTOR('',#4323,1.);
#4323 = DIRECTION('',(1.,0.,-0.));
#4324 = PCURVE('',#4089,#4325);
#4325 = DEFINITIONAL_REPRESENTATION('',(#4326),#4330);
#4326 = LINE('',#4327,#4328);
#4327 = CARTESIAN_POINT('',(0.,0.));
#4328 = VECTOR('',#4329,1.);
#4329 = DIRECTION('',(1.,0.));
#4330 = ( GEOMETRIC_REPRESENTATION_CONTEXT(2) 
PARAMETRIC_REPRESENTATION_CONTEXT() REPRESENTATION_CONTEXT('2D SPACE',''
  ) );
#4331 = PCURVE('',#4245,#4332);
#4332 = DEFINITIONAL_REPRESENTATION('',(#4333),#4337);
#4333 = LINE('',#4334,#4335);
#4334 = CARTESIAN_POINT('',(0.,0.));
#4335 = VECTOR('',#4336,1.);
#4336 = DIRECTION('',(0.,1.));
#4337 = ( GEOMETRIC_REPRESENTATION_CONTEXT(2) 
PARAMETRIC_REPRESENTATION_CONTEXT() REPRESENTATION_CONTEXT('2D SPACE',''
  ) );
#4338 = ORIENTED_EDGE('',*,*,#4073,.T.);
#4339 = ORIENTED_EDGE('',*,*,#4340,.T.);
#4340 = EDGE_CURVE('',#4046,#4341,#4343,.T.);
#4341 = VERTEX_POINT('',#4342);
#4342 = CARTESIAN_POINT('',(440.,220.,140.));
#4343 = SURFACE_CURVE('',#4344,(#4348,#4355),.PCURVE_S1.);
#4344 = LINE('',#4345,#4346);
#4345 = CARTESIAN_POINT('',(420.,220.,140.));
#4346 = VECTOR('',#4347,1.);
#4347 = DIRECTION('',(1.,0.,-0.));
#4348 = PCURVE('',#4089,#4349);
#4349 = DEFINITIONAL_REPRESENTATION('',(#4350),#4354);
#4350 = LINE('',#4351,#4352);
#4351 = CARTESIAN_POINT('',(2.,13.));
#4352 = VECTOR('',#4353,1.);
#4353 = DIRECTION('',(1.,0.));
#4354 = ( GEOMETRIC_REPRESENTATION_CONTEXT(2) 
PARAMETRIC_REPRESENTATION_CONTEXT() REPRESENTATION_CONTEXT('2D SPACE',''
  ) );
#4355 = PCURVE('',#4061,#4356);
#4356 = DEFINITIONAL_REPRESENTATION('',(#4357),#4361);
#4357 = LINE('',#4358,#4359);
#4358 = CARTESIAN_POINT('',(10.,0.));
#4359 = VECTOR('',#4360,1.);
#4360 = DIRECTION('',(0.,1.));
#4361 = ( GEOMETRIC_REPRESENTATION_CONTEXT(2) 
PARAMETRIC_REPRESENTATION_CONTEXT() REPRESENTATION_CONTEXT('2D SPACE',''
  ) );
#4362 = ORIENTED_EDGE('',*,*,#4363,.F.);
#4363 = EDGE_CURVE('',#4209,#4341,#4364,.T.);
#4364 = SURFACE_CURVE('',#4365,(#4369,#4376),.PCURVE_S1.);
#4365 = LINE('',#4366,#4367);
#4366 = CARTESIAN_POINT('',(440.,205.,140.));
#4367 = VECTOR('',#4368,1.);
#4368 = DIRECTION('',(-0.,1.,0.));
#4369 = PCURVE('',#4089,#4370);
#4370 = DEFINITIONAL_REPRESENTATION('',(#4371),#4375);
#4371 = LINE('',#4372,#4373);
#4372 = CARTESIAN_POINT('',(22.,-2.));
#4373 = VECTOR('',#4374,1.);
#4374 = DIRECTION('',(0.,1.));
#4375 = ( GEOMETRIC_REPRESENTATION_CONTEXT(2) 
PARAMETRIC_REPRESENTATION_CONTEXT() REPRESENTATION_CONTEXT('2D SPACE',''
  ) );
#4376 = PCURVE('',#4191,#4377);
#4377 = DEFINITIONAL_REPRESENTATION('',(#4378),#4382);
#4378 = LINE('',#4379,#4380);
#4379 = CARTESIAN_POINT('',(10.,0.));
#4380 = VECTOR('',#4381,1.);
#4381 = DIRECTION('',(0.,-1.));
#4382 = ( GEOMETRIC_REPRESENTATION_CONTEXT(2) 
PARAMETRIC_REPRESENTATION_CONTEXT() REPRESENTATION_CONTEXT('2D SPACE',''
  ) );
#4383 = ORIENTED_EDGE('',*,*,#4384,.T.);
#4384 = EDGE_CURVE('',#4209,#4385,#4387,.T.);
#4385 = VERTEX_POINT('',#4386);
#4386 = CARTESIAN_POINT('',(442.,207.,140.));
#4387 = SURFACE_CURVE('',#4388,(#4392,#4399),.PCURVE_S1.);
#4388 = LINE('',#4389,#4390);
#4389 = CARTESIAN_POINT('',(418.,207.,140.));
#4390 = VECTOR('',#4391,1.);
#4391 = DIRECTION('',(1.,0.,-0.));
#4392 = PCURVE('',#4089,#4393);
#4393 = DEFINITIONAL_REPRESENTATION('',(#4394),#4398);
#4394 = LINE('',#4395,#4396);
#4395 = CARTESIAN_POINT('',(0.,0.));
#4396 = VECTOR('',#4397,1.);
#4397 = DIRECTION('',(1.,0.));
#4398 = ( GEOMETRIC_REPRESENTATION_CONTEXT(2) 
PARAMETRIC_REPRESENTATION_CONTEXT() REPRESENTATION_CONTEXT('2D SPACE',''
  ) );
#4399 = PCURVE('',#4245,#4400);
#4400 = DEFINITIONAL_REPRESENTATION('',(#4401),#4405);
#4401 = LINE('',#4402,#4403);
#4402 = CARTESIAN_POINT('',(0.,0.));
#4403 = VECTOR('',#4404,1.);
#4404 = DIRECTION('',(0.,1.));
#4405 = ( GEOMETRIC_REPRESENTATION_CONTEXT(2) 
PARAMETRIC_REPRESENTATION_CONTEXT() REPRESENTATION_CONTEXT('2D SPACE',''
  ) );
#4406 = ORIENTED_EDGE('',*,*,#4407,.T.);
#4407 = EDGE_CURVE('',#4385,#4263,#4408,.T.);
#4408 = SURFACE_CURVE('',#4409,(#4413,#4420),.PCURVE_S1.);
#4409 = LINE('',#4410,#4411);
#4410 = CARTESIAN_POINT('',(442.,207.,140.));
#4411 = VECTOR('',#4412,1.);
#4412 = DIRECTION('',(-0.,1.,0.));
#4413 = PCURVE('',#4089,#4414);
#4414 = DEFINITIONAL_REPRESENTATION('',(#4415),#4419);
#4415 = LINE('',#4416,#4417);
#4416 = CARTESIAN_POINT('',(24.,0.));
#4417 = VECTOR('',#4418,1.);
#4418 = DIRECTION('',(0.,1.));
#4419 = ( GEOMETRIC_REPRESENTATION_CONTEXT(2) 
PARAMETRIC_REPRESENTATION_CONTEXT() REPRESENTATION_CONTEXT('2D SPACE',''
  ) );
#4420 = PCURVE('',#4421,#4426);
#4421 = PLANE('',#4422);
#4422 = AXIS2_PLACEMENT_3D('',#4423,#4424,#4425);
#4423 = CARTESIAN_POINT('',(442.,207.,140.));
#4424 = DIRECTION('',(1.,0.,-0.));
#4425 = DIRECTION('',(0.,0.,1.));
#4426 = DEFINITIONAL_REPRESENTATION('',(#4427),#4431);
#4427 = LINE('',#4428,#4429);
#4428 = CARTESIAN_POINT('',(0.,0.));
#4429 = VECTOR('',#4430,1.);
#4430 = DIRECTION('',(0.,-1.));
#4431 = ( GEOMETRIC_REPRESENTATION_CONTEXT(2) 
PARAMETRIC_REPRESENTATION_CONTEXT() REPRESENTATION_CONTEXT('2D SPACE',''
  ) );
#4432 = ADVANCED_FACE('',(#4433),#4061,.T.);
#4433 = FACE_BOUND('',#4434,.T.);
#4434 = EDGE_LOOP('',(#4435,#4458,#4459,#4460));
#4435 = ORIENTED_EDGE('',*,*,#4436,.F.);
#4436 = EDGE_CURVE('',#4018,#4437,#4439,.T.);
#4437 = VERTEX_POINT('',#4438);
#4438 = CARTESIAN_POINT('',(440.,220.,130.));
#4439 = SURFACE_CURVE('',#4440,(#4444,#4451),.PCURVE_S1.);
#4440 = LINE('',#4441,#4442);
#4441 = CARTESIAN_POINT('',(420.,220.,130.));
#4442 = VECTOR('',#4443,1.);
#4443 = DIRECTION('',(1.,0.,-0.));
#4444 = PCURVE('',#4061,#4445);
#4445 = DEFINITIONAL_REPRESENTATION('',(#4446),#4450);
#4446 = LINE('',#4447,#4448);
#4447 = CARTESIAN_POINT('',(0.,0.));
#4448 = VECTOR('',#4449,1.);
#4449 = DIRECTION('',(0.,1.));
#4450 = ( GEOMETRIC_REPRESENTATION_CONTEXT(2) 
PARAMETRIC_REPRESENTATION_CONTEXT() REPRESENTATION_CONTEXT('2D SPACE',''
  ) );
#4451 = PCURVE('',#4033,#4452);
#4452 = DEFINITIONAL_REPRESENTATION('',(#4453),#4457);
#4453 = LINE('',#4454,#4455);
#4454 = CARTESIAN_POINT('',(0.,15.));
#4455 = VECTOR('',#4456,1.);
#4456 = DIRECTION('',(1.,0.));
#4457 = ( GEOMETRIC_REPRESENTATION_CONTEXT(2) 
PARAMETRIC_REPRESENTATION_CONTEXT() REPRESENTATION_CONTEXT('2D SPACE',''
  ) );
#4458 = ORIENTED_EDGE('',*,*,#4045,.T.);
#4459 = ORIENTED_EDGE('',*,*,#4340,.T.);
#4460 = ORIENTED_EDGE('',*,*,#4461,.F.);
#4461 = EDGE_CURVE('',#4437,#4341,#4462,.T.);
#4462 = SURFACE_CURVE('',#4463,(#4467,#4474),.PCURVE_S1.);
#4463 = LINE('',#4464,#4465);
#4464 = CARTESIAN_POINT('',(440.,220.,130.));
#4465 = VECTOR('',#4466,1.);
#4466 = DIRECTION('',(0.,0.,1.));
#4467 = PCURVE('',#4061,#4468);
#4468 = DEFINITIONAL_REPRESENTATION('',(#4469),#4473);
#4469 = LINE('',#4470,#4471);
#4470 = CARTESIAN_POINT('',(0.,20.));
#4471 = VECTOR('',#4472,1.);
#4472 = DIRECTION('',(1.,0.));
#4473 = ( GEOMETRIC_REPRESENTATION_CONTEXT(2) 
PARAMETRIC_REPRESENTATION_CONTEXT() REPRESENTATION_CONTEXT('2D SPACE',''
  ) );
#4474 = PCURVE('',#4191,#4475);
#4475 = DEFINITIONAL_REPRESENTATION('',(#4476),#4480);
#4476 = LINE('',#4477,#4478);
#4477 = CARTESIAN_POINT('',(0.,-15.));
#4478 = VECTOR('',#4479,1.);
#4479 = DIRECTION('',(1.,0.));
#4480 = ( GEOMETRIC_REPRESENTATION_CONTEXT(2) 
PARAMETRIC_REPRESENTATION_CONTEXT() REPRESENTATION_CONTEXT('2D SPACE',''
  ) );
#4481 = ADVANCED_FACE('',(#4482),#4033,.F.);
#4482 = FACE_BOUND('',#4483,.F.);
#4483 = EDGE_LOOP('',(#4484,#4485,#4486,#4507));
#4484 = ORIENTED_EDGE('',*,*,#4017,.F.);
#4485 = ORIENTED_EDGE('',*,*,#4130,.T.);
#4486 = ORIENTED_EDGE('',*,*,#4487,.T.);
#4487 = EDGE_CURVE('',#4131,#4437,#4488,.T.);
#4488 = SURFACE_CURVE('',#4489,(#4493,#4500),.PCURVE_S1.);
#4489 = LINE('',#4490,#4491);
#4490 = CARTESIAN_POINT('',(440.,205.,130.));
#4491 = VECTOR('',#4492,1.);
#4492 = DIRECTION('',(-0.,1.,0.));
#4493 = PCURVE('',#4033,#4494);
#4494 = DEFINITIONAL_REPRESENTATION('',(#4495),#4499);
#4495 = LINE('',#4496,#4497);
#4496 = CARTESIAN_POINT('',(20.,0.));
#4497 = VECTOR('',#4498,1.);
#4498 = DIRECTION('',(0.,1.));
#4499 = ( GEOMETRIC_REPRESENTATION_CONTEXT(2) 
PARAMETRIC_REPRESENTATION_CONTEXT() REPRESENTATION_CONTEXT('2D SPACE',''
  ) );
#4500 = PCURVE('',#4191,#4501);
#4501 = DEFINITIONAL_REPRESENTATION('',(#4502),#4506);
#4502 = LINE('',#4503,#4504);
#4503 = CARTESIAN_POINT('',(0.,0.));
#4504 = VECTOR('',#4505,1.);
#4505 = DIRECTION('',(0.,-1.));
#4506 = ( GEOMETRIC_REPRESENTATION_CONTEXT(2) 
PARAMETRIC_REPRESENTATION_CONTEXT() REPRESENTATION_CONTEXT('2D SPACE',''
  ) );
#4507 = ORIENTED_EDGE('',*,*,#4436,.F.);
#4508 = ADVANCED_FACE('',(#4509),#4191,.T.);
#4509 = FACE_BOUND('',#4510,.T.);
#4510 = EDGE_LOOP('',(#4511,#4512,#4513,#4514,#4515));
#4511 = ORIENTED_EDGE('',*,*,#4177,.F.);
#4512 = ORIENTED_EDGE('',*,*,#4487,.T.);
#4513 = ORIENTED_EDGE('',*,*,#4461,.T.);
#4514 = ORIENTED_EDGE('',*,*,#4363,.F.);
#4515 = ORIENTED_EDGE('',*,*,#4208,.F.);
#4516 = ADVANCED_FACE('',(#4517),#4245,.F.);
#4517 = FACE_BOUND('',#4518,.F.);
#4518 = EDGE_LOOP('',(#4519,#4520,#4543,#4571,#4592,#4593));
#4519 = ORIENTED_EDGE('',*,*,#4318,.F.);
#4520 = ORIENTED_EDGE('',*,*,#4521,.T.);
#4521 = EDGE_CURVE('',#4291,#4522,#4524,.T.);
#4522 = VERTEX_POINT('',#4523);
#4523 = CARTESIAN_POINT('',(418.,207.,180.));
#4524 = SURFACE_CURVE('',#4525,(#4529,#4536),.PCURVE_S1.);
#4525 = LINE('',#4526,#4527);
#4526 = CARTESIAN_POINT('',(418.,207.,140.));
#4527 = VECTOR('',#4528,1.);
#4528 = DIRECTION('',(0.,0.,1.));
#4529 = PCURVE('',#4245,#4530);
#4530 = DEFINITIONAL_REPRESENTATION('',(#4531),#4535);
#4531 = LINE('',#4532,#4533);
#4532 = CARTESIAN_POINT('',(0.,0.));
#4533 = VECTOR('',#4534,1.);
#4534 = DIRECTION('',(1.,0.));
#4535 = ( GEOMETRIC_REPRESENTATION_CONTEXT(2) 
PARAMETRIC_REPRESENTATION_CONTEXT() REPRESENTATION_CONTEXT('2D SPACE',''
  ) );
#4536 = PCURVE('',#4306,#4537);
#4537 = DEFINITIONAL_REPRESENTATION('',(#4538),#4542);
#4538 = LINE('',#4539,#4540);
#4539 = CARTESIAN_POINT('',(0.,0.));
#4540 = VECTOR('',#4541,1.);
#4541 = DIRECTION('',(1.,0.));
#4542 = ( GEOMETRIC_REPRESENTATION_CONTEXT(2) 
PARAMETRIC_REPRESENTATION_CONTEXT() REPRESENTATION_CONTEXT('2D SPACE',''
  ) );
#4543 = ORIENTED_EDGE('',*,*,#4544,.T.);
#4544 = EDGE_CURVE('',#4522,#4545,#4547,.T.);
#4545 = VERTEX_POINT('',#4546);
#4546 = CARTESIAN_POINT('',(442.,207.,180.));
#4547 = SURFACE_CURVE('',#4548,(#4552,#4559),.PCURVE_S1.);
#4548 = LINE('',#4549,#4550);
#4549 = CARTESIAN_POINT('',(418.,207.,180.));
#4550 = VECTOR('',#4551,1.);
#4551 = DIRECTION('',(1.,0.,-0.));
#4552 = PCURVE('',#4245,#4553);
#4553 = DEFINITIONAL_REPRESENTATION('',(#4554),#4558);
#4554 = LINE('',#4555,#4556);
#4555 = CARTESIAN_POINT('',(40.,0.));
#4556 = VECTOR('',#4557,1.);
#4557 = DIRECTION('',(0.,1.));
#4558 = ( GEOMETRIC_REPRESENTATION_CONTEXT(2) 
PARAMETRIC_REPRESENTATION_CONTEXT() REPRESENTATION_CONTEXT('2D SPACE',''
  ) );
#4559 = PCURVE('',#4560,#4565);
#4560 = PLANE('',#4561);
#4561 = AXIS2_PLACEMENT_3D('',#4562,#4563,#4564);
#4562 = CARTESIAN_POINT('',(418.,207.,180.));
#4563 = DIRECTION('',(0.,0.,1.));
#4564 = DIRECTION('',(1.,0.,-0.));
#4565 = DEFINITIONAL_REPRESENTATION('',(#4566),#4570);
#4566 = LINE('',#4567,#4568);
#4567 = CARTESIAN_POINT('',(0.,0.));
#4568 = VECTOR('',#4569,1.);
#4569 = DIRECTION('',(1.,0.));
#4570 = ( GEOMETRIC_REPRESENTATION_CONTEXT(2) 
PARAMETRIC_REPRESENTATION_CONTEXT() REPRESENTATION_CONTEXT('2D SPACE',''
  ) );
#4571 = ORIENTED_EDGE('',*,*,#4572,.F.);
#4572 = EDGE_CURVE('',#4385,#4545,#4573,.T.);
#4573 = SURFACE_CURVE('',#4574,(#4578,#4585),.PCURVE_S1.);
#4574 = LINE('',#4575,#4576);
#4575 = CARTESIAN_POINT('',(442.,207.,140.));
#4576 = VECTOR('',#4577,1.);
#4577 = DIRECTION('',(0.,0.,1.));
#4578 = PCURVE('',#4245,#4579);
#4579 = DEFINITIONAL_REPRESENTATION('',(#4580),#4584);
#4580 = LINE('',#4581,#4582);
#4581 = CARTESIAN_POINT('',(0.,24.));
#4582 = VECTOR('',#4583,1.);
#4583 = DIRECTION('',(1.,0.));
#4584 = ( GEOMETRIC_REPRESENTATION_CONTEXT(2) 
PARAMETRIC_REPRESENTATION_CONTEXT() REPRESENTATION_CONTEXT('2D SPACE',''
  ) );
#4585 = PCURVE('',#4421,#4586);
#4586 = DEFINITIONAL_REPRESENTATION('',(#4587),#4591);
#4587 = LINE('',#4588,#4589);
#4588 = CARTESIAN_POINT('',(0.,0.));
#4589 = VECTOR('',#4590,1.);
#4590 = DIRECTION('',(1.,0.));
#4591 = ( GEOMETRIC_REPRESENTATION_CONTEXT(2) 
PARAMETRIC_REPRESENTATION_CONTEXT() REPRESENTATION_CONTEXT('2D SPACE',''
  ) );
#4592 = ORIENTED_EDGE('',*,*,#4384,.F.);
#4593 = ORIENTED_EDGE('',*,*,#4231,.F.);
#4594 = ADVANCED_FACE('',(#4595),#4278,.T.);
#4595 = FACE_BOUND('',#4596,.T.);
#4596 = EDGE_LOOP('',(#4597,#4598,#4621,#4644));
#4597 = ORIENTED_EDGE('',*,*,#4260,.F.);
#4598 = ORIENTED_EDGE('',*,*,#4599,.T.);
#4599 = EDGE_CURVE('',#4261,#4600,#4602,.T.);
#4600 = VERTEX_POINT('',#4601);
#4601 = CARTESIAN_POINT('',(418.,243.,180.));
#4602 = SURFACE_CURVE('',#4603,(#4607,#4614),.PCURVE_S1.);
#4603 = LINE('',#4604,#4605);
#4604 = CARTESIAN_POINT('',(418.,243.,140.));
#4605 = VECTOR('',#4606,1.);
#4606 = DIRECTION('',(0.,0.,1.));
#4607 = PCURVE('',#4278,#4608);
#4608 = DEFINITIONAL_REPRESENTATION('',(#4609),#4613);
#4609 = LINE('',#4610,#4611);
#4610 = CARTESIAN_POINT('',(0.,0.));
#4611 = VECTOR('',#4612,1.);
#4612 = DIRECTION('',(1.,0.));
#4613 = ( GEOMETRIC_REPRESENTATION_CONTEXT(2) 
PARAMETRIC_REPRESENTATION_CONTEXT() REPRESENTATION_CONTEXT('2D SPACE',''
  ) );
#4614 = PCURVE('',#4306,#4615);
#4615 = DEFINITIONAL_REPRESENTATION('',(#4616),#4620);
#4616 = LINE('',#4617,#4618);
#4617 = CARTESIAN_POINT('',(0.,-36.));
#4618 = VECTOR('',#4619,1.);
#4619 = DIRECTION('',(1.,0.));
#4620 = ( GEOMETRIC_REPRESENTATION_CONTEXT(2) 
PARAMETRIC_REPRESENTATION_CONTEXT() REPRESENTATION_CONTEXT('2D SPACE',''
  ) );
#4621 = ORIENTED_EDGE('',*,*,#4622,.T.);
#4622 = EDGE_CURVE('',#4600,#4623,#4625,.T.);
#4623 = VERTEX_POINT('',#4624);
#4624 = CARTESIAN_POINT('',(442.,243.,180.));
#4625 = SURFACE_CURVE('',#4626,(#4630,#4637),.PCURVE_S1.);
#4626 = LINE('',#4627,#4628);
#4627 = CARTESIAN_POINT('',(418.,243.,180.));
#4628 = VECTOR('',#4629,1.);
#4629 = DIRECTION('',(1.,0.,-0.));
#4630 = PCURVE('',#4278,#4631);
#4631 = DEFINITIONAL_REPRESENTATION('',(#4632),#4636);
#4632 = LINE('',#4633,#4634);
#4633 = CARTESIAN_POINT('',(40.,0.));
#4634 = VECTOR('',#4635,1.);
#4635 = DIRECTION('',(0.,1.));
#4636 = ( GEOMETRIC_REPRESENTATION_CONTEXT(2) 
PARAMETRIC_REPRESENTATION_CONTEXT() REPRESENTATION_CONTEXT('2D SPACE',''
  ) );
#4637 = PCURVE('',#4560,#4638);
#4638 = DEFINITIONAL_REPRESENTATION('',(#4639),#4643);
#4639 = LINE('',#4640,#4641);
#4640 = CARTESIAN_POINT('',(0.,36.));
#4641 = VECTOR('',#4642,1.);
#4642 = DIRECTION('',(1.,0.));
#4643 = ( GEOMETRIC_REPRESENTATION_CONTEXT(2) 
PARAMETRIC_REPRESENTATION_CONTEXT() REPRESENTATION_CONTEXT('2D SPACE',''
  ) );
#4644 = ORIENTED_EDGE('',*,*,#4645,.F.);
#4645 = EDGE_CURVE('',#4263,#4623,#4646,.T.);
#4646 = SURFACE_CURVE('',#4647,(#4651,#4658),.PCURVE_S1.);
#4647 = LINE('',#4648,#4649);
#4648 = CARTESIAN_POINT('',(442.,243.,140.));
#4649 = VECTOR('',#4650,1.);
#4650 = DIRECTION('',(0.,0.,1.));
#4651 = PCURVE('',#4278,#4652);
#4652 = DEFINITIONAL_REPRESENTATION('',(#4653),#4657);
#4653 = LINE('',#4654,#4655);
#4654 = CARTESIAN_POINT('',(0.,24.));
#4655 = VECTOR('',#4656,1.);
#4656 = DIRECTION('',(1.,0.));
#4657 = ( GEOMETRIC_REPRESENTATION_CONTEXT(2) 
PARAMETRIC_REPRESENTATION_CONTEXT() REPRESENTATION_CONTEXT('2D SPACE',''
  ) );
#4658 = PCURVE('',#4421,#4659);
#4659 = DEFINITIONAL_REPRESENTATION('',(#4660),#4664);
#4660 = LINE('',#4661,#4662);
#4661 = CARTESIAN_POINT('',(0.,-36.));
#4662 = VECTOR('',#4663,1.);
#4663 = DIRECTION('',(1.,0.));
#4664 = ( GEOMETRIC_REPRESENTATION_CONTEXT(2) 
PARAMETRIC_REPRESENTATION_CONTEXT() REPRESENTATION_CONTEXT('2D SPACE',''
  ) );
#4665 = ADVANCED_FACE('',(#4666),#4421,.T.);
#4666 = FACE_BOUND('',#4667,.T.);
#4667 = EDGE_LOOP('',(#4668,#4669,#4670,#4671));
#4668 = ORIENTED_EDGE('',*,*,#4572,.F.);
#4669 = ORIENTED_EDGE('',*,*,#4407,.T.);
#4670 = ORIENTED_EDGE('',*,*,#4645,.T.);
#4671 = ORIENTED_EDGE('',*,*,#4672,.F.);
#4672 = EDGE_CURVE('',#4545,#4623,#4673,.T.);
#4673 = SURFACE_CURVE('',#4674,(#4678,#4685),.PCURVE_S1.);
#4674 = LINE('',#4675,#4676);
#4675 = CARTESIAN_POINT('',(442.,207.,180.));
#4676 = VECTOR('',#4677,1.);
#4677 = DIRECTION('',(-0.,1.,0.));
#4678 = PCURVE('',#4421,#4679);
#4679 = DEFINITIONAL_REPRESENTATION('',(#4680),#4684);
#4680 = LINE('',#4681,#4682);
#4681 = CARTESIAN_POINT('',(40.,0.));
#4682 = VECTOR('',#4683,1.);
#4683 = DIRECTION('',(0.,-1.));
#4684 = ( GEOMETRIC_REPRESENTATION_CONTEXT(2) 
PARAMETRIC_REPRESENTATION_CONTEXT() REPRESENTATION_CONTEXT('2D SPACE',''
  ) );
#4685 = PCURVE('',#4560,#4686);
#4686 = DEFINITIONAL_REPRESENTATION('',(#4687),#4691);
#4687 = LINE('',#4688,#4689);
#4688 = CARTESIAN_POINT('',(24.,0.));
#4689 = VECTOR('',#4690,1.);
#4690 = DIRECTION('',(0.,1.));
#4691 = ( GEOMETRIC_REPRESENTATION_CONTEXT(2) 
PARAMETRIC_REPRESENTATION_CONTEXT() REPRESENTATION_CONTEXT('2D SPACE',''
  ) );
#4692 = ADVANCED_FACE('',(#4693),#4306,.F.);
#4693 = FACE_BOUND('',#4694,.F.);
#4694 = EDGE_LOOP('',(#4695,#4696,#4697,#4698));
#4695 = ORIENTED_EDGE('',*,*,#4521,.F.);
#4696 = ORIENTED_EDGE('',*,*,#4290,.T.);
#4697 = ORIENTED_EDGE('',*,*,#4599,.T.);
#4698 = ORIENTED_EDGE('',*,*,#4699,.F.);
#4699 = EDGE_CURVE('',#4522,#4600,#4700,.T.);
#4700 = SURFACE_CURVE('',#4701,(#4705,#4712),.PCURVE_S1.);
#4701 = LINE('',#4702,#4703);
#4702 = CARTESIAN_POINT('',(418.,207.,180.));
#4703 = VECTOR('',#4704,1.);
#4704 = DIRECTION('',(-0.,1.,0.));
#4705 = PCURVE('',#4306,#4706);
#4706 = DEFINITIONAL_REPRESENTATION('',(#4707),#4711);
#4707 = LINE('',#4708,#4709);
#4708 = CARTESIAN_POINT('',(40.,0.));
#4709 = VECTOR('',#4710,1.);
#4710 = DIRECTION('',(0.,-1.));
#4711 = ( GEOMETRIC_REPRESENTATION_CONTEXT(2) 
PARAMETRIC_REPRESENTATION_CONTEXT() REPRESENTATION_CONTEXT('2D SPACE',''
  ) );
#4712 = PCURVE('',#4560,#4713);
#4713 = DEFINITIONAL_REPRESENTATION('',(#4714),#4718);
#4714 = LINE('',#4715,#4716);
#4715 = CARTESIAN_POINT('',(0.,0.));
#4716 = VECTOR('',#4717,1.);
#4717 = DIRECTION('',(0.,1.));
#4718 = ( GEOMETRIC_REPRESENTATION_CONTEXT(2) 
PARAMETRIC_REPRESENTATION_CONTEXT() REPRESENTATION_CONTEXT('2D SPACE',''
  ) );
#4719 = ADVANCED_FACE('',(#4720),#4560,.T.);
#4720 = FACE_BOUND('',#4721,.T.);
#4721 = EDGE_LOOP('',(#4722,#4723,#4724,#4725));
#4722 = ORIENTED_EDGE('',*,*,#4699,.F.);
#4723 = ORIENTED_EDGE('',*,*,#4544,.T.);
#4724 = ORIENTED_EDGE('',*,*,#4672,.T.);
#4725 = ORIENTED_EDGE('',*,*,#4622,.F.);
#4726 = MANIFOLD_SOLID_BREP('',#4727);
#4727 = CLOSED_SHELL('',(#4728,#4876,#4952,#5113,#5182,#5231,#5258,#5266
    ,#5344,#5393,#5442,#5469));
#4728 = ADVANCED_FACE('',(#4729),#4743,.F.);
#4729 = FACE_BOUND('',#4730,.F.);
#4730 = EDGE_LOOP('',(#4731,#4766,#4794,#4822,#4850));
#4731 = ORIENTED_EDGE('',*,*,#4732,.F.);
#4732 = EDGE_CURVE('',#4733,#4735,#4737,.T.);
#4733 = VERTEX_POINT('',#4734);
#4734 = CARTESIAN_POINT('',(420.,-220.,130.));
#4735 = VERTEX_POINT('',#4736);
#4736 = CARTESIAN_POINT('',(420.,-220.,140.));
#4737 = SURFACE_CURVE('',#4738,(#4742,#4754),.PCURVE_S1.);
#4738 = LINE('',#4739,#4740);
#4739 = CARTESIAN_POINT('',(420.,-220.,130.));
#4740 = VECTOR('',#4741,1.);
#4741 = DIRECTION('',(0.,0.,1.));
#4742 = PCURVE('',#4743,#4748);
#4743 = PLANE('',#4744);
#4744 = AXIS2_PLACEMENT_3D('',#4745,#4746,#4747);
#4745 = CARTESIAN_POINT('',(420.,-220.,130.));
#4746 = DIRECTION('',(1.,0.,-0.));
#4747 = DIRECTION('',(0.,0.,1.));
#4748 = DEFINITIONAL_REPRESENTATION('',(#4749),#4753);
#4749 = LINE('',#4750,#4751);
#4750 = CARTESIAN_POINT('',(0.,0.));
#4751 = VECTOR('',#4752,1.);
#4752 = DIRECTION('',(1.,0.));
#4753 = ( GEOMETRIC_REPRESENTATION_CONTEXT(2) 
PARAMETRIC_REPRESENTATION_CONTEXT() REPRESENTATION_CONTEXT('2D SPACE',''
  ) );
#4754 = PCURVE('',#4755,#4760);
#4755 = PLANE('',#4756);
#4756 = AXIS2_PLACEMENT_3D('',#4757,#4758,#4759);
#4757 = CARTESIAN_POINT('',(420.,-220.,130.));
#4758 = DIRECTION('',(-0.,1.,0.));
#4759 = DIRECTION('',(0.,0.,1.));
#4760 = DEFINITIONAL_REPRESENTATION('',(#4761),#4765);
#4761 = LINE('',#4762,#4763);
#4762 = CARTESIAN_POINT('',(0.,0.));
#4763 = VECTOR('',#4764,1.);
#4764 = DIRECTION('',(1.,0.));
#4765 = ( GEOMETRIC_REPRESENTATION_CONTEXT(2) 
PARAMETRIC_REPRESENTATION_CONTEXT() REPRESENTATION_CONTEXT('2D SPACE',''
  ) );
#4766 = ORIENTED_EDGE('',*,*,#4767,.T.);
#4767 = EDGE_CURVE('',#4733,#4768,#4770,.T.);
#4768 = VERTEX_POINT('',#4769);
#4769 = CARTESIAN_POINT('',(420.,-205.,130.));
#4770 = SURFACE_CURVE('',#4771,(#4775,#4782),.PCURVE_S1.);
#4771 = LINE('',#4772,#4773);
#4772 = CARTESIAN_POINT('',(420.,-220.,130.));
#4773 = VECTOR('',#4774,1.);
#4774 = DIRECTION('',(-0.,1.,0.));
#4775 = PCURVE('',#4743,#4776);
#4776 = DEFINITIONAL_REPRESENTATION('',(#4777),#4781);
#4777 = LINE('',#4778,#4779);
#4778 = CARTESIAN_POINT('',(0.,0.));
#4779 = VECTOR('',#4780,1.);
#4780 = DIRECTION('',(0.,-1.));
#4781 = ( GEOMETRIC_REPRESENTATION_CONTEXT(2) 
PARAMETRIC_REPRESENTATION_CONTEXT() REPRESENTATION_CONTEXT('2D SPACE',''
  ) );
#4782 = PCURVE('',#4783,#4788);
#4783 = PLANE('',#4784);
#4784 = AXIS2_PLACEMENT_3D('',#4785,#4786,#4787);
#4785 = CARTESIAN_POINT('',(420.,-220.,130.));
#4786 = DIRECTION('',(0.,0.,1.));
#4787 = DIRECTION('',(1.,0.,-0.));
#4788 = DEFINITIONAL_REPRESENTATION('',(#4789),#4793);
#4789 = LINE('',#4790,#4791);
#4790 = CARTESIAN_POINT('',(0.,0.));
#4791 = VECTOR('',#4792,1.);
#4792 = DIRECTION('',(0.,1.));
#4793 = ( GEOMETRIC_REPRESENTATION_CONTEXT(2) 
PARAMETRIC_REPRESENTATION_CONTEXT() REPRESENTATION_CONTEXT('2D SPACE',''
  ) );
#4794 = ORIENTED_EDGE('',*,*,#4795,.T.);
#4795 = EDGE_CURVE('',#4768,#4796,#4798,.T.);
#4796 = VERTEX_POINT('',#4797);
#4797 = CARTESIAN_POINT('',(420.,-205.,140.));
#4798 = SURFACE_CURVE('',#4799,(#4803,#4810),.PCURVE_S1.);
#4799 = LINE('',#4800,#4801);
#4800 = CARTESIAN_POINT('',(420.,-205.,130.));
#4801 = VECTOR('',#4802,1.);
#4802 = DIRECTION('',(0.,0.,1.));
#4803 = PCURVE('',#4743,#4804);
#4804 = DEFINITIONAL_REPRESENTATION('',(#4805),#4809);
#4805 = LINE('',#4806,#4807);
#4806 = CARTESIAN_POINT('',(0.,-15.));
#4807 = VECTOR('',#4808,1.);
#4808 = DIRECTION('',(1.,0.));
#4809 = ( GEOMETRIC_REPRESENTATION_CONTEXT(2) 
PARAMETRIC_REPRESENTATION_CONTEXT() REPRESENTATION_CONTEXT('2D SPACE',''
  ) );
#4810 = PCURVE('',#4811,#4816);
#4811 = PLANE('',#4812);
#4812 = AXIS2_PLACEMENT_3D('',#4813,#4814,#4815);
#4813 = CARTESIAN_POINT('',(420.,-205.,130.));
#4814 = DIRECTION('',(-0.,1.,0.));
#4815 = DIRECTION('',(0.,0.,1.));
#4816 = DEFINITIONAL_REPRESENTATION('',(#4817),#4821);
#4817 = LINE('',#4818,#4819);
#4818 = CARTESIAN_POINT('',(0.,0.));
#4819 = VECTOR('',#4820,1.);
#4820 = DIRECTION('',(1.,0.));
#4821 = ( GEOMETRIC_REPRESENTATION_CONTEXT(2) 
PARAMETRIC_REPRESENTATION_CONTEXT() REPRESENTATION_CONTEXT('2D SPACE',''
  ) );
#4822 = ORIENTED_EDGE('',*,*,#4823,.F.);
#4823 = EDGE_CURVE('',#4824,#4796,#4826,.T.);
#4824 = VERTEX_POINT('',#4825);
#4825 = CARTESIAN_POINT('',(420.,-207.,140.));
#4826 = SURFACE_CURVE('',#4827,(#4831,#4838),.PCURVE_S1.);
#4827 = LINE('',#4828,#4829);
#4828 = CARTESIAN_POINT('',(420.,-220.,140.));
#4829 = VECTOR('',#4830,1.);
#4830 = DIRECTION('',(-0.,1.,0.));
#4831 = PCURVE('',#4743,#4832);
#4832 = DEFINITIONAL_REPRESENTATION('',(#4833),#4837);
#4833 = LINE('',#4834,#4835);
#4834 = CARTESIAN_POINT('',(10.,0.));
#4835 = VECTOR('',#4836,1.);
#4836 = DIRECTION('',(0.,-1.));
#4837 = ( GEOMETRIC_REPRESENTATION_CONTEXT(2) 
PARAMETRIC_REPRESENTATION_CONTEXT() REPRESENTATION_CONTEXT('2D SPACE',''
  ) );
#4838 = PCURVE('',#4839,#4844);
#4839 = PLANE('',#4840);
#4840 = AXIS2_PLACEMENT_3D('',#4841,#4842,#4843);
#4841 = CARTESIAN_POINT('',(420.,-220.,140.));
#4842 = DIRECTION('',(0.,0.,1.));
#4843 = DIRECTION('',(1.,0.,-0.));
#4844 = DEFINITIONAL_REPRESENTATION('',(#4845),#4849);
#4845 = LINE('',#4846,#4847);
#4846 = CARTESIAN_POINT('',(0.,0.));
#4847 = VECTOR('',#4848,1.);
#4848 = DIRECTION('',(0.,1.));
#4849 = ( GEOMETRIC_REPRESENTATION_CONTEXT(2) 
PARAMETRIC_REPRESENTATION_CONTEXT() REPRESENTATION_CONTEXT('2D SPACE',''
  ) );
#4850 = ORIENTED_EDGE('',*,*,#4851,.F.);
#4851 = EDGE_CURVE('',#4735,#4824,#4852,.T.);
#4852 = SURFACE_CURVE('',#4853,(#4857,#4864),.PCURVE_S1.);
#4853 = LINE('',#4854,#4855);
#4854 = CARTESIAN_POINT('',(420.,-220.,140.));
#4855 = VECTOR('',#4856,1.);
#4856 = DIRECTION('',(-0.,1.,0.));
#4857 = PCURVE('',#4743,#4858);
#4858 = DEFINITIONAL_REPRESENTATION('',(#4859),#4863);
#4859 = LINE('',#4860,#4861);
#4860 = CARTESIAN_POINT('',(10.,0.));
#4861 = VECTOR('',#4862,1.);
#4862 = DIRECTION('',(0.,-1.));
#4863 = ( GEOMETRIC_REPRESENTATION_CONTEXT(2) 
PARAMETRIC_REPRESENTATION_CONTEXT() REPRESENTATION_CONTEXT('2D SPACE',''
  ) );
#4864 = PCURVE('',#4865,#4870);
#4865 = PLANE('',#4866);
#4866 = AXIS2_PLACEMENT_3D('',#4867,#4868,#4869);
#4867 = CARTESIAN_POINT('',(418.,-243.,140.));
#4868 = DIRECTION('',(0.,0.,1.));
#4869 = DIRECTION('',(1.,0.,-0.));
#4870 = DEFINITIONAL_REPRESENTATION('',(#4871),#4875);
#4871 = LINE('',#4872,#4873);
#4872 = CARTESIAN_POINT('',(2.,23.));
#4873 = VECTOR('',#4874,1.);
#4874 = DIRECTION('',(0.,1.));
#4875 = ( GEOMETRIC_REPRESENTATION_CONTEXT(2) 
PARAMETRIC_REPRESENTATION_CONTEXT() REPRESENTATION_CONTEXT('2D SPACE',''
  ) );
#4876 = ADVANCED_FACE('',(#4877),#4755,.F.);
#4877 = FACE_BOUND('',#4878,.F.);
#4878 = EDGE_LOOP('',(#4879,#4902,#4903,#4926));
#4879 = ORIENTED_EDGE('',*,*,#4880,.F.);
#4880 = EDGE_CURVE('',#4733,#4881,#4883,.T.);
#4881 = VERTEX_POINT('',#4882);
#4882 = CARTESIAN_POINT('',(440.,-220.,130.));
#4883 = SURFACE_CURVE('',#4884,(#4888,#4895),.PCURVE_S1.);
#4884 = LINE('',#4885,#4886);
#4885 = CARTESIAN_POINT('',(420.,-220.,130.));
#4886 = VECTOR('',#4887,1.);
#4887 = DIRECTION('',(1.,0.,-0.));
#4888 = PCURVE('',#4755,#4889);
#4889 = DEFINITIONAL_REPRESENTATION('',(#4890),#4894);
#4890 = LINE('',#4891,#4892);
#4891 = CARTESIAN_POINT('',(0.,0.));
#4892 = VECTOR('',#4893,1.);
#4893 = DIRECTION('',(0.,1.));
#4894 = ( GEOMETRIC_REPRESENTATION_CONTEXT(2) 
PARAMETRIC_REPRESENTATION_CONTEXT() REPRESENTATION_CONTEXT('2D SPACE',''
  ) );
#4895 = PCURVE('',#4783,#4896);
#4896 = DEFINITIONAL_REPRESENTATION('',(#4897),#4901);
#4897 = LINE('',#4898,#4899);
#4898 = CARTESIAN_POINT('',(0.,0.));
#4899 = VECTOR('',#4900,1.);
#4900 = DIRECTION('',(1.,0.));
#4901 = ( GEOMETRIC_REPRESENTATION_CONTEXT(2) 
PARAMETRIC_REPRESENTATION_CONTEXT() REPRESENTATION_CONTEXT('2D SPACE',''
  ) );
#4902 = ORIENTED_EDGE('',*,*,#4732,.T.);
#4903 = ORIENTED_EDGE('',*,*,#4904,.T.);
#4904 = EDGE_CURVE('',#4735,#4905,#4907,.T.);
#4905 = VERTEX_POINT('',#4906);
#4906 = CARTESIAN_POINT('',(440.,-220.,140.));
#4907 = SURFACE_CURVE('',#4908,(#4912,#4919),.PCURVE_S1.);
#4908 = LINE('',#4909,#4910);
#4909 = CARTESIAN_POINT('',(420.,-220.,140.));
#4910 = VECTOR('',#4911,1.);
#4911 = DIRECTION('',(1.,0.,-0.));
#4912 = PCURVE('',#4755,#4913);
#4913 = DEFINITIONAL_REPRESENTATION('',(#4914),#4918);
#4914 = LINE('',#4915,#4916);
#4915 = CARTESIAN_POINT('',(10.,0.));
#4916 = VECTOR('',#4917,1.);
#4917 = DIRECTION('',(0.,1.));
#4918 = ( GEOMETRIC_REPRESENTATION_CONTEXT(2) 
PARAMETRIC_REPRESENTATION_CONTEXT() REPRESENTATION_CONTEXT('2D SPACE',''
  ) );
#4919 = PCURVE('',#4865,#4920);
#4920 = DEFINITIONAL_REPRESENTATION('',(#4921),#4925);
#4921 = LINE('',#4922,#4923);
#4922 = CARTESIAN_POINT('',(2.,23.));
#4923 = VECTOR('',#4924,1.);
#4924 = DIRECTION('',(1.,0.));
#4925 = ( GEOMETRIC_REPRESENTATION_CONTEXT(2) 
PARAMETRIC_REPRESENTATION_CONTEXT() REPRESENTATION_CONTEXT('2D SPACE',''
  ) );
#4926 = ORIENTED_EDGE('',*,*,#4927,.F.);
#4927 = EDGE_CURVE('',#4881,#4905,#4928,.T.);
#4928 = SURFACE_CURVE('',#4929,(#4933,#4940),.PCURVE_S1.);
#4929 = LINE('',#4930,#4931);
#4930 = CARTESIAN_POINT('',(440.,-220.,130.));
#4931 = VECTOR('',#4932,1.);
#4932 = DIRECTION('',(0.,0.,1.));
#4933 = PCURVE('',#4755,#4934);
#4934 = DEFINITIONAL_REPRESENTATION('',(#4935),#4939);
#4935 = LINE('',#4936,#4937);
#4936 = CARTESIAN_POINT('',(0.,20.));
#4937 = VECTOR('',#4938,1.);
#4938 = DIRECTION('',(1.,0.));
#4939 = ( GEOMETRIC_REPRESENTATION_CONTEXT(2) 
PARAMETRIC_REPRESENTATION_CONTEXT() REPRESENTATION_CONTEXT('2D SPACE',''
  ) );
#4940 = PCURVE('',#4941,#4946);
#4941 = PLANE('',#4942);
#4942 = AXIS2_PLACEMENT_3D('',#4943,#4944,#4945);
#4943 = CARTESIAN_POINT('',(440.,-220.,130.));
#4944 = DIRECTION('',(1.,0.,-0.));
#4945 = DIRECTION('',(0.,0.,1.));
#4946 = DEFINITIONAL_REPRESENTATION('',(#4947),#4951);
#4947 = LINE('',#4948,#4949);
#4948 = CARTESIAN_POINT('',(0.,0.));
#4949 = VECTOR('',#4950,1.);
#4950 = DIRECTION('',(1.,0.));
#4951 = ( GEOMETRIC_REPRESENTATION_CONTEXT(2) 
PARAMETRIC_REPRESENTATION_CONTEXT() REPRESENTATION_CONTEXT('2D SPACE',''
  ) );
#4952 = ADVANCED_FACE('',(#4953),#4865,.F.);
#4953 = FACE_BOUND('',#4954,.F.);
#4954 = EDGE_LOOP('',(#4955,#4983,#5011,#5039,#5067,#5090,#5111,#5112));
#4955 = ORIENTED_EDGE('',*,*,#4956,.F.);
#4956 = EDGE_CURVE('',#4957,#4824,#4959,.T.);
#4957 = VERTEX_POINT('',#4958);
#4958 = CARTESIAN_POINT('',(418.,-207.,140.));
#4959 = SURFACE_CURVE('',#4960,(#4964,#4971),.PCURVE_S1.);
#4960 = LINE('',#4961,#4962);
#4961 = CARTESIAN_POINT('',(418.,-207.,140.));
#4962 = VECTOR('',#4963,1.);
#4963 = DIRECTION('',(1.,0.,-0.));
#4964 = PCURVE('',#4865,#4965);
#4965 = DEFINITIONAL_REPRESENTATION('',(#4966),#4970);
#4966 = LINE('',#4967,#4968);
#4967 = CARTESIAN_POINT('',(0.,36.));
#4968 = VECTOR('',#4969,1.);
#4969 = DIRECTION('',(1.,0.));
#4970 = ( GEOMETRIC_REPRESENTATION_CONTEXT(2) 
PARAMETRIC_REPRESENTATION_CONTEXT() REPRESENTATION_CONTEXT('2D SPACE',''
  ) );
#4971 = PCURVE('',#4972,#4977);
#4972 = PLANE('',#4973);
#4973 = AXIS2_PLACEMENT_3D('',#4974,#4975,#4976);
#4974 = CARTESIAN_POINT('',(418.,-207.,140.));
#4975 = DIRECTION('',(-0.,1.,0.));
#4976 = DIRECTION('',(0.,0.,1.));
#4977 = DEFINITIONAL_REPRESENTATION('',(#4978),#4982);
#4978 = LINE('',#4979,#4980);
#4979 = CARTESIAN_POINT('',(0.,0.));
#4980 = VECTOR('',#4981,1.);
#4981 = DIRECTION('',(0.,1.));
#4982 = ( GEOMETRIC_REPRESENTATION_CONTEXT(2) 
PARAMETRIC_REPRESENTATION_CONTEXT() REPRESENTATION_CONTEXT('2D SPACE',''
  ) );
#4983 = ORIENTED_EDGE('',*,*,#4984,.F.);
#4984 = EDGE_CURVE('',#4985,#4957,#4987,.T.);
#4985 = VERTEX_POINT('',#4986);
#4986 = CARTESIAN_POINT('',(418.,-243.,140.));
#4987 = SURFACE_CURVE('',#4988,(#4992,#4999),.PCURVE_S1.);
#4988 = LINE('',#4989,#4990);
#4989 = CARTESIAN_POINT('',(418.,-243.,140.));
#4990 = VECTOR('',#4991,1.);
#4991 = DIRECTION('',(-0.,1.,0.));
#4992 = PCURVE('',#4865,#4993);
#4993 = DEFINITIONAL_REPRESENTATION('',(#4994),#4998);
#4994 = LINE('',#4995,#4996);
#4995 = CARTESIAN_POINT('',(0.,0.));
#4996 = VECTOR('',#4997,1.);
#4997 = DIRECTION('',(0.,1.));
#4998 = ( GEOMETRIC_REPRESENTATION_CONTEXT(2) 
PARAMETRIC_REPRESENTATION_CONTEXT() REPRESENTATION_CONTEXT('2D SPACE',''
  ) );
#4999 = PCURVE('',#5000,#5005);
#5000 = PLANE('',#5001);
#5001 = AXIS2_PLACEMENT_3D('',#5002,#5003,#5004);
#5002 = CARTESIAN_POINT('',(418.,-243.,140.));
#5003 = DIRECTION('',(1.,0.,-0.));
#5004 = DIRECTION('',(0.,0.,1.));
#5005 = DEFINITIONAL_REPRESENTATION('',(#5006),#5010);
#5006 = LINE('',#5007,#5008);
#5007 = CARTESIAN_POINT('',(0.,0.));
#5008 = VECTOR('',#5009,1.);
#5009 = DIRECTION('',(0.,-1.));
#5010 = ( GEOMETRIC_REPRESENTATION_CONTEXT(2) 
PARAMETRIC_REPRESENTATION_CONTEXT() REPRESENTATION_CONTEXT('2D SPACE',''
  ) );
#5011 = ORIENTED_EDGE('',*,*,#5012,.T.);
#5012 = EDGE_CURVE('',#4985,#5013,#5015,.T.);
#5013 = VERTEX_POINT('',#5014);
#5014 = CARTESIAN_POINT('',(442.,-243.,140.));
#5015 = SURFACE_CURVE('',#5016,(#5020,#5027),.PCURVE_S1.);
#5016 = LINE('',#5017,#5018);
#5017 = CARTESIAN_POINT('',(418.,-243.,140.));
#5018 = VECTOR('',#5019,1.);
#5019 = DIRECTION('',(1.,0.,-0.));
#5020 = PCURVE('',#4865,#5021);
#5021 = DEFINITIONAL_REPRESENTATION('',(#5022),#5026);
#5022 = LINE('',#5023,#5024);
#5023 = CARTESIAN_POINT('',(0.,0.));
#5024 = VECTOR('',#5025,1.);
#5025 = DIRECTION('',(1.,0.));
#5026 = ( GEOMETRIC_REPRESENTATION_CONTEXT(2) 
PARAMETRIC_REPRESENTATION_CONTEXT() REPRESENTATION_CONTEXT('2D SPACE',''
  ) );
#5027 = PCURVE('',#5028,#5033);
#5028 = PLANE('',#5029);
#5029 = AXIS2_PLACEMENT_3D('',#5030,#5031,#5032);
#5030 = CARTESIAN_POINT('',(418.,-243.,140.));
#5031 = DIRECTION('',(-0.,1.,0.));
#5032 = DIRECTION('',(0.,0.,1.));
#5033 = DEFINITIONAL_REPRESENTATION('',(#5034),#5038);
#5034 = LINE('',#5035,#5036);
#5035 = CARTESIAN_POINT('',(0.,0.));
#5036 = VECTOR('',#5037,1.);
#5037 = DIRECTION('',(0.,1.));
#5038 = ( GEOMETRIC_REPRESENTATION_CONTEXT(2) 
PARAMETRIC_REPRESENTATION_CONTEXT() REPRESENTATION_CONTEXT('2D SPACE',''
  ) );
#5039 = ORIENTED_EDGE('',*,*,#5040,.T.);
#5040 = EDGE_CURVE('',#5013,#5041,#5043,.T.);
#5041 = VERTEX_POINT('',#5042);
#5042 = CARTESIAN_POINT('',(442.,-207.,140.));
#5043 = SURFACE_CURVE('',#5044,(#5048,#5055),.PCURVE_S1.);
#5044 = LINE('',#5045,#5046);
#5045 = CARTESIAN_POINT('',(442.,-243.,140.));
#5046 = VECTOR('',#5047,1.);
#5047 = DIRECTION('',(-0.,1.,0.));
#5048 = PCURVE('',#4865,#5049);
#5049 = DEFINITIONAL_REPRESENTATION('',(#5050),#5054);
#5050 = LINE('',#5051,#5052);
#5051 = CARTESIAN_POINT('',(24.,0.));
#5052 = VECTOR('',#5053,1.);
#5053 = DIRECTION('',(0.,1.));
#5054 = ( GEOMETRIC_REPRESENTATION_CONTEXT(2) 
PARAMETRIC_REPRESENTATION_CONTEXT() REPRESENTATION_CONTEXT('2D SPACE',''
  ) );
#5055 = PCURVE('',#5056,#5061);
#5056 = PLANE('',#5057);
#5057 = AXIS2_PLACEMENT_3D('',#5058,#5059,#5060);
#5058 = CARTESIAN_POINT('',(442.,-243.,140.));
#5059 = DIRECTION('',(1.,0.,-0.));
#5060 = DIRECTION('',(0.,0.,1.));
#5061 = DEFINITIONAL_REPRESENTATION('',(#5062),#5066);
#5062 = LINE('',#5063,#5064);
#5063 = CARTESIAN_POINT('',(0.,0.));
#5064 = VECTOR('',#5065,1.);
#5065 = DIRECTION('',(0.,-1.));
#5066 = ( GEOMETRIC_REPRESENTATION_CONTEXT(2) 
PARAMETRIC_REPRESENTATION_CONTEXT() REPRESENTATION_CONTEXT('2D SPACE',''
  ) );
#5067 = ORIENTED_EDGE('',*,*,#5068,.F.);
#5068 = EDGE_CURVE('',#5069,#5041,#5071,.T.);
#5069 = VERTEX_POINT('',#5070);
#5070 = CARTESIAN_POINT('',(440.,-207.,140.));
#5071 = SURFACE_CURVE('',#5072,(#5076,#5083),.PCURVE_S1.);
#5072 = LINE('',#5073,#5074);
#5073 = CARTESIAN_POINT('',(418.,-207.,140.));
#5074 = VECTOR('',#5075,1.);
#5075 = DIRECTION('',(1.,0.,-0.));
#5076 = PCURVE('',#4865,#5077);
#5077 = DEFINITIONAL_REPRESENTATION('',(#5078),#5082);
#5078 = LINE('',#5079,#5080);
#5079 = CARTESIAN_POINT('',(0.,36.));
#5080 = VECTOR('',#5081,1.);
#5081 = DIRECTION('',(1.,0.));
#5082 = ( GEOMETRIC_REPRESENTATION_CONTEXT(2) 
PARAMETRIC_REPRESENTATION_CONTEXT() REPRESENTATION_CONTEXT('2D SPACE',''
  ) );
#5083 = PCURVE('',#4972,#5084);
#5084 = DEFINITIONAL_REPRESENTATION('',(#5085),#5089);
#5085 = LINE('',#5086,#5087);
#5086 = CARTESIAN_POINT('',(0.,0.));
#5087 = VECTOR('',#5088,1.);
#5088 = DIRECTION('',(0.,1.));
#5089 = ( GEOMETRIC_REPRESENTATION_CONTEXT(2) 
PARAMETRIC_REPRESENTATION_CONTEXT() REPRESENTATION_CONTEXT('2D SPACE',''
  ) );
#5090 = ORIENTED_EDGE('',*,*,#5091,.F.);
#5091 = EDGE_CURVE('',#4905,#5069,#5092,.T.);
#5092 = SURFACE_CURVE('',#5093,(#5097,#5104),.PCURVE_S1.);
#5093 = LINE('',#5094,#5095);
#5094 = CARTESIAN_POINT('',(440.,-220.,140.));
#5095 = VECTOR('',#5096,1.);
#5096 = DIRECTION('',(-0.,1.,0.));
#5097 = PCURVE('',#4865,#5098);
#5098 = DEFINITIONAL_REPRESENTATION('',(#5099),#5103);
#5099 = LINE('',#5100,#5101);
#5100 = CARTESIAN_POINT('',(22.,23.));
#5101 = VECTOR('',#5102,1.);
#5102 = DIRECTION('',(0.,1.));
#5103 = ( GEOMETRIC_REPRESENTATION_CONTEXT(2) 
PARAMETRIC_REPRESENTATION_CONTEXT() REPRESENTATION_CONTEXT('2D SPACE',''
  ) );
#5104 = PCURVE('',#4941,#5105);
#5105 = DEFINITIONAL_REPRESENTATION('',(#5106),#5110);
#5106 = LINE('',#5107,#5108);
#5107 = CARTESIAN_POINT('',(10.,0.));
#5108 = VECTOR('',#5109,1.);
#5109 = DIRECTION('',(0.,-1.));
#5110 = ( GEOMETRIC_REPRESENTATION_CONTEXT(2) 
PARAMETRIC_REPRESENTATION_CONTEXT() REPRESENTATION_CONTEXT('2D SPACE',''
  ) );
#5111 = ORIENTED_EDGE('',*,*,#4904,.F.);
#5112 = ORIENTED_EDGE('',*,*,#4851,.T.);
#5113 = ADVANCED_FACE('',(#5114),#4839,.T.);
#5114 = FACE_BOUND('',#5115,.T.);
#5115 = EDGE_LOOP('',(#5116,#5117,#5138,#5161));
#5116 = ORIENTED_EDGE('',*,*,#4823,.F.);
#5117 = ORIENTED_EDGE('',*,*,#5118,.T.);
#5118 = EDGE_CURVE('',#4824,#5069,#5119,.T.);
#5119 = SURFACE_CURVE('',#5120,(#5124,#5131),.PCURVE_S1.);
#5120 = LINE('',#5121,#5122);
#5121 = CARTESIAN_POINT('',(418.,-207.,140.));
#5122 = VECTOR('',#5123,1.);
#5123 = DIRECTION('',(1.,0.,-0.));
#5124 = PCURVE('',#4839,#5125);
#5125 = DEFINITIONAL_REPRESENTATION('',(#5126),#5130);
#5126 = LINE('',#5127,#5128);
#5127 = CARTESIAN_POINT('',(-2.,13.));
#5128 = VECTOR('',#5129,1.);
#5129 = DIRECTION('',(1.,0.));
#5130 = ( GEOMETRIC_REPRESENTATION_CONTEXT(2) 
PARAMETRIC_REPRESENTATION_CONTEXT() REPRESENTATION_CONTEXT('2D SPACE',''
  ) );
#5131 = PCURVE('',#4972,#5132);
#5132 = DEFINITIONAL_REPRESENTATION('',(#5133),#5137);
#5133 = LINE('',#5134,#5135);
#5134 = CARTESIAN_POINT('',(0.,0.));
#5135 = VECTOR('',#5136,1.);
#5136 = DIRECTION('',(0.,1.));
#5137 = ( GEOMETRIC_REPRESENTATION_CONTEXT(2) 
PARAMETRIC_REPRESENTATION_CONTEXT() REPRESENTATION_CONTEXT('2D SPACE',''
  ) );
#5138 = ORIENTED_EDGE('',*,*,#5139,.T.);
#5139 = EDGE_CURVE('',#5069,#5140,#5142,.T.);
#5140 = VERTEX_POINT('',#5141);
#5141 = CARTESIAN_POINT('',(440.,-205.,140.));
#5142 = SURFACE_CURVE('',#5143,(#5147,#5154),.PCURVE_S1.);
#5143 = LINE('',#5144,#5145);
#5144 = CARTESIAN_POINT('',(440.,-220.,140.));
#5145 = VECTOR('',#5146,1.);
#5146 = DIRECTION('',(-0.,1.,0.));
#5147 = PCURVE('',#4839,#5148);
#5148 = DEFINITIONAL_REPRESENTATION('',(#5149),#5153);
#5149 = LINE('',#5150,#5151);
#5150 = CARTESIAN_POINT('',(20.,0.));
#5151 = VECTOR('',#5152,1.);
#5152 = DIRECTION('',(0.,1.));
#5153 = ( GEOMETRIC_REPRESENTATION_CONTEXT(2) 
PARAMETRIC_REPRESENTATION_CONTEXT() REPRESENTATION_CONTEXT('2D SPACE',''
  ) );
#5154 = PCURVE('',#4941,#5155);
#5155 = DEFINITIONAL_REPRESENTATION('',(#5156),#5160);
#5156 = LINE('',#5157,#5158);
#5157 = CARTESIAN_POINT('',(10.,0.));
#5158 = VECTOR('',#5159,1.);
#5159 = DIRECTION('',(0.,-1.));
#5160 = ( GEOMETRIC_REPRESENTATION_CONTEXT(2) 
PARAMETRIC_REPRESENTATION_CONTEXT() REPRESENTATION_CONTEXT('2D SPACE',''
  ) );
#5161 = ORIENTED_EDGE('',*,*,#5162,.F.);
#5162 = EDGE_CURVE('',#4796,#5140,#5163,.T.);
#5163 = SURFACE_CURVE('',#5164,(#5168,#5175),.PCURVE_S1.);
#5164 = LINE('',#5165,#5166);
#5165 = CARTESIAN_POINT('',(420.,-205.,140.));
#5166 = VECTOR('',#5167,1.);
#5167 = DIRECTION('',(1.,0.,-0.));
#5168 = PCURVE('',#4839,#5169);
#5169 = DEFINITIONAL_REPRESENTATION('',(#5170),#5174);
#5170 = LINE('',#5171,#5172);
#5171 = CARTESIAN_POINT('',(0.,15.));
#5172 = VECTOR('',#5173,1.);
#5173 = DIRECTION('',(1.,0.));
#5174 = ( GEOMETRIC_REPRESENTATION_CONTEXT(2) 
PARAMETRIC_REPRESENTATION_CONTEXT() REPRESENTATION_CONTEXT('2D SPACE',''
  ) );
#5175 = PCURVE('',#4811,#5176);
#5176 = DEFINITIONAL_REPRESENTATION('',(#5177),#5181);
#5177 = LINE('',#5178,#5179);
#5178 = CARTESIAN_POINT('',(10.,0.));
#5179 = VECTOR('',#5180,1.);
#5180 = DIRECTION('',(0.,1.));
#5181 = ( GEOMETRIC_REPRESENTATION_CONTEXT(2) 
PARAMETRIC_REPRESENTATION_CONTEXT() REPRESENTATION_CONTEXT('2D SPACE',''
  ) );
#5182 = ADVANCED_FACE('',(#5183),#4811,.T.);
#5183 = FACE_BOUND('',#5184,.T.);
#5184 = EDGE_LOOP('',(#5185,#5208,#5209,#5210));
#5185 = ORIENTED_EDGE('',*,*,#5186,.F.);
#5186 = EDGE_CURVE('',#4768,#5187,#5189,.T.);
#5187 = VERTEX_POINT('',#5188);
#5188 = CARTESIAN_POINT('',(440.,-205.,130.));
#5189 = SURFACE_CURVE('',#5190,(#5194,#5201),.PCURVE_S1.);
#5190 = LINE('',#5191,#5192);
#5191 = CARTESIAN_POINT('',(420.,-205.,130.));
#5192 = VECTOR('',#5193,1.);
#5193 = DIRECTION('',(1.,0.,-0.));
#5194 = PCURVE('',#4811,#5195);
#5195 = DEFINITIONAL_REPRESENTATION('',(#5196),#5200);
#5196 = LINE('',#5197,#5198);
#5197 = CARTESIAN_POINT('',(0.,0.));
#5198 = VECTOR('',#5199,1.);
#5199 = DIRECTION('',(0.,1.));
#5200 = ( GEOMETRIC_REPRESENTATION_CONTEXT(2) 
PARAMETRIC_REPRESENTATION_CONTEXT() REPRESENTATION_CONTEXT('2D SPACE',''
  ) );
#5201 = PCURVE('',#4783,#5202);
#5202 = DEFINITIONAL_REPRESENTATION('',(#5203),#5207);
#5203 = LINE('',#5204,#5205);
#5204 = CARTESIAN_POINT('',(0.,15.));
#5205 = VECTOR('',#5206,1.);
#5206 = DIRECTION('',(1.,0.));
#5207 = ( GEOMETRIC_REPRESENTATION_CONTEXT(2) 
PARAMETRIC_REPRESENTATION_CONTEXT() REPRESENTATION_CONTEXT('2D SPACE',''
  ) );
#5208 = ORIENTED_EDGE('',*,*,#4795,.T.);
#5209 = ORIENTED_EDGE('',*,*,#5162,.T.);
#5210 = ORIENTED_EDGE('',*,*,#5211,.F.);
#5211 = EDGE_CURVE('',#5187,#5140,#5212,.T.);
#5212 = SURFACE_CURVE('',#5213,(#5217,#5224),.PCURVE_S1.);
#5213 = LINE('',#5214,#5215);
#5214 = CARTESIAN_POINT('',(440.,-205.,130.));
#5215 = VECTOR('',#5216,1.);
#5216 = DIRECTION('',(0.,0.,1.));
#5217 = PCURVE('',#4811,#5218);
#5218 = DEFINITIONAL_REPRESENTATION('',(#5219),#5223);
#5219 = LINE('',#5220,#5221);
#5220 = CARTESIAN_POINT('',(0.,20.));
#5221 = VECTOR('',#5222,1.);
#5222 = DIRECTION('',(1.,0.));
#5223 = ( GEOMETRIC_REPRESENTATION_CONTEXT(2) 
PARAMETRIC_REPRESENTATION_CONTEXT() REPRESENTATION_CONTEXT('2D SPACE',''
  ) );
#5224 = PCURVE('',#4941,#5225);
#5225 = DEFINITIONAL_REPRESENTATION('',(#5226),#5230);
#5226 = LINE('',#5227,#5228);
#5227 = CARTESIAN_POINT('',(0.,-15.));
#5228 = VECTOR('',#5229,1.);
#5229 = DIRECTION('',(1.,0.));
#5230 = ( GEOMETRIC_REPRESENTATION_CONTEXT(2) 
PARAMETRIC_REPRESENTATION_CONTEXT() REPRESENTATION_CONTEXT('2D SPACE',''
  ) );
#5231 = ADVANCED_FACE('',(#5232),#4783,.F.);
#5232 = FACE_BOUND('',#5233,.F.);
#5233 = EDGE_LOOP('',(#5234,#5235,#5236,#5257));
#5234 = ORIENTED_EDGE('',*,*,#4767,.F.);
#5235 = ORIENTED_EDGE('',*,*,#4880,.T.);
#5236 = ORIENTED_EDGE('',*,*,#5237,.T.);
#5237 = EDGE_CURVE('',#4881,#5187,#5238,.T.);
#5238 = SURFACE_CURVE('',#5239,(#5243,#5250),.PCURVE_S1.);
#5239 = LINE('',#5240,#5241);
#5240 = CARTESIAN_POINT('',(440.,-220.,130.));
#5241 = VECTOR('',#5242,1.);
#5242 = DIRECTION('',(-0.,1.,0.));
#5243 = PCURVE('',#4783,#5244);
#5244 = DEFINITIONAL_REPRESENTATION('',(#5245),#5249);
#5245 = LINE('',#5246,#5247);
#5246 = CARTESIAN_POINT('',(20.,0.));
#5247 = VECTOR('',#5248,1.);
#5248 = DIRECTION('',(0.,1.));
#5249 = ( GEOMETRIC_REPRESENTATION_CONTEXT(2) 
PARAMETRIC_REPRESENTATION_CONTEXT() REPRESENTATION_CONTEXT('2D SPACE',''
  ) );
#5250 = PCURVE('',#4941,#5251);
#5251 = DEFINITIONAL_REPRESENTATION('',(#5252),#5256);
#5252 = LINE('',#5253,#5254);
#5253 = CARTESIAN_POINT('',(0.,0.));
#5254 = VECTOR('',#5255,1.);
#5255 = DIRECTION('',(0.,-1.));
#5256 = ( GEOMETRIC_REPRESENTATION_CONTEXT(2) 
PARAMETRIC_REPRESENTATION_CONTEXT() REPRESENTATION_CONTEXT('2D SPACE',''
  ) );
#5257 = ORIENTED_EDGE('',*,*,#5186,.F.);
#5258 = ADVANCED_FACE('',(#5259),#4941,.T.);
#5259 = FACE_BOUND('',#5260,.T.);
#5260 = EDGE_LOOP('',(#5261,#5262,#5263,#5264,#5265));
#5261 = ORIENTED_EDGE('',*,*,#4927,.F.);
#5262 = ORIENTED_EDGE('',*,*,#5237,.T.);
#5263 = ORIENTED_EDGE('',*,*,#5211,.T.);
#5264 = ORIENTED_EDGE('',*,*,#5139,.F.);
#5265 = ORIENTED_EDGE('',*,*,#5091,.F.);
#5266 = ADVANCED_FACE('',(#5267),#4972,.T.);
#5267 = FACE_BOUND('',#5268,.T.);
#5268 = EDGE_LOOP('',(#5269,#5270,#5293,#5321,#5342,#5343));
#5269 = ORIENTED_EDGE('',*,*,#4956,.F.);
#5270 = ORIENTED_EDGE('',*,*,#5271,.T.);
#5271 = EDGE_CURVE('',#4957,#5272,#5274,.T.);
#5272 = VERTEX_POINT('',#5273);
#5273 = CARTESIAN_POINT('',(418.,-207.,180.));
#5274 = SURFACE_CURVE('',#5275,(#5279,#5286),.PCURVE_S1.);
#5275 = LINE('',#5276,#5277);
#5276 = CARTESIAN_POINT('',(418.,-207.,140.));
#5277 = VECTOR('',#5278,1.);
#5278 = DIRECTION('',(0.,0.,1.));
#5279 = PCURVE('',#4972,#5280);
#5280 = DEFINITIONAL_REPRESENTATION('',(#5281),#5285);
#5281 = LINE('',#5282,#5283);
#5282 = CARTESIAN_POINT('',(0.,0.));
#5283 = VECTOR('',#5284,1.);
#5284 = DIRECTION('',(1.,0.));
#5285 = ( GEOMETRIC_REPRESENTATION_CONTEXT(2) 
PARAMETRIC_REPRESENTATION_CONTEXT() REPRESENTATION_CONTEXT('2D SPACE',''
  ) );
#5286 = PCURVE('',#5000,#5287);
#5287 = DEFINITIONAL_REPRESENTATION('',(#5288),#5292);
#5288 = LINE('',#5289,#5290);
#5289 = CARTESIAN_POINT('',(0.,-36.));
#5290 = VECTOR('',#5291,1.);
#5291 = DIRECTION('',(1.,0.));
#5292 = ( GEOMETRIC_REPRESENTATION_CONTEXT(2) 
PARAMETRIC_REPRESENTATION_CONTEXT() REPRESENTATION_CONTEXT('2D SPACE',''
  ) );
#5293 = ORIENTED_EDGE('',*,*,#5294,.T.);
#5294 = EDGE_CURVE('',#5272,#5295,#5297,.T.);
#5295 = VERTEX_POINT('',#5296);
#5296 = CARTESIAN_POINT('',(442.,-207.,180.));
#5297 = SURFACE_CURVE('',#5298,(#5302,#5309),.PCURVE_S1.);
#5298 = LINE('',#5299,#5300);
#5299 = CARTESIAN_POINT('',(418.,-207.,180.));
#5300 = VECTOR('',#5301,1.);
#5301 = DIRECTION('',(1.,0.,-0.));
#5302 = PCURVE('',#4972,#5303);
#5303 = DEFINITIONAL_REPRESENTATION('',(#5304),#5308);
#5304 = LINE('',#5305,#5306);
#5305 = CARTESIAN_POINT('',(40.,0.));
#5306 = VECTOR('',#5307,1.);
#5307 = DIRECTION('',(0.,1.));
#5308 = ( GEOMETRIC_REPRESENTATION_CONTEXT(2) 
PARAMETRIC_REPRESENTATION_CONTEXT() REPRESENTATION_CONTEXT('2D SPACE',''
  ) );
#5309 = PCURVE('',#5310,#5315);
#5310 = PLANE('',#5311);
#5311 = AXIS2_PLACEMENT_3D('',#5312,#5313,#5314);
#5312 = CARTESIAN_POINT('',(418.,-243.,180.));
#5313 = DIRECTION('',(0.,0.,1.));
#5314 = DIRECTION('',(1.,0.,-0.));
#5315 = DEFINITIONAL_REPRESENTATION('',(#5316),#5320);
#5316 = LINE('',#5317,#5318);
#5317 = CARTESIAN_POINT('',(0.,36.));
#5318 = VECTOR('',#5319,1.);
#5319 = DIRECTION('',(1.,0.));
#5320 = ( GEOMETRIC_REPRESENTATION_CONTEXT(2) 
PARAMETRIC_REPRESENTATION_CONTEXT() REPRESENTATION_CONTEXT('2D SPACE',''
  ) );
#5321 = ORIENTED_EDGE('',*,*,#5322,.F.);
#5322 = EDGE_CURVE('',#5041,#5295,#5323,.T.);
#5323 = SURFACE_CURVE('',#5324,(#5328,#5335),.PCURVE_S1.);
#5324 = LINE('',#5325,#5326);
#5325 = CARTESIAN_POINT('',(442.,-207.,140.));
#5326 = VECTOR('',#5327,1.);
#5327 = DIRECTION('',(0.,0.,1.));
#5328 = PCURVE('',#4972,#5329);
#5329 = DEFINITIONAL_REPRESENTATION('',(#5330),#5334);
#5330 = LINE('',#5331,#5332);
#5331 = CARTESIAN_POINT('',(0.,24.));
#5332 = VECTOR('',#5333,1.);
#5333 = DIRECTION('',(1.,0.));
#5334 = ( GEOMETRIC_REPRESENTATION_CONTEXT(2) 
PARAMETRIC_REPRESENTATION_CONTEXT() REPRESENTATION_CONTEXT('2D SPACE',''
  ) );
#5335 = PCURVE('',#5056,#5336);
#5336 = DEFINITIONAL_REPRESENTATION('',(#5337),#5341);
#5337 = LINE('',#5338,#5339);
#5338 = CARTESIAN_POINT('',(0.,-36.));
#5339 = VECTOR('',#5340,1.);
#5340 = DIRECTION('',(1.,0.));
#5341 = ( GEOMETRIC_REPRESENTATION_CONTEXT(2) 
PARAMETRIC_REPRESENTATION_CONTEXT() REPRESENTATION_CONTEXT('2D SPACE',''
  ) );
#5342 = ORIENTED_EDGE('',*,*,#5068,.F.);
#5343 = ORIENTED_EDGE('',*,*,#5118,.F.);
#5344 = ADVANCED_FACE('',(#5345),#5056,.T.);
#5345 = FACE_BOUND('',#5346,.T.);
#5346 = EDGE_LOOP('',(#5347,#5370,#5371,#5372));
#5347 = ORIENTED_EDGE('',*,*,#5348,.F.);
#5348 = EDGE_CURVE('',#5013,#5349,#5351,.T.);
#5349 = VERTEX_POINT('',#5350);
#5350 = CARTESIAN_POINT('',(442.,-243.,180.));
#5351 = SURFACE_CURVE('',#5352,(#5356,#5363),.PCURVE_S1.);
#5352 = LINE('',#5353,#5354);
#5353 = CARTESIAN_POINT('',(442.,-243.,140.));
#5354 = VECTOR('',#5355,1.);
#5355 = DIRECTION('',(0.,0.,1.));
#5356 = PCURVE('',#5056,#5357);
#5357 = DEFINITIONAL_REPRESENTATION('',(#5358),#5362);
#5358 = LINE('',#5359,#5360);
#5359 = CARTESIAN_POINT('',(0.,0.));
#5360 = VECTOR('',#5361,1.);
#5361 = DIRECTION('',(1.,0.));
#5362 = ( GEOMETRIC_REPRESENTATION_CONTEXT(2) 
PARAMETRIC_REPRESENTATION_CONTEXT() REPRESENTATION_CONTEXT('2D SPACE',''
  ) );
#5363 = PCURVE('',#5028,#5364);
#5364 = DEFINITIONAL_REPRESENTATION('',(#5365),#5369);
#5365 = LINE('',#5366,#5367);
#5366 = CARTESIAN_POINT('',(0.,24.));
#5367 = VECTOR('',#5368,1.);
#5368 = DIRECTION('',(1.,0.));
#5369 = ( GEOMETRIC_REPRESENTATION_CONTEXT(2) 
PARAMETRIC_REPRESENTATION_CONTEXT() REPRESENTATION_CONTEXT('2D SPACE',''
  ) );
#5370 = ORIENTED_EDGE('',*,*,#5040,.T.);
#5371 = ORIENTED_EDGE('',*,*,#5322,.T.);
#5372 = ORIENTED_EDGE('',*,*,#5373,.F.);
#5373 = EDGE_CURVE('',#5349,#5295,#5374,.T.);
#5374 = SURFACE_CURVE('',#5375,(#5379,#5386),.PCURVE_S1.);
#5375 = LINE('',#5376,#5377);
#5376 = CARTESIAN_POINT('',(442.,-243.,180.));
#5377 = VECTOR('',#5378,1.);
#5378 = DIRECTION('',(-0.,1.,0.));
#5379 = PCURVE('',#5056,#5380);
#5380 = DEFINITIONAL_REPRESENTATION('',(#5381),#5385);
#5381 = LINE('',#5382,#5383);
#5382 = CARTESIAN_POINT('',(40.,0.));
#5383 = VECTOR('',#5384,1.);
#5384 = DIRECTION('',(0.,-1.));
#5385 = ( GEOMETRIC_REPRESENTATION_CONTEXT(2) 
PARAMETRIC_REPRESENTATION_CONTEXT() REPRESENTATION_CONTEXT('2D SPACE',''
  ) );
#5386 = PCURVE('',#5310,#5387);
#5387 = DEFINITIONAL_REPRESENTATION('',(#5388),#5392);
#5388 = LINE('',#5389,#5390);
#5389 = CARTESIAN_POINT('',(24.,0.));
#5390 = VECTOR('',#5391,1.);
#5391 = DIRECTION('',(0.,1.));
#5392 = ( GEOMETRIC_REPRESENTATION_CONTEXT(2) 
PARAMETRIC_REPRESENTATION_CONTEXT() REPRESENTATION_CONTEXT('2D SPACE',''
  ) );
#5393 = ADVANCED_FACE('',(#5394),#5028,.F.);
#5394 = FACE_BOUND('',#5395,.F.);
#5395 = EDGE_LOOP('',(#5396,#5397,#5420,#5441));
#5396 = ORIENTED_EDGE('',*,*,#5012,.F.);
#5397 = ORIENTED_EDGE('',*,*,#5398,.T.);
#5398 = EDGE_CURVE('',#4985,#5399,#5401,.T.);
#5399 = VERTEX_POINT('',#5400);
#5400 = CARTESIAN_POINT('',(418.,-243.,180.));
#5401 = SURFACE_CURVE('',#5402,(#5406,#5413),.PCURVE_S1.);
#5402 = LINE('',#5403,#5404);
#5403 = CARTESIAN_POINT('',(418.,-243.,140.));
#5404 = VECTOR('',#5405,1.);
#5405 = DIRECTION('',(0.,0.,1.));
#5406 = PCURVE('',#5028,#5407);
#5407 = DEFINITIONAL_REPRESENTATION('',(#5408),#5412);
#5408 = LINE('',#5409,#5410);
#5409 = CARTESIAN_POINT('',(0.,0.));
#5410 = VECTOR('',#5411,1.);
#5411 = DIRECTION('',(1.,0.));
#5412 = ( GEOMETRIC_REPRESENTATION_CONTEXT(2) 
PARAMETRIC_REPRESENTATION_CONTEXT() REPRESENTATION_CONTEXT('2D SPACE',''
  ) );
#5413 = PCURVE('',#5000,#5414);
#5414 = DEFINITIONAL_REPRESENTATION('',(#5415),#5419);
#5415 = LINE('',#5416,#5417);
#5416 = CARTESIAN_POINT('',(0.,0.));
#5417 = VECTOR('',#5418,1.);
#5418 = DIRECTION('',(1.,0.));
#5419 = ( GEOMETRIC_REPRESENTATION_CONTEXT(2) 
PARAMETRIC_REPRESENTATION_CONTEXT() REPRESENTATION_CONTEXT('2D SPACE',''
  ) );
#5420 = ORIENTED_EDGE('',*,*,#5421,.T.);
#5421 = EDGE_CURVE('',#5399,#5349,#5422,.T.);
#5422 = SURFACE_CURVE('',#5423,(#5427,#5434),.PCURVE_S1.);
#5423 = LINE('',#5424,#5425);
#5424 = CARTESIAN_POINT('',(418.,-243.,180.));
#5425 = VECTOR('',#5426,1.);
#5426 = DIRECTION('',(1.,0.,-0.));
#5427 = PCURVE('',#5028,#5428);
#5428 = DEFINITIONAL_REPRESENTATION('',(#5429),#5433);
#5429 = LINE('',#5430,#5431);
#5430 = CARTESIAN_POINT('',(40.,0.));
#5431 = VECTOR('',#5432,1.);
#5432 = DIRECTION('',(0.,1.));
#5433 = ( GEOMETRIC_REPRESENTATION_CONTEXT(2) 
PARAMETRIC_REPRESENTATION_CONTEXT() REPRESENTATION_CONTEXT('2D SPACE',''
  ) );
#5434 = PCURVE('',#5310,#5435);
#5435 = DEFINITIONAL_REPRESENTATION('',(#5436),#5440);
#5436 = LINE('',#5437,#5438);
#5437 = CARTESIAN_POINT('',(0.,0.));
#5438 = VECTOR('',#5439,1.);
#5439 = DIRECTION('',(1.,0.));
#5440 = ( GEOMETRIC_REPRESENTATION_CONTEXT(2) 
PARAMETRIC_REPRESENTATION_CONTEXT() REPRESENTATION_CONTEXT('2D SPACE',''
  ) );
#5441 = ORIENTED_EDGE('',*,*,#5348,.F.);
#5442 = ADVANCED_FACE('',(#5443),#5000,.F.);
#5443 = FACE_BOUND('',#5444,.F.);
#5444 = EDGE_LOOP('',(#5445,#5446,#5447,#5448));
#5445 = ORIENTED_EDGE('',*,*,#5398,.F.);
#5446 = ORIENTED_EDGE('',*,*,#4984,.T.);
#5447 = ORIENTED_EDGE('',*,*,#5271,.T.);
#5448 = ORIENTED_EDGE('',*,*,#5449,.F.);
#5449 = EDGE_CURVE('',#5399,#5272,#5450,.T.);
#5450 = SURFACE_CURVE('',#5451,(#5455,#5462),.PCURVE_S1.);
#5451 = LINE('',#5452,#5453);
#5452 = CARTESIAN_POINT('',(418.,-243.,180.));
#5453 = VECTOR('',#5454,1.);
#5454 = DIRECTION('',(-0.,1.,0.));
#5455 = PCURVE('',#5000,#5456);
#5456 = DEFINITIONAL_REPRESENTATION('',(#5457),#5461);
#5457 = LINE('',#5458,#5459);
#5458 = CARTESIAN_POINT('',(40.,0.));
#5459 = VECTOR('',#5460,1.);
#5460 = DIRECTION('',(0.,-1.));
#5461 = ( GEOMETRIC_REPRESENTATION_CONTEXT(2) 
PARAMETRIC_REPRESENTATION_CONTEXT() REPRESENTATION_CONTEXT('2D SPACE',''
  ) );
#5462 = PCURVE('',#5310,#5463);
#5463 = DEFINITIONAL_REPRESENTATION('',(#5464),#5468);
#5464 = LINE('',#5465,#5466);
#5465 = CARTESIAN_POINT('',(0.,0.));
#5466 = VECTOR('',#5467,1.);
#5467 = DIRECTION('',(0.,1.));
#5468 = ( GEOMETRIC_REPRESENTATION_CONTEXT(2) 
PARAMETRIC_REPRESENTATION_CONTEXT() REPRESENTATION_CONTEXT('2D SPACE',''
  ) );
#5469 = ADVANCED_FACE('',(#5470),#5310,.T.);
#5470 = FACE_BOUND('',#5471,.T.);
#5471 = EDGE_LOOP('',(#5472,#5473,#5474,#5475));
#5472 = ORIENTED_EDGE('',*,*,#5449,.F.);
#5473 = ORIENTED_EDGE('',*,*,#5421,.T.);
#5474 = ORIENTED_EDGE('',*,*,#5373,.T.);
#5475 = ORIENTED_EDGE('',*,*,#5294,.F.);
#5476 = ( GEOMETRIC_REPRESENTATION_CONTEXT(3) 
GLOBAL_UNCERTAINTY_ASSIGNED_CONTEXT((#5480)) 
GLOBAL_UNIT_ASSIGNED_CONTEXT((#5477,#5478,#5479)) REPRESENTATION_CONTEXT
('Context #1','3D Context with UNIT and UNCERTAINTY') );
#5477 = ( LENGTH_UNIT() NAMED_UNIT(*) SI_UNIT(.MILLI.,.METRE.) );
#5478 = ( NAMED_UNIT(*) PLANE_ANGLE_UNIT() SI_UNIT($,.RADIAN.) );
#5479 = ( NAMED_UNIT(*) SI_UNIT($,.STERADIAN.) SOLID_ANGLE_UNIT() );
#5480 = UNCERTAINTY_MEASURE_WITH_UNIT(LENGTH_MEASURE(1.E-07),#5477,
  'distance_accuracy_value','confusion accuracy');
#5481 = CONTEXT_DEPENDENT_SHAPE_REPRESENTATION(#5482,#5484);
#5482 = ( REPRESENTATION_RELATIONSHIP('','',#3975,#10) 
REPRESENTATION_RELATIONSHIP_WITH_TRANSFORMATION(#5483) 
SHAPE_REPRESENTATION_RELATIONSHIP() );
#5483 = ITEM_DEFINED_TRANSFORMATION('','',#11,#27);
#5484 = PRODUCT_DEFINITION_SHAPE('Placement','Placement of an item',
  #5485);
#5485 = NEXT_ASSEMBLY_USAGE_OCCURRENCE('131','=>[0:1:1:5]','',#5,#3970,$
  );
#5486 = PRODUCT_RELATED_PRODUCT_CATEGORY('part',$,(#3972));
#5487 = SHAPE_DEFINITION_REPRESENTATION(#5488,#5494);
#5488 = PRODUCT_DEFINITION_SHAPE('','',#5489);
#5489 = PRODUCT_DEFINITION('design','',#5490,#5493);
#5490 = PRODUCT_DEFINITION_FORMATION('','',#5491);
#5491 = PRODUCT('COMPOUND','COMPOUND','',(#5492));
#5492 = PRODUCT_CONTEXT('',#2,'mechanical');
#5493 = PRODUCT_DEFINITION_CONTEXT('part definition',#2,'design');
#5494 = ADVANCED_BREP_SHAPE_REPRESENTATION('',(#11,#5495),#5593);
#5495 = MANIFOLD_SOLID_BREP('',#5496);
#5496 = CLOSED_SHELL('',(#5497,#5585,#5589));
#5497 = ADVANCED_FACE('',(#5498),#5511,.T.);
#5498 = FACE_BOUND('',#5499,.T.);
#5499 = EDGE_LOOP('',(#5500,#5534,#5557,#5584));
#5500 = ORIENTED_EDGE('',*,*,#5501,.F.);
#5501 = EDGE_CURVE('',#5502,#5502,#5504,.T.);
#5502 = VERTEX_POINT('',#5503);
#5503 = CARTESIAN_POINT('',(28.,-6.858022075225E-15,20.5));
#5504 = SURFACE_CURVE('',#5505,(#5510,#5522),.PCURVE_S1.);
#5505 = CIRCLE('',#5506,28.);
#5506 = AXIS2_PLACEMENT_3D('',#5507,#5508,#5509);
#5507 = CARTESIAN_POINT('',(0.,0.,20.5));
#5508 = DIRECTION('',(0.,0.,1.));
#5509 = DIRECTION('',(1.,0.,-0.));
#5510 = PCURVE('',#5511,#5516);
#5511 = CYLINDRICAL_SURFACE('',#5512,28.);
#5512 = AXIS2_PLACEMENT_3D('',#5513,#5514,#5515);
#5513 = CARTESIAN_POINT('',(0.,0.,-20.5));
#5514 = DIRECTION('',(0.,0.,1.));
#5515 = DIRECTION('',(1.,0.,-0.));
#5516 = DEFINITIONAL_REPRESENTATION('',(#5517),#5521);
#5517 = LINE('',#5518,#5519);
#5518 = CARTESIAN_POINT('',(0.,41.));
#5519 = VECTOR('',#5520,1.);
#5520 = DIRECTION('',(1.,0.));
#5521 = ( GEOMETRIC_REPRESENTATION_CONTEXT(2) 
PARAMETRIC_REPRESENTATION_CONTEXT() REPRESENTATION_CONTEXT('2D SPACE',''
  ) );
#5522 = PCURVE('',#5523,#5528);
#5523 = PLANE('',#5524);
#5524 = AXIS2_PLACEMENT_3D('',#5525,#5526,#5527);
#5525 = CARTESIAN_POINT('',(0.,0.,20.5));
#5526 = DIRECTION('',(0.,0.,1.));
#5527 = DIRECTION('',(1.,0.,-0.));
#5528 = DEFINITIONAL_REPRESENTATION('',(#5529),#5533);
#5529 = CIRCLE('',#5530,28.);
#5530 = AXIS2_PLACEMENT_2D('',#5531,#5532);
#5531 = CARTESIAN_POINT('',(0.,0.));
#5532 = DIRECTION('',(1.,0.));
#5533 = ( GEOMETRIC_REPRESENTATION_CONTEXT(2) 
PARAMETRIC_REPRESENTATION_CONTEXT() REPRESENTATION_CONTEXT('2D SPACE',''
  ) );
#5534 = ORIENTED_EDGE('',*,*,#5535,.F.);
#5535 = EDGE_CURVE('',#5536,#5502,#5538,.T.);
#5536 = VERTEX_POINT('',#5537);
#5537 = CARTESIAN_POINT('',(28.,-6.858022075225E-15,-20.5));
#5538 = SEAM_CURVE('',#5539,(#5543,#5550),.PCURVE_S1.);
#5539 = LINE('',#5540,#5541);
#5540 = CARTESIAN_POINT('',(28.,-6.858022075225E-15,-20.5));
#5541 = VECTOR('',#5542,1.);
#5542 = DIRECTION('',(0.,0.,1.));
#5543 = PCURVE('',#5511,#5544);
#5544 = DEFINITIONAL_REPRESENTATION('',(#5545),#5549);
#5545 = LINE('',#5546,#5547);
#5546 = CARTESIAN_POINT('',(6.28318530718,-0.));
#5547 = VECTOR('',#5548,1.);
#5548 = DIRECTION('',(0.,1.));
#5549 = ( GEOMETRIC_REPRESENTATION_CONTEXT(2) 
PARAMETRIC_REPRESENTATION_CONTEXT() REPRESENTATION_CONTEXT('2D SPACE',''
  ) );
#5550 = PCURVE('',#5511,#5551);
#5551 = DEFINITIONAL_REPRESENTATION('',(#5552),#5556);
#5552 = LINE('',#5553,#5554);
#5553 = CARTESIAN_POINT('',(0.,-0.));
#5554 = VECTOR('',#5555,1.);
#5555 = DIRECTION('',(0.,1.));
#5556 = ( GEOMETRIC_REPRESENTATION_CONTEXT(2) 
PARAMETRIC_REPRESENTATION_CONTEXT() REPRESENTATION_CONTEXT('2D SPACE',''
  ) );
#5557 = ORIENTED_EDGE('',*,*,#5558,.T.);
#5558 = EDGE_CURVE('',#5536,#5536,#5559,.T.);
#5559 = SURFACE_CURVE('',#5560,(#5565,#5572),.PCURVE_S1.);
#5560 = CIRCLE('',#5561,28.);
#5561 = AXIS2_PLACEMENT_3D('',#5562,#5563,#5564);
#5562 = CARTESIAN_POINT('',(0.,0.,-20.5));
#5563 = DIRECTION('',(0.,0.,1.));
#5564 = DIRECTION('',(1.,0.,-0.));
#5565 = PCURVE('',#5511,#5566);
#5566 = DEFINITIONAL_REPRESENTATION('',(#5567),#5571);
#5567 = LINE('',#5568,#5569);
#5568 = CARTESIAN_POINT('',(0.,0.));
#5569 = VECTOR('',#5570,1.);
#5570 = DIRECTION('',(1.,0.));
#5571 = ( GEOMETRIC_REPRESENTATION_CONTEXT(2) 
PARAMETRIC_REPRESENTATION_CONTEXT() REPRESENTATION_CONTEXT('2D SPACE',''
  ) );
#5572 = PCURVE('',#5573,#5578);
#5573 = PLANE('',#5574);
#5574 = AXIS2_PLACEMENT_3D('',#5575,#5576,#5577);
#5575 = CARTESIAN_POINT('',(0.,0.,-20.5));
#5576 = DIRECTION('',(0.,0.,1.));
#5577 = DIRECTION('',(1.,0.,-0.));
#5578 = DEFINITIONAL_REPRESENTATION('',(#5579),#5583);
#5579 = CIRCLE('',#5580,28.);
#5580 = AXIS2_PLACEMENT_2D('',#5581,#5582);
#5581 = CARTESIAN_POINT('',(0.,0.));
#5582 = DIRECTION('',(1.,0.));
#5583 = ( GEOMETRIC_REPRESENTATION_CONTEXT(2) 
PARAMETRIC_REPRESENTATION_CONTEXT() REPRESENTATION_CONTEXT('2D SPACE',''
  ) );
#5584 = ORIENTED_EDGE('',*,*,#5535,.T.);
#5585 = ADVANCED_FACE('',(#5586),#5523,.T.);
#5586 = FACE_BOUND('',#5587,.T.);
#5587 = EDGE_LOOP('',(#5588));
#5588 = ORIENTED_EDGE('',*,*,#5501,.T.);
#5589 = ADVANCED_FACE('',(#5590),#5573,.F.);
#5590 = FACE_BOUND('',#5591,.T.);
#5591 = EDGE_LOOP('',(#5592));
#5592 = ORIENTED_EDGE('',*,*,#5558,.F.);
#5593 = ( GEOMETRIC_REPRESENTATION_CONTEXT(3) 
GLOBAL_UNCERTAINTY_ASSIGNED_CONTEXT((#5597)) 
GLOBAL_UNIT_ASSIGNED_CONTEXT((#5594,#5595,#5596)) REPRESENTATION_CONTEXT
('Context #1','3D Context with UNIT and UNCERTAINTY') );
#5594 = ( LENGTH_UNIT() NAMED_UNIT(*) SI_UNIT(.MILLI.,.METRE.) );
#5595 = ( NAMED_UNIT(*) PLANE_ANGLE_UNIT() SI_UNIT($,.RADIAN.) );
#5596 = ( NAMED_UNIT(*) SI_UNIT($,.STERADIAN.) SOLID_ANGLE_UNIT() );
#5597 = UNCERTAINTY_MEASURE_WITH_UNIT(LENGTH_MEASURE(1.E-07),#5594,
  'distance_accuracy_value','confusion accuracy');
#5598 = CONTEXT_DEPENDENT_SHAPE_REPRESENTATION(#5599,#5601);
#5599 = ( REPRESENTATION_RELATIONSHIP('','',#5494,#10) 
REPRESENTATION_RELATIONSHIP_WITH_TRANSFORMATION(#5600) 
SHAPE_REPRESENTATION_RELATIONSHIP() );
#5600 = ITEM_DEFINED_TRANSFORMATION('','',#11,#31);
#5601 = PRODUCT_DEFINITION_SHAPE('Placement','Placement of an item',
  #5602);
#5602 = NEXT_ASSEMBLY_USAGE_OCCURRENCE('132','=>[0:1:1:6]','',#5,#5489,$
  );
#5603 = PRODUCT_RELATED_PRODUCT_CATEGORY('part',$,(#5491));
#5604 = SHAPE_DEFINITION_REPRESENTATION(#5605,#5611);
#5605 = PRODUCT_DEFINITION_SHAPE('','',#5606);
#5606 = PRODUCT_DEFINITION('design','',#5607,#5610);
#5607 = PRODUCT_DEFINITION_FORMATION('','',#5608);
#5608 = PRODUCT('COMPOUND','COMPOUND','',(#5609));
#5609 = PRODUCT_CONTEXT('',#2,'mechanical');
#5610 = PRODUCT_DEFINITION_CONTEXT('part definition',#2,'design');
#5611 = ADVANCED_BREP_SHAPE_REPRESENTATION('',(#11,#5612),#6410);
#5612 = MANIFOLD_SOLID_BREP('',#5613);
#5613 = CLOSED_SHELL('',(#5614,#5841,#5917,#5966,#6015,#6115,#6122,#6227
    ,#6276,#6349,#6376,#6403));
#5614 = ADVANCED_FACE('',(#5615),#5629,.F.);
#5615 = FACE_BOUND('',#5616,.F.);
#5616 = EDGE_LOOP('',(#5617,#5652,#5680,#5708,#5736,#5764,#5787,#5815));
#5617 = ORIENTED_EDGE('',*,*,#5618,.F.);
#5618 = EDGE_CURVE('',#5619,#5621,#5623,.T.);
#5619 = VERTEX_POINT('',#5620);
#5620 = CARTESIAN_POINT('',(420.,-25.,173.5));
#5621 = VERTEX_POINT('',#5622);
#5622 = CARTESIAN_POINT('',(420.,-25.,179.5));
#5623 = SURFACE_CURVE('',#5624,(#5628,#5640),.PCURVE_S1.);
#5624 = LINE('',#5625,#5626);
#5625 = CARTESIAN_POINT('',(420.,-25.,173.5));
#5626 = VECTOR('',#5627,1.);
#5627 = DIRECTION('',(0.,0.,1.));
#5628 = PCURVE('',#5629,#5634);
#5629 = PLANE('',#5630);
#5630 = AXIS2_PLACEMENT_3D('',#5631,#5632,#5633);
#5631 = CARTESIAN_POINT('',(420.,-25.,173.5));
#5632 = DIRECTION('',(1.,0.,-0.));
#5633 = DIRECTION('',(0.,0.,1.));
#5634 = DEFINITIONAL_REPRESENTATION('',(#5635),#5639);
#5635 = LINE('',#5636,#5637);
#5636 = CARTESIAN_POINT('',(0.,0.));
#5637 = VECTOR('',#5638,1.);
#5638 = DIRECTION('',(1.,0.));
#5639 = ( GEOMETRIC_REPRESENTATION_CONTEXT(2) 
PARAMETRIC_REPRESENTATION_CONTEXT() REPRESENTATION_CONTEXT('2D SPACE',''
  ) );
#5640 = PCURVE('',#5641,#5646);
#5641 = PLANE('',#5642);
#5642 = AXIS2_PLACEMENT_3D('',#5643,#5644,#5645);
#5643 = CARTESIAN_POINT('',(420.,-25.,173.5));
#5644 = DIRECTION('',(-0.,1.,0.));
#5645 = DIRECTION('',(0.,0.,1.));
#5646 = DEFINITIONAL_REPRESENTATION('',(#5647),#5651);
#5647 = LINE('',#5648,#5649);
#5648 = CARTESIAN_POINT('',(0.,0.));
#5649 = VECTOR('',#5650,1.);
#5650 = DIRECTION('',(1.,0.));
#5651 = ( GEOMETRIC_REPRESENTATION_CONTEXT(2) 
PARAMETRIC_REPRESENTATION_CONTEXT() REPRESENTATION_CONTEXT('2D SPACE',''
  ) );
#5652 = ORIENTED_EDGE('',*,*,#5653,.T.);
#5653 = EDGE_CURVE('',#5619,#5654,#5656,.T.);
#5654 = VERTEX_POINT('',#5655);
#5655 = CARTESIAN_POINT('',(420.,-20.,173.5));
#5656 = SURFACE_CURVE('',#5657,(#5661,#5668),.PCURVE_S1.);
#5657 = LINE('',#5658,#5659);
#5658 = CARTESIAN_POINT('',(420.,-25.,173.5));
#5659 = VECTOR('',#5660,1.);
#5660 = DIRECTION('',(-0.,1.,0.));
#5661 = PCURVE('',#5629,#5662);
#5662 = DEFINITIONAL_REPRESENTATION('',(#5663),#5667);
#5663 = LINE('',#5664,#5665);
#5664 = CARTESIAN_POINT('',(0.,0.));
#5665 = VECTOR('',#5666,1.);
#5666 = DIRECTION('',(0.,-1.));
#5667 = ( GEOMETRIC_REPRESENTATION_CONTEXT(2) 
PARAMETRIC_REPRESENTATION_CONTEXT() REPRESENTATION_CONTEXT('2D SPACE',''
  ) );
#5668 = PCURVE('',#5669,#5674);
#5669 = PLANE('',#5670);
#5670 = AXIS2_PLACEMENT_3D('',#5671,#5672,#5673);
#5671 = CARTESIAN_POINT('',(420.,-25.,173.5));
#5672 = DIRECTION('',(0.,0.,1.));
#5673 = DIRECTION('',(1.,0.,-0.));
#5674 = DEFINITIONAL_REPRESENTATION('',(#5675),#5679);
#5675 = LINE('',#5676,#5677);
#5676 = CARTESIAN_POINT('',(0.,0.));
#5677 = VECTOR('',#5678,1.);
#5678 = DIRECTION('',(0.,1.));
#5679 = ( GEOMETRIC_REPRESENTATION_CONTEXT(2) 
PARAMETRIC_REPRESENTATION_CONTEXT() REPRESENTATION_CONTEXT('2D SPACE',''
  ) );
#5680 = ORIENTED_EDGE('',*,*,#5681,.F.);
#5681 = EDGE_CURVE('',#5682,#5654,#5684,.T.);
#5682 = VERTEX_POINT('',#5683);
#5683 = CARTESIAN_POINT('',(420.,-20.,130.));
#5684 = SURFACE_CURVE('',#5685,(#5689,#5696),.PCURVE_S1.);
#5685 = LINE('',#5686,#5687);
#5686 = CARTESIAN_POINT('',(420.,-20.,130.));
#5687 = VECTOR('',#5688,1.);
#5688 = DIRECTION('',(0.,0.,1.));
#5689 = PCURVE('',#5629,#5690);
#5690 = DEFINITIONAL_REPRESENTATION('',(#5691),#5695);
#5691 = LINE('',#5692,#5693);
#5692 = CARTESIAN_POINT('',(-43.5,-5.));
#5693 = VECTOR('',#5694,1.);
#5694 = DIRECTION('',(1.,0.));
#5695 = ( GEOMETRIC_REPRESENTATION_CONTEXT(2) 
PARAMETRIC_REPRESENTATION_CONTEXT() REPRESENTATION_CONTEXT('2D SPACE',''
  ) );
#5696 = PCURVE('',#5697,#5702);
#5697 = PLANE('',#5698);
#5698 = AXIS2_PLACEMENT_3D('',#5699,#5700,#5701);
#5699 = CARTESIAN_POINT('',(420.,-20.,130.));
#5700 = DIRECTION('',(-0.,1.,0.));
#5701 = DIRECTION('',(0.,0.,1.));
#5702 = DEFINITIONAL_REPRESENTATION('',(#5703),#5707);
#5703 = LINE('',#5704,#5705);
#5704 = CARTESIAN_POINT('',(0.,0.));
#5705 = VECTOR('',#5706,1.);
#5706 = DIRECTION('',(1.,0.));
#5707 = ( GEOMETRIC_REPRESENTATION_CONTEXT(2) 
PARAMETRIC_REPRESENTATION_CONTEXT() REPRESENTATION_CONTEXT('2D SPACE',''
  ) );
#5708 = ORIENTED_EDGE('',*,*,#5709,.T.);
#5709 = EDGE_CURVE('',#5682,#5710,#5712,.T.);
#5710 = VERTEX_POINT('',#5711);
#5711 = CARTESIAN_POINT('',(420.,20.,130.));
#5712 = SURFACE_CURVE('',#5713,(#5717,#5724),.PCURVE_S1.);
#5713 = LINE('',#5714,#5715);
#5714 = CARTESIAN_POINT('',(420.,-20.,130.));
#5715 = VECTOR('',#5716,1.);
#5716 = DIRECTION('',(-0.,1.,0.));
#5717 = PCURVE('',#5629,#5718);
#5718 = DEFINITIONAL_REPRESENTATION('',(#5719),#5723);
#5719 = LINE('',#5720,#5721);
#5720 = CARTESIAN_POINT('',(-43.5,-5.));
#5721 = VECTOR('',#5722,1.);
#5722 = DIRECTION('',(0.,-1.));
#5723 = ( GEOMETRIC_REPRESENTATION_CONTEXT(2) 
PARAMETRIC_REPRESENTATION_CONTEXT() REPRESENTATION_CONTEXT('2D SPACE',''
  ) );
#5724 = PCURVE('',#5725,#5730);
#5725 = PLANE('',#5726);
#5726 = AXIS2_PLACEMENT_3D('',#5727,#5728,#5729);
#5727 = CARTESIAN_POINT('',(420.,-20.,130.));
#5728 = DIRECTION('',(0.,0.,1.));
#5729 = DIRECTION('',(1.,0.,-0.));
#5730 = DEFINITIONAL_REPRESENTATION('',(#5731),#5735);
#5731 = LINE('',#5732,#5733);
#5732 = CARTESIAN_POINT('',(0.,0.));
#5733 = VECTOR('',#5734,1.);
#5734 = DIRECTION('',(0.,1.));
#5735 = ( GEOMETRIC_REPRESENTATION_CONTEXT(2) 
PARAMETRIC_REPRESENTATION_CONTEXT() REPRESENTATION_CONTEXT('2D SPACE',''
  ) );
#5736 = ORIENTED_EDGE('',*,*,#5737,.F.);
#5737 = EDGE_CURVE('',#5738,#5710,#5740,.T.);
#5738 = VERTEX_POINT('',#5739);
#5739 = CARTESIAN_POINT('',(420.,20.,173.5));
#5740 = SURFACE_CURVE('',#5741,(#5745,#5752),.PCURVE_S1.);
#5741 = LINE('',#5742,#5743);
#5742 = CARTESIAN_POINT('',(420.,20.,173.5));
#5743 = VECTOR('',#5744,1.);
#5744 = DIRECTION('',(0.,0.,-1.));
#5745 = PCURVE('',#5629,#5746);
#5746 = DEFINITIONAL_REPRESENTATION('',(#5747),#5751);
#5747 = LINE('',#5748,#5749);
#5748 = CARTESIAN_POINT('',(0.,-45.));
#5749 = VECTOR('',#5750,1.);
#5750 = DIRECTION('',(-1.,0.));
#5751 = ( GEOMETRIC_REPRESENTATION_CONTEXT(2) 
PARAMETRIC_REPRESENTATION_CONTEXT() REPRESENTATION_CONTEXT('2D SPACE',''
  ) );
#5752 = PCURVE('',#5753,#5758);
#5753 = PLANE('',#5754);
#5754 = AXIS2_PLACEMENT_3D('',#5755,#5756,#5757);
#5755 = CARTESIAN_POINT('',(420.,20.,130.));
#5756 = DIRECTION('',(-0.,1.,0.));
#5757 = DIRECTION('',(0.,0.,1.));
#5758 = DEFINITIONAL_REPRESENTATION('',(#5759),#5763);
#5759 = LINE('',#5760,#5761);
#5760 = CARTESIAN_POINT('',(43.5,0.));
#5761 = VECTOR('',#5762,1.);
#5762 = DIRECTION('',(-1.,0.));
#5763 = ( GEOMETRIC_REPRESENTATION_CONTEXT(2) 
PARAMETRIC_REPRESENTATION_CONTEXT() REPRESENTATION_CONTEXT('2D SPACE',''
  ) );
#5764 = ORIENTED_EDGE('',*,*,#5765,.T.);
#5765 = EDGE_CURVE('',#5738,#5766,#5768,.T.);
#5766 = VERTEX_POINT('',#5767);
#5767 = CARTESIAN_POINT('',(420.,25.,173.5));
#5768 = SURFACE_CURVE('',#5769,(#5773,#5780),.PCURVE_S1.);
#5769 = LINE('',#5770,#5771);
#5770 = CARTESIAN_POINT('',(420.,-25.,173.5));
#5771 = VECTOR('',#5772,1.);
#5772 = DIRECTION('',(-0.,1.,0.));
#5773 = PCURVE('',#5629,#5774);
#5774 = DEFINITIONAL_REPRESENTATION('',(#5775),#5779);
#5775 = LINE('',#5776,#5777);
#5776 = CARTESIAN_POINT('',(0.,0.));
#5777 = VECTOR('',#5778,1.);
#5778 = DIRECTION('',(0.,-1.));
#5779 = ( GEOMETRIC_REPRESENTATION_CONTEXT(2) 
PARAMETRIC_REPRESENTATION_CONTEXT() REPRESENTATION_CONTEXT('2D SPACE',''
  ) );
#5780 = PCURVE('',#5669,#5781);
#5781 = DEFINITIONAL_REPRESENTATION('',(#5782),#5786);
#5782 = LINE('',#5783,#5784);
#5783 = CARTESIAN_POINT('',(0.,0.));
#5784 = VECTOR('',#5785,1.);
#5785 = DIRECTION('',(0.,1.));
#5786 = ( GEOMETRIC_REPRESENTATION_CONTEXT(2) 
PARAMETRIC_REPRESENTATION_CONTEXT() REPRESENTATION_CONTEXT('2D SPACE',''
  ) );
#5787 = ORIENTED_EDGE('',*,*,#5788,.T.);
#5788 = EDGE_CURVE('',#5766,#5789,#5791,.T.);
#5789 = VERTEX_POINT('',#5790);
#5790 = CARTESIAN_POINT('',(420.,25.,179.5));
#5791 = SURFACE_CURVE('',#5792,(#5796,#5803),.PCURVE_S1.);
#5792 = LINE('',#5793,#5794);
#5793 = CARTESIAN_POINT('',(420.,25.,173.5));
#5794 = VECTOR('',#5795,1.);
#5795 = DIRECTION('',(0.,0.,1.));
#5796 = PCURVE('',#5629,#5797);
#5797 = DEFINITIONAL_REPRESENTATION('',(#5798),#5802);
#5798 = LINE('',#5799,#5800);
#5799 = CARTESIAN_POINT('',(0.,-50.));
#5800 = VECTOR('',#5801,1.);
#5801 = DIRECTION('',(1.,0.));
#5802 = ( GEOMETRIC_REPRESENTATION_CONTEXT(2) 
PARAMETRIC_REPRESENTATION_CONTEXT() REPRESENTATION_CONTEXT('2D SPACE',''
  ) );
#5803 = PCURVE('',#5804,#5809);
#5804 = PLANE('',#5805);
#5805 = AXIS2_PLACEMENT_3D('',#5806,#5807,#5808);
#5806 = CARTESIAN_POINT('',(420.,25.,173.5));
#5807 = DIRECTION('',(-0.,1.,0.));
#5808 = DIRECTION('',(0.,0.,1.));
#5809 = DEFINITIONAL_REPRESENTATION('',(#5810),#5814);
#5810 = LINE('',#5811,#5812);
#5811 = CARTESIAN_POINT('',(0.,0.));
#5812 = VECTOR('',#5813,1.);
#5813 = DIRECTION('',(1.,0.));
#5814 = ( GEOMETRIC_REPRESENTATION_CONTEXT(2) 
PARAMETRIC_REPRESENTATION_CONTEXT() REPRESENTATION_CONTEXT('2D SPACE',''
  ) );
#5815 = ORIENTED_EDGE('',*,*,#5816,.F.);
#5816 = EDGE_CURVE('',#5621,#5789,#5817,.T.);
#5817 = SURFACE_CURVE('',#5818,(#5822,#5829),.PCURVE_S1.);
#5818 = LINE('',#5819,#5820);
#5819 = CARTESIAN_POINT('',(420.,-25.,179.5));
#5820 = VECTOR('',#5821,1.);
#5821 = DIRECTION('',(-0.,1.,0.));
#5822 = PCURVE('',#5629,#5823);
#5823 = DEFINITIONAL_REPRESENTATION('',(#5824),#5828);
#5824 = LINE('',#5825,#5826);
#5825 = CARTESIAN_POINT('',(6.,0.));
#5826 = VECTOR('',#5827,1.);
#5827 = DIRECTION('',(0.,-1.));
#5828 = ( GEOMETRIC_REPRESENTATION_CONTEXT(2) 
PARAMETRIC_REPRESENTATION_CONTEXT() REPRESENTATION_CONTEXT('2D SPACE',''
  ) );
#5829 = PCURVE('',#5830,#5835);
#5830 = PLANE('',#5831);
#5831 = AXIS2_PLACEMENT_3D('',#5832,#5833,#5834);
#5832 = CARTESIAN_POINT('',(420.,-25.,179.5));
#5833 = DIRECTION('',(0.,0.,1.));
#5834 = DIRECTION('',(1.,0.,-0.));
#5835 = DEFINITIONAL_REPRESENTATION('',(#5836),#5840);
#5836 = LINE('',#5837,#5838);
#5837 = CARTESIAN_POINT('',(0.,0.));
#5838 = VECTOR('',#5839,1.);
#5839 = DIRECTION('',(0.,1.));
#5840 = ( GEOMETRIC_REPRESENTATION_CONTEXT(2) 
PARAMETRIC_REPRESENTATION_CONTEXT() REPRESENTATION_CONTEXT('2D SPACE',''
  ) );
#5841 = ADVANCED_FACE('',(#5842),#5641,.F.);
#5842 = FACE_BOUND('',#5843,.F.);
#5843 = EDGE_LOOP('',(#5844,#5867,#5868,#5891));
#5844 = ORIENTED_EDGE('',*,*,#5845,.F.);
#5845 = EDGE_CURVE('',#5619,#5846,#5848,.T.);
#5846 = VERTEX_POINT('',#5847);
#5847 = CARTESIAN_POINT('',(480.,-25.,173.5));
#5848 = SURFACE_CURVE('',#5849,(#5853,#5860),.PCURVE_S1.);
#5849 = LINE('',#5850,#5851);
#5850 = CARTESIAN_POINT('',(420.,-25.,173.5));
#5851 = VECTOR('',#5852,1.);
#5852 = DIRECTION('',(1.,0.,-0.));
#5853 = PCURVE('',#5641,#5854);
#5854 = DEFINITIONAL_REPRESENTATION('',(#5855),#5859);
#5855 = LINE('',#5856,#5857);
#5856 = CARTESIAN_POINT('',(0.,0.));
#5857 = VECTOR('',#5858,1.);
#5858 = DIRECTION('',(0.,1.));
#5859 = ( GEOMETRIC_REPRESENTATION_CONTEXT(2) 
PARAMETRIC_REPRESENTATION_CONTEXT() REPRESENTATION_CONTEXT('2D SPACE',''
  ) );
#5860 = PCURVE('',#5669,#5861);
#5861 = DEFINITIONAL_REPRESENTATION('',(#5862),#5866);
#5862 = LINE('',#5863,#5864);
#5863 = CARTESIAN_POINT('',(0.,0.));
#5864 = VECTOR('',#5865,1.);
#5865 = DIRECTION('',(1.,0.));
#5866 = ( GEOMETRIC_REPRESENTATION_CONTEXT(2) 
PARAMETRIC_REPRESENTATION_CONTEXT() REPRESENTATION_CONTEXT('2D SPACE',''
  ) );
#5867 = ORIENTED_EDGE('',*,*,#5618,.T.);
#5868 = ORIENTED_EDGE('',*,*,#5869,.T.);
#5869 = EDGE_CURVE('',#5621,#5870,#5872,.T.);
#5870 = VERTEX_POINT('',#5871);
#5871 = CARTESIAN_POINT('',(480.,-25.,179.5));
#5872 = SURFACE_CURVE('',#5873,(#5877,#5884),.PCURVE_S1.);
#5873 = LINE('',#5874,#5875);
#5874 = CARTESIAN_POINT('',(420.,-25.,179.5));
#5875 = VECTOR('',#5876,1.);
#5876 = DIRECTION('',(1.,0.,-0.));
#5877 = PCURVE('',#5641,#5878);
#5878 = DEFINITIONAL_REPRESENTATION('',(#5879),#5883);
#5879 = LINE('',#5880,#5881);
#5880 = CARTESIAN_POINT('',(6.,0.));
#5881 = VECTOR('',#5882,1.);
#5882 = DIRECTION('',(0.,1.));
#5883 = ( GEOMETRIC_REPRESENTATION_CONTEXT(2) 
PARAMETRIC_REPRESENTATION_CONTEXT() REPRESENTATION_CONTEXT('2D SPACE',''
  ) );
#5884 = PCURVE('',#5830,#5885);
#5885 = DEFINITIONAL_REPRESENTATION('',(#5886),#5890);
#5886 = LINE('',#5887,#5888);
#5887 = CARTESIAN_POINT('',(0.,0.));
#5888 = VECTOR('',#5889,1.);
#5889 = DIRECTION('',(1.,0.));
#5890 = ( GEOMETRIC_REPRESENTATION_CONTEXT(2) 
PARAMETRIC_REPRESENTATION_CONTEXT() REPRESENTATION_CONTEXT('2D SPACE',''
  ) );
#5891 = ORIENTED_EDGE('',*,*,#5892,.F.);
#5892 = EDGE_CURVE('',#5846,#5870,#5893,.T.);
#5893 = SURFACE_CURVE('',#5894,(#5898,#5905),.PCURVE_S1.);
#5894 = LINE('',#5895,#5896);
#5895 = CARTESIAN_POINT('',(480.,-25.,173.5));
#5896 = VECTOR('',#5897,1.);
#5897 = DIRECTION('',(0.,0.,1.));
#5898 = PCURVE('',#5641,#5899);
#5899 = DEFINITIONAL_REPRESENTATION('',(#5900),#5904);
#5900 = LINE('',#5901,#5902);
#5901 = CARTESIAN_POINT('',(0.,60.));
#5902 = VECTOR('',#5903,1.);
#5903 = DIRECTION('',(1.,0.));
#5904 = ( GEOMETRIC_REPRESENTATION_CONTEXT(2) 
PARAMETRIC_REPRESENTATION_CONTEXT() REPRESENTATION_CONTEXT('2D SPACE',''
  ) );
#5905 = PCURVE('',#5906,#5911);
#5906 = PLANE('',#5907);
#5907 = AXIS2_PLACEMENT_3D('',#5908,#5909,#5910);
#5908 = CARTESIAN_POINT('',(480.,-25.,173.5));
#5909 = DIRECTION('',(1.,0.,-0.));
#5910 = DIRECTION('',(0.,0.,1.));
#5911 = DEFINITIONAL_REPRESENTATION('',(#5912),#5916);
#5912 = LINE('',#5913,#5914);
#5913 = CARTESIAN_POINT('',(0.,0.));
#5914 = VECTOR('',#5915,1.);
#5915 = DIRECTION('',(1.,0.));
#5916 = ( GEOMETRIC_REPRESENTATION_CONTEXT(2) 
PARAMETRIC_REPRESENTATION_CONTEXT() REPRESENTATION_CONTEXT('2D SPACE',''
  ) );
#5917 = ADVANCED_FACE('',(#5918),#5830,.T.);
#5918 = FACE_BOUND('',#5919,.T.);
#5919 = EDGE_LOOP('',(#5920,#5921,#5922,#5945));
#5920 = ORIENTED_EDGE('',*,*,#5816,.F.);
#5921 = ORIENTED_EDGE('',*,*,#5869,.T.);
#5922 = ORIENTED_EDGE('',*,*,#5923,.T.);
#5923 = EDGE_CURVE('',#5870,#5924,#5926,.T.);
#5924 = VERTEX_POINT('',#5925);
#5925 = CARTESIAN_POINT('',(480.,25.,179.5));
#5926 = SURFACE_CURVE('',#5927,(#5931,#5938),.PCURVE_S1.);
#5927 = LINE('',#5928,#5929);
#5928 = CARTESIAN_POINT('',(480.,-25.,179.5));
#5929 = VECTOR('',#5930,1.);
#5930 = DIRECTION('',(-0.,1.,0.));
#5931 = PCURVE('',#5830,#5932);
#5932 = DEFINITIONAL_REPRESENTATION('',(#5933),#5937);
#5933 = LINE('',#5934,#5935);
#5934 = CARTESIAN_POINT('',(60.,0.));
#5935 = VECTOR('',#5936,1.);
#5936 = DIRECTION('',(0.,1.));
#5937 = ( GEOMETRIC_REPRESENTATION_CONTEXT(2) 
PARAMETRIC_REPRESENTATION_CONTEXT() REPRESENTATION_CONTEXT('2D SPACE',''
  ) );
#5938 = PCURVE('',#5906,#5939);
#5939 = DEFINITIONAL_REPRESENTATION('',(#5940),#5944);
#5940 = LINE('',#5941,#5942);
#5941 = CARTESIAN_POINT('',(6.,0.));
#5942 = VECTOR('',#5943,1.);
#5943 = DIRECTION('',(0.,-1.));
#5944 = ( GEOMETRIC_REPRESENTATION_CONTEXT(2) 
PARAMETRIC_REPRESENTATION_CONTEXT() REPRESENTATION_CONTEXT('2D SPACE',''
  ) );
#5945 = ORIENTED_EDGE('',*,*,#5946,.F.);
#5946 = EDGE_CURVE('',#5789,#5924,#5947,.T.);
#5947 = SURFACE_CURVE('',#5948,(#5952,#5959),.PCURVE_S1.);
#5948 = LINE('',#5949,#5950);
#5949 = CARTESIAN_POINT('',(420.,25.,179.5));
#5950 = VECTOR('',#5951,1.);
#5951 = DIRECTION('',(1.,0.,-0.));
#5952 = PCURVE('',#5830,#5953);
#5953 = DEFINITIONAL_REPRESENTATION('',(#5954),#5958);
#5954 = LINE('',#5955,#5956);
#5955 = CARTESIAN_POINT('',(0.,50.));
#5956 = VECTOR('',#5957,1.);
#5957 = DIRECTION('',(1.,0.));
#5958 = ( GEOMETRIC_REPRESENTATION_CONTEXT(2) 
PARAMETRIC_REPRESENTATION_CONTEXT() REPRESENTATION_CONTEXT('2D SPACE',''
  ) );
#5959 = PCURVE('',#5804,#5960);
#5960 = DEFINITIONAL_REPRESENTATION('',(#5961),#5965);
#5961 = LINE('',#5962,#5963);
#5962 = CARTESIAN_POINT('',(6.,0.));
#5963 = VECTOR('',#5964,1.);
#5964 = DIRECTION('',(0.,1.));
#5965 = ( GEOMETRIC_REPRESENTATION_CONTEXT(2) 
PARAMETRIC_REPRESENTATION_CONTEXT() REPRESENTATION_CONTEXT('2D SPACE',''
  ) );
#5966 = ADVANCED_FACE('',(#5967),#5804,.T.);
#5967 = FACE_BOUND('',#5968,.T.);
#5968 = EDGE_LOOP('',(#5969,#5992,#5993,#5994));
#5969 = ORIENTED_EDGE('',*,*,#5970,.F.);
#5970 = EDGE_CURVE('',#5766,#5971,#5973,.T.);
#5971 = VERTEX_POINT('',#5972);
#5972 = CARTESIAN_POINT('',(480.,25.,173.5));
#5973 = SURFACE_CURVE('',#5974,(#5978,#5985),.PCURVE_S1.);
#5974 = LINE('',#5975,#5976);
#5975 = CARTESIAN_POINT('',(420.,25.,173.5));
#5976 = VECTOR('',#5977,1.);
#5977 = DIRECTION('',(1.,0.,-0.));
#5978 = PCURVE('',#5804,#5979);
#5979 = DEFINITIONAL_REPRESENTATION('',(#5980),#5984);
#5980 = LINE('',#5981,#5982);
#5981 = CARTESIAN_POINT('',(0.,0.));
#5982 = VECTOR('',#5983,1.);
#5983 = DIRECTION('',(0.,1.));
#5984 = ( GEOMETRIC_REPRESENTATION_CONTEXT(2) 
PARAMETRIC_REPRESENTATION_CONTEXT() REPRESENTATION_CONTEXT('2D SPACE',''
  ) );
#5985 = PCURVE('',#5669,#5986);
#5986 = DEFINITIONAL_REPRESENTATION('',(#5987),#5991);
#5987 = LINE('',#5988,#5989);
#5988 = CARTESIAN_POINT('',(0.,50.));
#5989 = VECTOR('',#5990,1.);
#5990 = DIRECTION('',(1.,0.));
#5991 = ( GEOMETRIC_REPRESENTATION_CONTEXT(2) 
PARAMETRIC_REPRESENTATION_CONTEXT() REPRESENTATION_CONTEXT('2D SPACE',''
  ) );
#5992 = ORIENTED_EDGE('',*,*,#5788,.T.);
#5993 = ORIENTED_EDGE('',*,*,#5946,.T.);
#5994 = ORIENTED_EDGE('',*,*,#5995,.F.);
#5995 = EDGE_CURVE('',#5971,#5924,#5996,.T.);
#5996 = SURFACE_CURVE('',#5997,(#6001,#6008),.PCURVE_S1.);
#5997 = LINE('',#5998,#5999);
#5998 = CARTESIAN_POINT('',(480.,25.,173.5));
#5999 = VECTOR('',#6000,1.);
#6000 = DIRECTION('',(0.,0.,1.));
#6001 = PCURVE('',#5804,#6002);
#6002 = DEFINITIONAL_REPRESENTATION('',(#6003),#6007);
#6003 = LINE('',#6004,#6005);
#6004 = CARTESIAN_POINT('',(0.,60.));
#6005 = VECTOR('',#6006,1.);
#6006 = DIRECTION('',(1.,0.));
#6007 = ( GEOMETRIC_REPRESENTATION_CONTEXT(2) 
PARAMETRIC_REPRESENTATION_CONTEXT() REPRESENTATION_CONTEXT('2D SPACE',''
  ) );
#6008 = PCURVE('',#5906,#6009);
#6009 = DEFINITIONAL_REPRESENTATION('',(#6010),#6014);
#6010 = LINE('',#6011,#6012);
#6011 = CARTESIAN_POINT('',(0.,-50.));
#6012 = VECTOR('',#6013,1.);
#6013 = DIRECTION('',(1.,0.));
#6014 = ( GEOMETRIC_REPRESENTATION_CONTEXT(2) 
PARAMETRIC_REPRESENTATION_CONTEXT() REPRESENTATION_CONTEXT('2D SPACE',''
  ) );
#6015 = ADVANCED_FACE('',(#6016),#5669,.F.);
#6016 = FACE_BOUND('',#6017,.F.);
#6017 = EDGE_LOOP('',(#6018,#6019,#6020,#6041,#6042,#6043,#6066,#6094));
#6018 = ORIENTED_EDGE('',*,*,#5653,.F.);
#6019 = ORIENTED_EDGE('',*,*,#5845,.T.);
#6020 = ORIENTED_EDGE('',*,*,#6021,.T.);
#6021 = EDGE_CURVE('',#5846,#5971,#6022,.T.);
#6022 = SURFACE_CURVE('',#6023,(#6027,#6034),.PCURVE_S1.);
#6023 = LINE('',#6024,#6025);
#6024 = CARTESIAN_POINT('',(480.,-25.,173.5));
#6025 = VECTOR('',#6026,1.);
#6026 = DIRECTION('',(-0.,1.,0.));
#6027 = PCURVE('',#5669,#6028);
#6028 = DEFINITIONAL_REPRESENTATION('',(#6029),#6033);
#6029 = LINE('',#6030,#6031);
#6030 = CARTESIAN_POINT('',(60.,0.));
#6031 = VECTOR('',#6032,1.);
#6032 = DIRECTION('',(0.,1.));
#6033 = ( GEOMETRIC_REPRESENTATION_CONTEXT(2) 
PARAMETRIC_REPRESENTATION_CONTEXT() REPRESENTATION_CONTEXT('2D SPACE',''
  ) );
#6034 = PCURVE('',#5906,#6035);
#6035 = DEFINITIONAL_REPRESENTATION('',(#6036),#6040);
#6036 = LINE('',#6037,#6038);
#6037 = CARTESIAN_POINT('',(0.,0.));
#6038 = VECTOR('',#6039,1.);
#6039 = DIRECTION('',(0.,-1.));
#6040 = ( GEOMETRIC_REPRESENTATION_CONTEXT(2) 
PARAMETRIC_REPRESENTATION_CONTEXT() REPRESENTATION_CONTEXT('2D SPACE',''
  ) );
#6041 = ORIENTED_EDGE('',*,*,#5970,.F.);
#6042 = ORIENTED_EDGE('',*,*,#5765,.F.);
#6043 = ORIENTED_EDGE('',*,*,#6044,.T.);
#6044 = EDGE_CURVE('',#5738,#6045,#6047,.T.);
#6045 = VERTEX_POINT('',#6046);
#6046 = CARTESIAN_POINT('',(424.,20.,173.5));
#6047 = SURFACE_CURVE('',#6048,(#6052,#6059),.PCURVE_S1.);
#6048 = LINE('',#6049,#6050);
#6049 = CARTESIAN_POINT('',(420.,20.,173.5));
#6050 = VECTOR('',#6051,1.);
#6051 = DIRECTION('',(1.,0.,-0.));
#6052 = PCURVE('',#5669,#6053);
#6053 = DEFINITIONAL_REPRESENTATION('',(#6054),#6058);
#6054 = LINE('',#6055,#6056);
#6055 = CARTESIAN_POINT('',(0.,45.));
#6056 = VECTOR('',#6057,1.);
#6057 = DIRECTION('',(1.,0.));
#6058 = ( GEOMETRIC_REPRESENTATION_CONTEXT(2) 
PARAMETRIC_REPRESENTATION_CONTEXT() REPRESENTATION_CONTEXT('2D SPACE',''
  ) );
#6059 = PCURVE('',#5753,#6060);
#6060 = DEFINITIONAL_REPRESENTATION('',(#6061),#6065);
#6061 = LINE('',#6062,#6063);
#6062 = CARTESIAN_POINT('',(43.5,0.));
#6063 = VECTOR('',#6064,1.);
#6064 = DIRECTION('',(0.,1.));
#6065 = ( GEOMETRIC_REPRESENTATION_CONTEXT(2) 
PARAMETRIC_REPRESENTATION_CONTEXT() REPRESENTATION_CONTEXT('2D SPACE',''
  ) );
#6066 = ORIENTED_EDGE('',*,*,#6067,.F.);
#6067 = EDGE_CURVE('',#6068,#6045,#6070,.T.);
#6068 = VERTEX_POINT('',#6069);
#6069 = CARTESIAN_POINT('',(424.,-20.,173.5));
#6070 = SURFACE_CURVE('',#6071,(#6075,#6082),.PCURVE_S1.);
#6071 = LINE('',#6072,#6073);
#6072 = CARTESIAN_POINT('',(424.,-20.,173.5));
#6073 = VECTOR('',#6074,1.);
#6074 = DIRECTION('',(-0.,1.,0.));
#6075 = PCURVE('',#5669,#6076);
#6076 = DEFINITIONAL_REPRESENTATION('',(#6077),#6081);
#6077 = LINE('',#6078,#6079);
#6078 = CARTESIAN_POINT('',(4.,5.));
#6079 = VECTOR('',#6080,1.);
#6080 = DIRECTION('',(0.,1.));
#6081 = ( GEOMETRIC_REPRESENTATION_CONTEXT(2) 
PARAMETRIC_REPRESENTATION_CONTEXT() REPRESENTATION_CONTEXT('2D SPACE',''
  ) );
#6082 = PCURVE('',#6083,#6088);
#6083 = PLANE('',#6084);
#6084 = AXIS2_PLACEMENT_3D('',#6085,#6086,#6087);
#6085 = CARTESIAN_POINT('',(424.,-20.,134.));
#6086 = DIRECTION('',(1.,0.,-0.));
#6087 = DIRECTION('',(0.,0.,1.));
#6088 = DEFINITIONAL_REPRESENTATION('',(#6089),#6093);
#6089 = LINE('',#6090,#6091);
#6090 = CARTESIAN_POINT('',(39.5,0.));
#6091 = VECTOR('',#6092,1.);
#6092 = DIRECTION('',(0.,-1.));
#6093 = ( GEOMETRIC_REPRESENTATION_CONTEXT(2) 
PARAMETRIC_REPRESENTATION_CONTEXT() REPRESENTATION_CONTEXT('2D SPACE',''
  ) );
#6094 = ORIENTED_EDGE('',*,*,#6095,.F.);
#6095 = EDGE_CURVE('',#5654,#6068,#6096,.T.);
#6096 = SURFACE_CURVE('',#6097,(#6101,#6108),.PCURVE_S1.);
#6097 = LINE('',#6098,#6099);
#6098 = CARTESIAN_POINT('',(420.,-20.,173.5));
#6099 = VECTOR('',#6100,1.);
#6100 = DIRECTION('',(1.,0.,-0.));
#6101 = PCURVE('',#5669,#6102);
#6102 = DEFINITIONAL_REPRESENTATION('',(#6103),#6107);
#6103 = LINE('',#6104,#6105);
#6104 = CARTESIAN_POINT('',(0.,5.));
#6105 = VECTOR('',#6106,1.);
#6106 = DIRECTION('',(1.,0.));
#6107 = ( GEOMETRIC_REPRESENTATION_CONTEXT(2) 
PARAMETRIC_REPRESENTATION_CONTEXT() REPRESENTATION_CONTEXT('2D SPACE',''
  ) );
#6108 = PCURVE('',#5697,#6109);
#6109 = DEFINITIONAL_REPRESENTATION('',(#6110),#6114);
#6110 = LINE('',#6111,#6112);
#6111 = CARTESIAN_POINT('',(43.5,0.));
#6112 = VECTOR('',#6113,1.);
#6113 = DIRECTION('',(0.,1.));
#6114 = ( GEOMETRIC_REPRESENTATION_CONTEXT(2) 
PARAMETRIC_REPRESENTATION_CONTEXT() REPRESENTATION_CONTEXT('2D SPACE',''
  ) );
#6115 = ADVANCED_FACE('',(#6116),#5906,.T.);
#6116 = FACE_BOUND('',#6117,.T.);
#6117 = EDGE_LOOP('',(#6118,#6119,#6120,#6121));
#6118 = ORIENTED_EDGE('',*,*,#5892,.F.);
#6119 = ORIENTED_EDGE('',*,*,#6021,.T.);
#6120 = ORIENTED_EDGE('',*,*,#5995,.T.);
#6121 = ORIENTED_EDGE('',*,*,#5923,.F.);
#6122 = ADVANCED_FACE('',(#6123),#5697,.F.);
#6123 = FACE_BOUND('',#6124,.F.);
#6124 = EDGE_LOOP('',(#6125,#6148,#6149,#6150,#6173,#6201));
#6125 = ORIENTED_EDGE('',*,*,#6126,.F.);
#6126 = EDGE_CURVE('',#5682,#6127,#6129,.T.);
#6127 = VERTEX_POINT('',#6128);
#6128 = CARTESIAN_POINT('',(440.,-20.,130.));
#6129 = SURFACE_CURVE('',#6130,(#6134,#6141),.PCURVE_S1.);
#6130 = LINE('',#6131,#6132);
#6131 = CARTESIAN_POINT('',(420.,-20.,130.));
#6132 = VECTOR('',#6133,1.);
#6133 = DIRECTION('',(1.,0.,-0.));
#6134 = PCURVE('',#5697,#6135);
#6135 = DEFINITIONAL_REPRESENTATION('',(#6136),#6140);
#6136 = LINE('',#6137,#6138);
#6137 = CARTESIAN_POINT('',(0.,0.));
#6138 = VECTOR('',#6139,1.);
#6139 = DIRECTION('',(0.,1.));
#6140 = ( GEOMETRIC_REPRESENTATION_CONTEXT(2) 
PARAMETRIC_REPRESENTATION_CONTEXT() REPRESENTATION_CONTEXT('2D SPACE',''
  ) );
#6141 = PCURVE('',#5725,#6142);
#6142 = DEFINITIONAL_REPRESENTATION('',(#6143),#6147);
#6143 = LINE('',#6144,#6145);
#6144 = CARTESIAN_POINT('',(0.,0.));
#6145 = VECTOR('',#6146,1.);
#6146 = DIRECTION('',(1.,0.));
#6147 = ( GEOMETRIC_REPRESENTATION_CONTEXT(2) 
PARAMETRIC_REPRESENTATION_CONTEXT() REPRESENTATION_CONTEXT('2D SPACE',''
  ) );
#6148 = ORIENTED_EDGE('',*,*,#5681,.T.);
#6149 = ORIENTED_EDGE('',*,*,#6095,.T.);
#6150 = ORIENTED_EDGE('',*,*,#6151,.F.);
#6151 = EDGE_CURVE('',#6152,#6068,#6154,.T.);
#6152 = VERTEX_POINT('',#6153);
#6153 = CARTESIAN_POINT('',(424.,-20.,134.));
#6154 = SURFACE_CURVE('',#6155,(#6159,#6166),.PCURVE_S1.);
#6155 = LINE('',#6156,#6157);
#6156 = CARTESIAN_POINT('',(424.,-20.,134.));
#6157 = VECTOR('',#6158,1.);
#6158 = DIRECTION('',(0.,0.,1.));
#6159 = PCURVE('',#5697,#6160);
#6160 = DEFINITIONAL_REPRESENTATION('',(#6161),#6165);
#6161 = LINE('',#6162,#6163);
#6162 = CARTESIAN_POINT('',(4.,4.));
#6163 = VECTOR('',#6164,1.);
#6164 = DIRECTION('',(1.,0.));
#6165 = ( GEOMETRIC_REPRESENTATION_CONTEXT(2) 
PARAMETRIC_REPRESENTATION_CONTEXT() REPRESENTATION_CONTEXT('2D SPACE',''
  ) );
#6166 = PCURVE('',#6083,#6167);
#6167 = DEFINITIONAL_REPRESENTATION('',(#6168),#6172);
#6168 = LINE('',#6169,#6170);
#6169 = CARTESIAN_POINT('',(0.,0.));
#6170 = VECTOR('',#6171,1.);
#6171 = DIRECTION('',(1.,0.));
#6172 = ( GEOMETRIC_REPRESENTATION_CONTEXT(2) 
PARAMETRIC_REPRESENTATION_CONTEXT() REPRESENTATION_CONTEXT('2D SPACE',''
  ) );
#6173 = ORIENTED_EDGE('',*,*,#6174,.T.);
#6174 = EDGE_CURVE('',#6152,#6175,#6177,.T.);
#6175 = VERTEX_POINT('',#6176);
#6176 = CARTESIAN_POINT('',(440.,-20.,134.));
#6177 = SURFACE_CURVE('',#6178,(#6182,#6189),.PCURVE_S1.);
#6178 = LINE('',#6179,#6180);
#6179 = CARTESIAN_POINT('',(420.,-20.,134.));
#6180 = VECTOR('',#6181,1.);
#6181 = DIRECTION('',(1.,0.,-0.));
#6182 = PCURVE('',#5697,#6183);
#6183 = DEFINITIONAL_REPRESENTATION('',(#6184),#6188);
#6184 = LINE('',#6185,#6186);
#6185 = CARTESIAN_POINT('',(4.,0.));
#6186 = VECTOR('',#6187,1.);
#6187 = DIRECTION('',(0.,1.));
#6188 = ( GEOMETRIC_REPRESENTATION_CONTEXT(2) 
PARAMETRIC_REPRESENTATION_CONTEXT() REPRESENTATION_CONTEXT('2D SPACE',''
  ) );
#6189 = PCURVE('',#6190,#6195);
#6190 = PLANE('',#6191);
#6191 = AXIS2_PLACEMENT_3D('',#6192,#6193,#6194);
#6192 = CARTESIAN_POINT('',(420.,-20.,134.));
#6193 = DIRECTION('',(0.,0.,1.));
#6194 = DIRECTION('',(1.,0.,-0.));
#6195 = DEFINITIONAL_REPRESENTATION('',(#6196),#6200);
#6196 = LINE('',#6197,#6198);
#6197 = CARTESIAN_POINT('',(0.,0.));
#6198 = VECTOR('',#6199,1.);
#6199 = DIRECTION('',(1.,0.));
#6200 = ( GEOMETRIC_REPRESENTATION_CONTEXT(2) 
PARAMETRIC_REPRESENTATION_CONTEXT() REPRESENTATION_CONTEXT('2D SPACE',''
  ) );
#6201 = ORIENTED_EDGE('',*,*,#6202,.F.);
#6202 = EDGE_CURVE('',#6127,#6175,#6203,.T.);
#6203 = SURFACE_CURVE('',#6204,(#6208,#6215),.PCURVE_S1.);
#6204 = LINE('',#6205,#6206);
#6205 = CARTESIAN_POINT('',(440.,-20.,130.));
#6206 = VECTOR('',#6207,1.);
#6207 = DIRECTION('',(0.,0.,1.));
#6208 = PCURVE('',#5697,#6209);
#6209 = DEFINITIONAL_REPRESENTATION('',(#6210),#6214);
#6210 = LINE('',#6211,#6212);
#6211 = CARTESIAN_POINT('',(0.,20.));
#6212 = VECTOR('',#6213,1.);
#6213 = DIRECTION('',(1.,0.));
#6214 = ( GEOMETRIC_REPRESENTATION_CONTEXT(2) 
PARAMETRIC_REPRESENTATION_CONTEXT() REPRESENTATION_CONTEXT('2D SPACE',''
  ) );
#6215 = PCURVE('',#6216,#6221);
#6216 = PLANE('',#6217);
#6217 = AXIS2_PLACEMENT_3D('',#6218,#6219,#6220);
#6218 = CARTESIAN_POINT('',(440.,-20.,130.));
#6219 = DIRECTION('',(1.,0.,-0.));
#6220 = DIRECTION('',(0.,0.,1.));
#6221 = DEFINITIONAL_REPRESENTATION('',(#6222),#6226);
#6222 = LINE('',#6223,#6224);
#6223 = CARTESIAN_POINT('',(0.,0.));
#6224 = VECTOR('',#6225,1.);
#6225 = DIRECTION('',(1.,0.));
#6226 = ( GEOMETRIC_REPRESENTATION_CONTEXT(2) 
PARAMETRIC_REPRESENTATION_CONTEXT() REPRESENTATION_CONTEXT('2D SPACE',''
  ) );
#6227 = ADVANCED_FACE('',(#6228),#6083,.T.);
#6228 = FACE_BOUND('',#6229,.T.);
#6229 = EDGE_LOOP('',(#6230,#6231,#6254,#6275));
#6230 = ORIENTED_EDGE('',*,*,#6151,.F.);
#6231 = ORIENTED_EDGE('',*,*,#6232,.T.);
#6232 = EDGE_CURVE('',#6152,#6233,#6235,.T.);
#6233 = VERTEX_POINT('',#6234);
#6234 = CARTESIAN_POINT('',(424.,20.,134.));
#6235 = SURFACE_CURVE('',#6236,(#6240,#6247),.PCURVE_S1.);
#6236 = LINE('',#6237,#6238);
#6237 = CARTESIAN_POINT('',(424.,-20.,134.));
#6238 = VECTOR('',#6239,1.);
#6239 = DIRECTION('',(-0.,1.,0.));
#6240 = PCURVE('',#6083,#6241);
#6241 = DEFINITIONAL_REPRESENTATION('',(#6242),#6246);
#6242 = LINE('',#6243,#6244);
#6243 = CARTESIAN_POINT('',(0.,0.));
#6244 = VECTOR('',#6245,1.);
#6245 = DIRECTION('',(0.,-1.));
#6246 = ( GEOMETRIC_REPRESENTATION_CONTEXT(2) 
PARAMETRIC_REPRESENTATION_CONTEXT() REPRESENTATION_CONTEXT('2D SPACE',''
  ) );
#6247 = PCURVE('',#6190,#6248);
#6248 = DEFINITIONAL_REPRESENTATION('',(#6249),#6253);
#6249 = LINE('',#6250,#6251);
#6250 = CARTESIAN_POINT('',(4.,0.));
#6251 = VECTOR('',#6252,1.);
#6252 = DIRECTION('',(0.,1.));
#6253 = ( GEOMETRIC_REPRESENTATION_CONTEXT(2) 
PARAMETRIC_REPRESENTATION_CONTEXT() REPRESENTATION_CONTEXT('2D SPACE',''
  ) );
#6254 = ORIENTED_EDGE('',*,*,#6255,.T.);
#6255 = EDGE_CURVE('',#6233,#6045,#6256,.T.);
#6256 = SURFACE_CURVE('',#6257,(#6261,#6268),.PCURVE_S1.);
#6257 = LINE('',#6258,#6259);
#6258 = CARTESIAN_POINT('',(424.,20.,134.));
#6259 = VECTOR('',#6260,1.);
#6260 = DIRECTION('',(0.,0.,1.));
#6261 = PCURVE('',#6083,#6262);
#6262 = DEFINITIONAL_REPRESENTATION('',(#6263),#6267);
#6263 = LINE('',#6264,#6265);
#6264 = CARTESIAN_POINT('',(0.,-40.));
#6265 = VECTOR('',#6266,1.);
#6266 = DIRECTION('',(1.,0.));
#6267 = ( GEOMETRIC_REPRESENTATION_CONTEXT(2) 
PARAMETRIC_REPRESENTATION_CONTEXT() REPRESENTATION_CONTEXT('2D SPACE',''
  ) );
#6268 = PCURVE('',#5753,#6269);
#6269 = DEFINITIONAL_REPRESENTATION('',(#6270),#6274);
#6270 = LINE('',#6271,#6272);
#6271 = CARTESIAN_POINT('',(4.,4.));
#6272 = VECTOR('',#6273,1.);
#6273 = DIRECTION('',(1.,0.));
#6274 = ( GEOMETRIC_REPRESENTATION_CONTEXT(2) 
PARAMETRIC_REPRESENTATION_CONTEXT() REPRESENTATION_CONTEXT('2D SPACE',''
  ) );
#6275 = ORIENTED_EDGE('',*,*,#6067,.F.);
#6276 = ADVANCED_FACE('',(#6277),#5753,.T.);
#6277 = FACE_BOUND('',#6278,.T.);
#6278 = EDGE_LOOP('',(#6279,#6302,#6303,#6304,#6305,#6328));
#6279 = ORIENTED_EDGE('',*,*,#6280,.F.);
#6280 = EDGE_CURVE('',#5710,#6281,#6283,.T.);
#6281 = VERTEX_POINT('',#6282);
#6282 = CARTESIAN_POINT('',(440.,20.,130.));
#6283 = SURFACE_CURVE('',#6284,(#6288,#6295),.PCURVE_S1.);
#6284 = LINE('',#6285,#6286);
#6285 = CARTESIAN_POINT('',(420.,20.,130.));
#6286 = VECTOR('',#6287,1.);
#6287 = DIRECTION('',(1.,0.,-0.));
#6288 = PCURVE('',#5753,#6289);
#6289 = DEFINITIONAL_REPRESENTATION('',(#6290),#6294);
#6290 = LINE('',#6291,#6292);
#6291 = CARTESIAN_POINT('',(0.,0.));
#6292 = VECTOR('',#6293,1.);
#6293 = DIRECTION('',(0.,1.));
#6294 = ( GEOMETRIC_REPRESENTATION_CONTEXT(2) 
PARAMETRIC_REPRESENTATION_CONTEXT() REPRESENTATION_CONTEXT('2D SPACE',''
  ) );
#6295 = PCURVE('',#5725,#6296);
#6296 = DEFINITIONAL_REPRESENTATION('',(#6297),#6301);
#6297 = LINE('',#6298,#6299);
#6298 = CARTESIAN_POINT('',(0.,40.));
#6299 = VECTOR('',#6300,1.);
#6300 = DIRECTION('',(1.,0.));
#6301 = ( GEOMETRIC_REPRESENTATION_CONTEXT(2) 
PARAMETRIC_REPRESENTATION_CONTEXT() REPRESENTATION_CONTEXT('2D SPACE',''
  ) );
#6302 = ORIENTED_EDGE('',*,*,#5737,.F.);
#6303 = ORIENTED_EDGE('',*,*,#6044,.T.);
#6304 = ORIENTED_EDGE('',*,*,#6255,.F.);
#6305 = ORIENTED_EDGE('',*,*,#6306,.T.);
#6306 = EDGE_CURVE('',#6233,#6307,#6309,.T.);
#6307 = VERTEX_POINT('',#6308);
#6308 = CARTESIAN_POINT('',(440.,20.,134.));
#6309 = SURFACE_CURVE('',#6310,(#6314,#6321),.PCURVE_S1.);
#6310 = LINE('',#6311,#6312);
#6311 = CARTESIAN_POINT('',(420.,20.,134.));
#6312 = VECTOR('',#6313,1.);
#6313 = DIRECTION('',(1.,0.,-0.));
#6314 = PCURVE('',#5753,#6315);
#6315 = DEFINITIONAL_REPRESENTATION('',(#6316),#6320);
#6316 = LINE('',#6317,#6318);
#6317 = CARTESIAN_POINT('',(4.,0.));
#6318 = VECTOR('',#6319,1.);
#6319 = DIRECTION('',(0.,1.));
#6320 = ( GEOMETRIC_REPRESENTATION_CONTEXT(2) 
PARAMETRIC_REPRESENTATION_CONTEXT() REPRESENTATION_CONTEXT('2D SPACE',''
  ) );
#6321 = PCURVE('',#6190,#6322);
#6322 = DEFINITIONAL_REPRESENTATION('',(#6323),#6327);
#6323 = LINE('',#6324,#6325);
#6324 = CARTESIAN_POINT('',(0.,40.));
#6325 = VECTOR('',#6326,1.);
#6326 = DIRECTION('',(1.,0.));
#6327 = ( GEOMETRIC_REPRESENTATION_CONTEXT(2) 
PARAMETRIC_REPRESENTATION_CONTEXT() REPRESENTATION_CONTEXT('2D SPACE',''
  ) );
#6328 = ORIENTED_EDGE('',*,*,#6329,.F.);
#6329 = EDGE_CURVE('',#6281,#6307,#6330,.T.);
#6330 = SURFACE_CURVE('',#6331,(#6335,#6342),.PCURVE_S1.);
#6331 = LINE('',#6332,#6333);
#6332 = CARTESIAN_POINT('',(440.,20.,130.));
#6333 = VECTOR('',#6334,1.);
#6334 = DIRECTION('',(0.,0.,1.));
#6335 = PCURVE('',#5753,#6336);
#6336 = DEFINITIONAL_REPRESENTATION('',(#6337),#6341);
#6337 = LINE('',#6338,#6339);
#6338 = CARTESIAN_POINT('',(0.,20.));
#6339 = VECTOR('',#6340,1.);
#6340 = DIRECTION('',(1.,0.));
#6341 = ( GEOMETRIC_REPRESENTATION_CONTEXT(2) 
PARAMETRIC_REPRESENTATION_CONTEXT() REPRESENTATION_CONTEXT('2D SPACE',''
  ) );
#6342 = PCURVE('',#6216,#6343);
#6343 = DEFINITIONAL_REPRESENTATION('',(#6344),#6348);
#6344 = LINE('',#6345,#6346);
#6345 = CARTESIAN_POINT('',(0.,-40.));
#6346 = VECTOR('',#6347,1.);
#6347 = DIRECTION('',(1.,0.));
#6348 = ( GEOMETRIC_REPRESENTATION_CONTEXT(2) 
PARAMETRIC_REPRESENTATION_CONTEXT() REPRESENTATION_CONTEXT('2D SPACE',''
  ) );
#6349 = ADVANCED_FACE('',(#6350),#5725,.F.);
#6350 = FACE_BOUND('',#6351,.F.);
#6351 = EDGE_LOOP('',(#6352,#6353,#6354,#6375));
#6352 = ORIENTED_EDGE('',*,*,#5709,.F.);
#6353 = ORIENTED_EDGE('',*,*,#6126,.T.);
#6354 = ORIENTED_EDGE('',*,*,#6355,.T.);
#6355 = EDGE_CURVE('',#6127,#6281,#6356,.T.);
#6356 = SURFACE_CURVE('',#6357,(#6361,#6368),.PCURVE_S1.);
#6357 = LINE('',#6358,#6359);
#6358 = CARTESIAN_POINT('',(440.,-20.,130.));
#6359 = VECTOR('',#6360,1.);
#6360 = DIRECTION('',(-0.,1.,0.));
#6361 = PCURVE('',#5725,#6362);
#6362 = DEFINITIONAL_REPRESENTATION('',(#6363),#6367);
#6363 = LINE('',#6364,#6365);
#6364 = CARTESIAN_POINT('',(20.,0.));
#6365 = VECTOR('',#6366,1.);
#6366 = DIRECTION('',(0.,1.));
#6367 = ( GEOMETRIC_REPRESENTATION_CONTEXT(2) 
PARAMETRIC_REPRESENTATION_CONTEXT() REPRESENTATION_CONTEXT('2D SPACE',''
  ) );
#6368 = PCURVE('',#6216,#6369);
#6369 = DEFINITIONAL_REPRESENTATION('',(#6370),#6374);
#6370 = LINE('',#6371,#6372);
#6371 = CARTESIAN_POINT('',(0.,0.));
#6372 = VECTOR('',#6373,1.);
#6373 = DIRECTION('',(0.,-1.));
#6374 = ( GEOMETRIC_REPRESENTATION_CONTEXT(2) 
PARAMETRIC_REPRESENTATION_CONTEXT() REPRESENTATION_CONTEXT('2D SPACE',''
  ) );
#6375 = ORIENTED_EDGE('',*,*,#6280,.F.);
#6376 = ADVANCED_FACE('',(#6377),#6190,.T.);
#6377 = FACE_BOUND('',#6378,.T.);
#6378 = EDGE_LOOP('',(#6379,#6380,#6381,#6402));
#6379 = ORIENTED_EDGE('',*,*,#6232,.F.);
#6380 = ORIENTED_EDGE('',*,*,#6174,.T.);
#6381 = ORIENTED_EDGE('',*,*,#6382,.T.);
#6382 = EDGE_CURVE('',#6175,#6307,#6383,.T.);
#6383 = SURFACE_CURVE('',#6384,(#6388,#6395),.PCURVE_S1.);
#6384 = LINE('',#6385,#6386);
#6385 = CARTESIAN_POINT('',(440.,-20.,134.));
#6386 = VECTOR('',#6387,1.);
#6387 = DIRECTION('',(-0.,1.,0.));
#6388 = PCURVE('',#6190,#6389);
#6389 = DEFINITIONAL_REPRESENTATION('',(#6390),#6394);
#6390 = LINE('',#6391,#6392);
#6391 = CARTESIAN_POINT('',(20.,0.));
#6392 = VECTOR('',#6393,1.);
#6393 = DIRECTION('',(0.,1.));
#6394 = ( GEOMETRIC_REPRESENTATION_CONTEXT(2) 
PARAMETRIC_REPRESENTATION_CONTEXT() REPRESENTATION_CONTEXT('2D SPACE',''
  ) );
#6395 = PCURVE('',#6216,#6396);
#6396 = DEFINITIONAL_REPRESENTATION('',(#6397),#6401);
#6397 = LINE('',#6398,#6399);
#6398 = CARTESIAN_POINT('',(4.,0.));
#6399 = VECTOR('',#6400,1.);
#6400 = DIRECTION('',(0.,-1.));
#6401 = ( GEOMETRIC_REPRESENTATION_CONTEXT(2) 
PARAMETRIC_REPRESENTATION_CONTEXT() REPRESENTATION_CONTEXT('2D SPACE',''
  ) );
#6402 = ORIENTED_EDGE('',*,*,#6306,.F.);
#6403 = ADVANCED_FACE('',(#6404),#6216,.T.);
#6404 = FACE_BOUND('',#6405,.T.);
#6405 = EDGE_LOOP('',(#6406,#6407,#6408,#6409));
#6406 = ORIENTED_EDGE('',*,*,#6202,.F.);
#6407 = ORIENTED_EDGE('',*,*,#6355,.T.);
#6408 = ORIENTED_EDGE('',*,*,#6329,.T.);
#6409 = ORIENTED_EDGE('',*,*,#6382,.F.);
#6410 = ( GEOMETRIC_REPRESENTATION_CONTEXT(3) 
GLOBAL_UNCERTAINTY_ASSIGNED_CONTEXT((#6414)) 
GLOBAL_UNIT_ASSIGNED_CONTEXT((#6411,#6412,#6413)) REPRESENTATION_CONTEXT
('Context #1','3D Context with UNIT and UNCERTAINTY') );
#6411 = ( LENGTH_UNIT() NAMED_UNIT(*) SI_UNIT(.MILLI.,.METRE.) );
#6412 = ( NAMED_UNIT(*) PLANE_ANGLE_UNIT() SI_UNIT($,.RADIAN.) );
#6413 = ( NAMED_UNIT(*) SI_UNIT($,.STERADIAN.) SOLID_ANGLE_UNIT() );
#6414 = UNCERTAINTY_MEASURE_WITH_UNIT(LENGTH_MEASURE(1.E-07),#6411,
  'distance_accuracy_value','confusion accuracy');
#6415 = CONTEXT_DEPENDENT_SHAPE_REPRESENTATION(#6416,#6418);
#6416 = ( REPRESENTATION_RELATIONSHIP('','',#5611,#10) 
REPRESENTATION_RELATIONSHIP_WITH_TRANSFORMATION(#6417) 
SHAPE_REPRESENTATION_RELATIONSHIP() );
#6417 = ITEM_DEFINED_TRANSFORMATION('','',#11,#35);
#6418 = PRODUCT_DEFINITION_SHAPE('Placement','Placement of an item',
  #6419);
#6419 = NEXT_ASSEMBLY_USAGE_OCCURRENCE('133','=>[0:1:1:7]','',#5,#5606,$
  );
#6420 = PRODUCT_RELATED_PRODUCT_CATEGORY('part',$,(#5608));
ENDSEC;
END-ISO-10303-21;
